question_context_similarity,question_answer_similarity,context_answer_similarity,retrieval_relevance,context_response_contradiction,context_response_neutral,context_response_entailment
0.6649718880653381,0.6859732866287231,0.5248070359230042,5.65579891204834,0.9989917874336243,0.0007802279433235526,0.00022798424470238388
0.5377223491668701,0.7835335731506348,0.5245387554168701,1.2926101684570312,0.9987686276435852,0.000930259411688894,0.00030111713567748666
0.6902045607566833,0.6079320907592773,0.7382429838180542,7.42399787902832,0.07332529127597809,0.9185652732849121,0.008109448477625847
0.7465474605560303,0.6847848892211914,0.7756818532943726,5.933673858642578,0.09081180393695831,0.9082037806510925,0.0009843300795182586
0.5042608976364136,0.5518932938575745,0.8071070909500122,1.0308783054351807,0.04398535564541817,0.7373937964439392,0.2186209112405777
0.7419233322143555,0.5469802021980286,0.5418657064437866,6.603415489196777,0.049228500574827194,0.9430993795394897,0.007672024425119162
0.7504576444625854,0.23669461905956268,0.12824746966362,6.914819717407227,0.02164940908551216,0.9557784199714661,0.022572239860892296
0.4927555024623871,0.540759801864624,0.6980136036872864,1.0013821125030518,0.9985554814338684,0.0009947281796485186,0.0004498724010773003
0.6882041692733765,0.4918358325958252,0.6565635204315186,7.01969051361084,0.9963118433952332,0.0030326039995998144,0.0006555520812980831
0.7175322771072388,0.6504748463630676,0.6994436383247375,0.5057964324951172,0.1075102761387825,0.8919241428375244,0.0005655044806189835
0.6564154624938965,0.6134868860244751,0.9327096343040466,-2.553774356842041,0.0010461922502145171,0.0985383465886116,0.9004154801368713
0.7565425634384155,0.7432374954223633,0.7467653155326843,3.1063055992126465,0.07165423035621643,0.9278081059455872,0.0005376299377530813
0.7682170867919922,0.7106202840805054,0.8109619617462158,1.5735609531402588,0.0632374957203865,0.9359973669052124,0.0007650494226254523
0.6795644760131836,0.14465445280075073,0.1969587206840515,5.411277770996094,0.01838478446006775,0.958878755569458,0.022736379876732826
0.5600030422210693,0.4894507825374603,0.47509339451789856,2.6514437198638916,0.9993133544921875,0.0005571116926148534,0.00012954429257661104
0.7178942561149597,0.700851559638977,0.8637303113937378,3.610342025756836,0.011522137559950352,0.2825861871242523,0.7058916687965393
0.6307032108306885,0.6391438245773315,0.9594560861587524,3.999727725982666,0.0029876315966248512,0.2453976571559906,0.7516146898269653
0.5876696109771729,0.6150033473968506,0.8360613584518433,0.4941326975822449,0.010522453114390373,0.7888510823249817,0.2006264626979828
0.7090475559234619,0.6865039467811584,0.9173586368560791,5.544184684753418,0.010909677483141422,0.6839809417724609,0.30510932207107544
0.6626403331756592,0.5926494598388672,0.7145380973815918,7.110405445098877,0.1132776141166687,0.8861875534057617,0.0005348679842427373
0.6582876443862915,0.6906271576881409,0.878129780292511,5.476434707641602,0.01495556253939867,0.5978714227676392,0.38717302680015564
0.7267820835113525,0.6547195315361023,0.7902578115463257,0.478117972612381,0.9978116154670715,0.001433132216334343,0.0007553308387286961
0.80991131067276,0.8145674467086792,0.6933122873306274,5.530012607574463,0.9986334443092346,0.0011119268601760268,0.0002546017349231988
0.720622181892395,0.7352614402770996,0.9316889643669128,1.1246557235717773,0.002338776597753167,0.1278412640094757,0.8698199391365051
0.5867385268211365,0.7516362071037292,0.5653514862060547,4.40678596496582,0.9992000460624695,0.000638247758615762,0.0001617484085727483
0.6575780510902405,0.6886240839958191,0.6901822686195374,6.68817138671875,0.14763513207435608,0.8511009812355042,0.0012638680636882782
0.6425418853759766,0.6628292798995972,0.8944753408432007,3.1464409828186035,0.002306589623913169,0.2201327085494995,0.7775607109069824
0.6895033121109009,0.663496732711792,0.9313012957572937,4.347631454467773,0.000882734137121588,0.10354293882846832,0.8955742716789246
0.6909158825874329,0.5939590930938721,0.8502781391143799,3.973433017730713,0.9996626377105713,0.00017511491023469716,0.0001623569114599377
0.7062702178955078,0.06737731397151947,0.03160102665424347,3.347970962524414,0.025386767461895943,0.9574659466743469,0.017147313803434372
0.63605797290802,0.6290113925933838,0.8147287368774414,4.300411224365234,0.02048562653362751,0.6197661757469177,0.3597482144832611
0.5692096948623657,0.569778323173523,0.7724838256835938,3.774125814437866,0.021638937294483185,0.977912187576294,0.00044879698543809354
0.7067562341690063,0.5849354863166809,0.5683872699737549,1.6198649406433105,0.04163707047700882,0.9502956867218018,0.008067134767770767
0.5335879921913147,0.5183308720588684,0.7430043816566467,4.485649585723877,0.08583273738622665,0.899412989616394,0.01475431676954031
0.5784633159637451,0.6602423191070557,0.6493877172470093,0.8881745338439941,0.6928135752677917,0.3048342168331146,0.002352230018004775
0.7039781808853149,0.7754012942314148,0.8705011010169983,-0.19285356998443604,0.0035595339722931385,0.19960744678974152,0.7968330383300781
0.6723423004150391,0.6757422685623169,0.7936305403709412,3.6990394592285156,0.9994540810585022,0.00028191498131491244,0.0002640500315465033
0.7320594191551208,0.656739354133606,0.7434766292572021,6.961665153503418,0.9994688630104065,0.00028295183437876403,0.0002481617557350546
0.5591633319854736,0.559349775314331,0.7571734189987183,3.1637115478515625,0.11175205558538437,0.8867570161819458,0.0014908912125974894
0.6011534929275513,0.3568861484527588,0.10746955126523972,-0.5950742959976196,0.015818631276488304,0.9595313668251038,0.024650024250149727
0.6770049333572388,0.7466091513633728,0.8575189113616943,2.9520726203918457,0.024740424007177353,0.4532201588153839,0.5220394134521484
0.7487941384315491,0.26194247603416443,0.08581682294607162,3.1286306381225586,0.022547617554664612,0.9537100791931152,0.023742228746414185
0.5790971517562866,0.5161673426628113,0.7591774463653564,-2.6379289627075195,0.10754727572202682,0.8867332339286804,0.005719444248825312
0.5277281999588013,0.5909374952316284,0.7876331806182861,-0.4970547556877136,0.1398761123418808,0.7590684294700623,0.10105550289154053
0.7285468578338623,0.7333724498748779,0.9336695075035095,4.037045001983643,0.008116886019706726,0.2580455243587494,0.7338376045227051
0.672400712966919,0.6353970170021057,0.9138659834861755,2.0538170337677,0.0035174773074686527,0.5615131855010986,0.43496930599212646
0.7075954675674438,0.6848754286766052,0.8082734942436218,4.030966758728027,0.01935717649757862,0.6655229330062866,0.3151198923587799
0.4993215799331665,0.5926203727722168,0.45821142196655273,-2.7824668884277344,0.9989380240440369,0.0009568389505147934,0.0001050915161613375
0.60093092918396,0.6749376654624939,0.8381438255310059,-0.801006555557251,0.17939217388629913,0.5481502413749695,0.2724575996398926
0.6839655637741089,0.7559548020362854,0.8634516000747681,4.866708755493164,0.01629570685327053,0.8771268725395203,0.10657742619514465
0.5848739147186279,0.7990652918815613,0.5704144239425659,3.1355650424957275,0.9993618130683899,0.0004886037786491215,0.00014965627633500844
0.5971800088882446,0.6775689125061035,0.8623600006103516,-2.946648597717285,0.015314459800720215,0.22453269362449646,0.7601528167724609
0.6444734334945679,0.5522029995918274,0.6976343393325806,7.918209075927734,0.04638361558318138,0.9529862403869629,0.0006302116671577096
0.6649701595306396,0.6240319013595581,0.8481752872467041,2.3379364013671875,0.06470497697591782,0.7439810037612915,0.19131401181221008
0.6562488079071045,0.325696736574173,0.0856132060289383,-3.426307439804077,0.01620517112314701,0.9715984463691711,0.012196306139230728
0.5856575965881348,0.5070793032646179,0.7656370997428894,0.7448002696037292,0.9990788698196411,0.0005990375066176057,0.00032209992059506476
0.6780996322631836,0.6806235313415527,0.7262452840805054,3.354252576828003,0.029623933136463165,0.37947171926498413,0.5909043550491333
0.5288068056106567,0.5865380764007568,0.9123581647872925,3.9529922008514404,0.0011024530977010727,0.05203619971871376,0.9468613266944885
0.7697104215621948,0.7261543273925781,0.8942275047302246,5.852405071258545,0.0032706717029213905,0.3083168566226959,0.6884124875068665
0.5809260606765747,0.5249345302581787,0.671885073184967,-0.7246466875076294,0.03732987493276596,0.9561511874198914,0.006518979091197252
0.8199334740638733,0.7446861267089844,0.8081688284873962,8.106407165527344,0.18996216356754303,0.8094862699508667,0.000551578588783741
0.6317347288131714,0.6913006901741028,0.7530685067176819,0.7568752765655518,0.1061120331287384,0.8931904435157776,0.0006975068827159703
0.5598273873329163,0.5634261965751648,0.9416195154190063,4.430352687835693,0.002078610472381115,0.20504558086395264,0.7928757667541504
0.8408298492431641,0.8033775091171265,0.7818375825881958,3.0676705837249756,0.09485270082950592,0.9046291708946228,0.0005181999295018613
0.710970401763916,0.5748799443244934,0.6898605823516846,4.366342544555664,0.029277080669999123,0.9628709554672241,0.007851951755583286
0.6664589643478394,0.6853476166725159,0.835228443145752,2.25974178314209,0.37961676716804504,0.5235682129859924,0.0968150794506073
0.5652052760124207,0.10626578330993652,0.14195123314857483,4.576272964477539,0.3866572380065918,0.5772929787635803,0.03604976087808609
0.6829023361206055,0.6727402210235596,0.6244213581085205,2.170850992202759,0.08007849752902985,0.8951256275177002,0.024795932695269585
0.6787711977958679,0.7730268239974976,0.617870569229126,4.317798137664795,0.9972167015075684,0.002734288340434432,4.896351310890168e-05
0.6884183883666992,0.6535763740539551,0.723010778427124,4.374066352844238,0.999559223651886,0.00025555031606927514,0.0001851828274084255
0.7127634286880493,0.25295400619506836,0.1605527400970459,4.891510009765625,0.057902343571186066,0.9163561463356018,0.025741536170244217
0.7028177380561829,0.6368388533592224,0.7390196919441223,8.016284942626953,0.9989938139915466,0.00046682675019837916,0.0005393822793848813
0.5829375982284546,0.673762321472168,0.7427059412002563,1.1360607147216797,0.9981343150138855,0.001201014150865376,0.0006646550027653575
0.5971786975860596,0.5081425309181213,0.7524117231369019,1.0219759941101074,0.9901278614997864,0.009138389490544796,0.0007336916751228273
0.7301273345947266,0.7223796844482422,0.8839220404624939,4.806804656982422,0.07404037564992905,0.5123726725578308,0.4135870039463043
0.5933375358581543,0.6088008880615234,0.8034703731536865,-2.5226311683654785,0.9975377321243286,0.0015674264868721366,0.0008947853348217905
0.5271661281585693,0.10066120326519012,0.018873870372772217,-1.0848023891448975,0.020199045538902283,0.9551723003387451,0.02462862618267536
0.7261414527893066,0.14862263202667236,0.03516598790884018,7.466207504272461,0.02088295668363571,0.9609596729278564,0.018157312646508217
0.5827080011367798,0.5615826845169067,0.9301605224609375,-2.693638324737549,0.021056972444057465,0.38395076990127563,0.5949922800064087
0.6179060339927673,0.5901397466659546,0.45017486810684204,4.376198768615723,0.9994364380836487,0.0004183727432973683,0.0001451339339837432
0.6485254764556885,0.1506367325782776,0.10836329311132431,0.06240716576576233,0.09563151001930237,0.8854788541793823,0.01888960972428322
0.6662955284118652,0.5179882049560547,0.6245192289352417,3.444150447845459,0.02885623276233673,0.9618036150932312,0.009340086951851845
0.5876672863960266,0.5656595826148987,0.6141914129257202,1.6998271942138672,0.9993324875831604,0.0006108589586801827,5.655626955558546e-05
0.5390318036079407,0.6107487678527832,0.8274388313293457,-2.5623631477355957,0.016702454537153244,0.3401769995689392,0.643120527267456
0.6784220337867737,0.5317922830581665,0.6875519752502441,4.742033958435059,0.035536989569664,0.9638681411743164,0.0005948968464508653
0.7723907232284546,0.7283331751823425,0.8080348968505859,3.2377991676330566,0.999560534954071,0.00026404569507576525,0.00017534632934257388
0.637535810470581,0.6371116042137146,0.736556887626648,-3.5443944931030273,0.060055870562791824,0.8696446418762207,0.07029949128627777
0.7511974573135376,0.7950789928436279,0.8581838607788086,5.984109878540039,0.024857209995388985,0.5529348254203796,0.4222079813480377
0.7291831374168396,0.7154386639595032,0.8513754606246948,3.9115867614746094,0.9994663596153259,0.0003157324972562492,0.00021794236090499908
0.665333092212677,0.6950927376747131,0.9568116068840027,5.518965721130371,0.0022273114882409573,0.08737850189208984,0.9103941917419434
0.5698906779289246,0.44323140382766724,0.6809208393096924,3.144808292388916,0.04891181364655495,0.9343756437301636,0.01671251468360424
0.6805195808410645,0.6453137397766113,0.7106127738952637,1.310611605644226,0.055366404354572296,0.9439751505851746,0.0006584514048881829
0.6941301226615906,0.31364905834198,0.5107222199440002,6.923842430114746,0.0416109524667263,0.9538390636444092,0.004549948964267969
0.7207896709442139,0.18298420310020447,0.19624583423137665,0.7805808782577515,0.221677765250206,0.7490147352218628,0.029307536780834198
0.6986897587776184,0.5822170972824097,0.773238480091095,-1.1222116947174072,0.04360753297805786,0.9559810161590576,0.00041146311559714377
0.6908560991287231,0.7677820324897766,0.5962697267532349,-0.28967535495758057,0.9995635151863098,0.00037848835927434266,5.8040604926645756e-05
0.7094001770019531,0.7255145907402039,0.5965429544448853,7.340507984161377,0.9976256489753723,0.0021406766027212143,0.00023365265224128962
0.7003296613693237,0.7212992310523987,0.8095701336860657,0.2681027352809906,0.10406100004911423,0.673325777053833,0.22261320054531097
0.6673212051391602,0.19922733306884766,0.07874970883131027,-2.751753568649292,0.022424746304750443,0.9526802897453308,0.024894922971725464
0.6164298057556152,0.5139816999435425,0.7160512208938599,5.561709403991699,0.04846220463514328,0.9509633183479309,0.0005744977970607579
0.7275425791740417,0.8356887102127075,0.6417438387870789,6.49575138092041,0.9987702965736389,0.0009421693976037204,0.0002875017235055566
0.6883193254470825,0.7665153741836548,0.7708315253257751,2.842892646789551,0.03159398213028908,0.7670619487762451,0.20134399831295013
0.558714747428894,0.547154426574707,0.6617529392242432,0.10858828574419022,0.05892464891076088,0.6936260461807251,0.24744926393032074
0.6103428602218628,0.6847959756851196,0.4450437128543854,-1.780874490737915,0.9974579215049744,0.0017221535090357065,0.000819925859104842
0.6498463153839111,0.571914792060852,0.7127582430839539,4.609265327453613,0.9989268183708191,0.0007309060310944915,0.0003422435256652534
0.7567852735519409,0.7159186005592346,0.7769980430603027,8.219058990478516,0.02983158268034458,0.9697400331497192,0.0004284409515094012
0.6385279297828674,0.7372413873672485,0.7684105634689331,3.4636640548706055,0.013480029068887234,0.43296149373054504,0.5535584688186646
0.7279457449913025,0.6996760368347168,0.5168837308883667,7.099547386169434,0.9986697435379028,0.0011967532336711884,0.00013357431453187019
0.6965427994728088,0.6145621538162231,0.6328341960906982,3.297281265258789,0.04052603989839554,0.9490262269973755,0.010447714477777481
0.8545242547988892,0.851844310760498,0.875157356262207,6.370190620422363,0.009173299185931683,0.6373850703239441,0.35344162583351135
0.6007697582244873,0.5676179528236389,0.6589909195899963,5.820527076721191,0.37446609139442444,0.5939880609512329,0.031545836478471756
0.7312331199645996,0.5677234530448914,0.7227141857147217,4.086644172668457,0.011514198035001755,0.9846887588500977,0.0037970340345054865
0.8275193572044373,0.805791974067688,0.9431366920471191,5.535340785980225,0.0034689863678067923,0.3510580062866211,0.6454730033874512
0.5875053405761719,0.7572911977767944,0.5126730799674988,1.063232183456421,0.9991276860237122,0.0006373616051860154,0.00023496535141021013
0.670960545539856,0.7342184782028198,0.5108695030212402,1.68080472946167,0.998273491859436,0.001547718420624733,0.00017871626187115908
0.6984788179397583,0.5823841094970703,0.824345588684082,6.062751293182373,0.03037606179714203,0.4408964514732361,0.5287274718284607
0.6220484375953674,0.6450033187866211,0.7707710862159729,2.660861015319824,0.9991216063499451,0.0004343259206507355,0.00044404275831766427
0.716820240020752,0.8326080441474915,0.6723014712333679,2.7118477821350098,0.997671902179718,0.002109054010361433,0.00021901994477957487
0.6830174326896667,0.6280065774917603,0.740639865398407,6.454689979553223,0.9989913105964661,0.0006688854773528874,0.00033977930434048176
0.720540463924408,0.6181989908218384,0.7666954398155212,2.1515283584594727,0.037808969616889954,0.9589828848838806,0.0032081552781164646
0.6735082268714905,0.5485537648200989,0.6168564558029175,1.4063959121704102,0.03263091295957565,0.9620153903961182,0.005353630054742098
0.7926839590072632,0.6029589772224426,0.5748075842857361,3.5948028564453125,0.022093387320637703,0.9695299863815308,0.008376671001315117
0.7516798973083496,0.17848147451877594,0.2281535267829895,6.321722030639648,0.026428082957863808,0.953919529914856,0.019652457907795906
0.7600260972976685,0.7087799906730652,0.9275203943252563,3.884777784347534,0.004854768048971891,0.3244520425796509,0.6706932187080383
0.5490672588348389,0.5079168677330017,0.9010714292526245,2.2808573246002197,0.0035647116601467133,0.1780073195695877,0.8184279203414917
0.632723331451416,0.6978195905685425,0.805657684803009,3.592081069946289,0.020212186500430107,0.7428539395332336,0.2369339019060135
0.5850223302841187,0.7193311452865601,0.4652796983718872,4.028711795806885,0.9983882904052734,0.0014853151515126228,0.0001263936865143478
0.6738801002502441,0.7004542946815491,0.8150912523269653,5.528439044952393,0.9991816878318787,0.00041385117219761014,0.0004045522364322096
0.702666163444519,0.7162013053894043,0.7772946357727051,4.870438575744629,0.022454820573329926,0.3287345767021179,0.648810625076294
0.7744314670562744,0.8345329761505127,0.879802942276001,5.8239240646362305,0.0014491984620690346,0.06393159925937653,0.9346191883087158
0.7189326286315918,0.7196033596992493,0.6273334622383118,8.003421783447266,0.9994621872901917,0.0003521259350236505,0.0001857583993114531
0.5889483690261841,0.4904980957508087,0.7213149666786194,3.7638132572174072,0.0334705151617527,0.9662670493125916,0.0002623967011459172
0.5895559787750244,0.6482316255569458,0.745398759841919,4.335899353027344,0.0637054517865181,0.2856968939304352,0.6505976319313049
0.7045817375183105,0.052100539207458496,0.13978204131126404,4.366938591003418,0.022361773997545242,0.9646396636962891,0.01299853902310133
0.659622311592102,0.6725393533706665,0.8566148281097412,2.5466580390930176,0.06431802362203598,0.8228245377540588,0.11285747587680817
0.7320717573165894,0.7597308158874512,0.8940171003341675,0.7763804793357849,0.03352393954992294,0.3852500319480896,0.5812260508537292
0.5130891799926758,0.8023189902305603,0.5042524933815002,3.123472213745117,0.9994046688079834,0.0004963490646332502,9.906233026413247e-05
0.7133215665817261,0.7707899212837219,0.6025209426879883,5.562899589538574,0.9995331764221191,0.0003842993755824864,8.255696593550965e-05
0.7612389326095581,0.7096361517906189,0.8892425298690796,4.125016689300537,0.03199395537376404,0.7033606171607971,0.26464536786079407
0.6861631870269775,0.06053032726049423,0.06377040594816208,0.8497962951660156,0.012295033782720566,0.9678484797477722,0.019856514409184456
0.7505568265914917,0.6882978677749634,0.9000543355941772,4.866908073425293,0.00811333954334259,0.8021776676177979,0.18970887362957
0.7124559879302979,0.6496431827545166,0.8147293329238892,6.470571517944336,0.9995124340057373,0.0002915607765316963,0.00019596055790316314
0.5956147909164429,0.7552571296691895,0.5684525966644287,5.23558235168457,0.9966880679130554,0.002537635387852788,0.0007743378519080579
0.7839936017990112,0.7373549342155457,0.6001618504524231,6.520740509033203,0.9988775849342346,0.0009668751736171544,0.0001555616472614929
0.7714623212814331,0.7244551181793213,0.8947104215621948,7.178281784057617,0.0314580537378788,0.47674232721328735,0.49179959297180176
0.6495330333709717,0.7128826379776001,0.8225920796394348,4.032418251037598,0.05023214593529701,0.8045475482940674,0.14522024989128113
0.5956006646156311,0.6012336611747742,0.7179009914398193,-0.09612467885017395,0.06659440696239471,0.9327753186225891,0.0006302910041995347
0.6011357307434082,0.5485537648200989,0.6440839767456055,1.5853153467178345,0.03967953845858574,0.9501863718032837,0.01013418473303318
0.691893458366394,0.6596088409423828,0.9044613242149353,0.6789664030075073,0.001738114282488823,0.07937275618314743,0.9188891649246216
0.6272764801979065,0.5113633275032043,0.6573224663734436,-1.1836628913879395,0.3189532160758972,0.6453592777252197,0.035687509924173355
0.7159283757209778,0.5977464318275452,0.761057436466217,4.648648262023926,0.05580601096153259,0.9433750510215759,0.0008188836509361863
0.6752705574035645,0.6747292280197144,0.9388115406036377,1.5958971977233887,0.0031899851746857166,0.16097255051136017,0.8358374834060669
0.6004824042320251,0.11836116015911102,0.1737997829914093,4.085578441619873,0.019541913643479347,0.9587697386741638,0.021688329055905342
0.6084851026535034,0.7443206310272217,0.7874807715415955,3.701181173324585,0.01597842574119568,0.361684113740921,0.6223374605178833
0.6729025840759277,0.7039945125579834,0.9455513954162598,3.061741828918457,0.0019117812626063824,0.21673046052455902,0.7813577055931091
0.7095428109169006,0.559107780456543,0.6724139451980591,2.8562428951263428,0.9995362758636475,0.00026111898478120565,0.00020264199702069163
0.6186812520027161,0.6940209269523621,0.8397650718688965,0.3980241119861603,0.024950414896011353,0.31991150975227356,0.6551380753517151
0.7125782370567322,0.6831706166267395,0.9198511838912964,4.527159690856934,0.003471095347777009,0.1997707039117813,0.7967581748962402
0.598162055015564,0.6537102460861206,0.903102695941925,3.6379761695861816,0.0009002041188068688,0.06432057917118073,0.9347792267799377
0.6166253089904785,0.6343370676040649,0.7732983827590942,2.3729403018951416,0.9979238510131836,0.001313986605964601,0.0007621615077368915
0.6693826913833618,0.5794982314109802,0.6947348117828369,4.521158218383789,0.6850731372833252,0.2872742712497711,0.027652636170387268
0.6437289714813232,0.65852290391922,0.9322514533996582,3.673868179321289,0.0020021230448037386,0.10151772946119308,0.8964802026748657
0.7218841314315796,0.17855243384838104,0.16548044979572296,5.147778511047363,0.015258263796567917,0.9661465287208557,0.01859516091644764
0.670442521572113,0.48035740852355957,0.6227725744247437,2.686558723449707,0.018937479704618454,0.9726254940032959,0.008437029086053371
0.6396418809890747,0.0999075174331665,0.06623556464910507,-0.3384625017642975,0.13367845118045807,0.8494548797607422,0.016866616904735565
0.49225670099258423,0.4838232100009918,0.747100830078125,-0.15831229090690613,0.6484176516532898,0.3506685495376587,0.0009137889137491584
0.6931679248809814,0.6814320087432861,0.825871467590332,2.6345670223236084,0.9995365142822266,0.00023858106578700244,0.0002249149838462472
0.612503707408905,0.1470949649810791,0.04122888669371605,1.210161566734314,0.030419187620282173,0.9603097438812256,0.009271097369492054
0.7387312054634094,0.6792076826095581,0.8704359531402588,0.22021174430847168,0.022281428799033165,0.33866727352142334,0.6390513181686401
0.7647100687026978,0.5526121854782104,0.6410291194915771,1.423842191696167,0.031617697328329086,0.9603337049484253,0.008048554882407188
0.7191005945205688,0.7087715864181519,0.7849339842796326,2.0667223930358887,0.9995718598365784,0.00021501447190530598,0.0002131866494892165
0.7685151696205139,0.15273460745811462,0.16243696212768555,6.709683418273926,0.9028657674789429,0.09273969382047653,0.004394492134451866
0.7550780773162842,0.6447522044181824,0.7643343210220337,4.842926979064941,0.0947299599647522,0.9046884775161743,0.0005816060001961887
0.7504568099975586,0.71732497215271,0.9030417203903198,5.9037675857543945,0.0015482205199077725,0.09476279467344284,0.9036890268325806
0.6812206506729126,0.6465907692909241,0.9545196294784546,1.2332592010498047,0.0020700630266219378,0.2842200994491577,0.713709831237793
0.7446918487548828,0.773433268070221,0.9348843097686768,6.9664106369018555,0.0009977283189073205,0.15239018201828003,0.8466121554374695
0.7081671953201294,0.7354189157485962,0.7924182415008545,7.688167095184326,0.270786851644516,0.6602588295936584,0.06895431131124496
0.5583395957946777,0.1014104038476944,0.20026162266731262,5.487102508544922,0.04081513732671738,0.9276072978973389,0.03157758712768555
0.7908772230148315,0.7034762501716614,0.5322465896606445,5.46015739440918,0.9978703260421753,0.0019549408461898565,0.00017478427616879344
0.6013368368148804,0.6701271533966064,0.8492364287376404,3.128883123397827,0.15437892079353333,0.36939775943756104,0.47622331976890564
0.5329228043556213,0.7381119728088379,0.5106443166732788,-2.84501314163208,0.9995213747024536,0.00032801053021103144,0.0001505637919763103
0.5058730244636536,0.5641812086105347,0.7471598386764526,-1.2653391361236572,0.9994932413101196,0.00029530495521612465,0.0002114309318130836
0.6175378561019897,0.5106675624847412,0.6181162595748901,1.2374389171600342,0.0412050262093544,0.9581968188285828,0.0005981321446597576
0.6969537138938904,0.7293945550918579,0.5469520092010498,6.4708380699157715,0.9988493919372559,0.0010189467575401068,0.00013164720439817756
0.6466313600540161,0.6986373066902161,0.8164175748825073,5.658878326416016,0.041342802345752716,0.910651683807373,0.048005517572164536
0.5575527548789978,0.1171170175075531,0.08895251899957657,-0.6443407535552979,0.22075717151165009,0.7404277324676514,0.03881512209773064
0.6971834897994995,0.6953839063644409,0.9546250104904175,5.033403396606445,0.002612208016216755,0.23725824058055878,0.7601295709609985
0.7823803424835205,0.19912558794021606,0.12318611890077591,1.5912277698516846,0.011051440611481667,0.9732617139816284,0.015686815604567528
0.5532015562057495,0.6476839780807495,0.4128260314464569,0.15644121170043945,0.9994004964828491,0.0004546304699033499,0.0001448313269065693
0.6317178010940552,0.6714538335800171,0.7701070308685303,3.506415367126465,0.038288041949272156,0.702441394329071,0.2592705488204956
0.7574188113212585,0.7723389863967896,0.8682863712310791,0.9990795850753784,0.03390495479106903,0.5096410512924194,0.45645397901535034
0.6323599815368652,0.5689992904663086,0.7011386156082153,0.5426785945892334,0.032617539167404175,0.9668365120887756,0.0005459357635118067
0.5834046006202698,0.5944926142692566,0.7439864277839661,2.667515993118286,0.9988808035850525,0.0006724355043843389,0.00044682316365651786
0.5930463075637817,0.16523133218288422,0.16388580203056335,4.258591651916504,0.025855379179120064,0.9427571892738342,0.03138743340969086
0.6112196445465088,0.15137819945812225,0.13064590096473694,4.702141761779785,0.625914454460144,0.35595372319221497,0.01813185214996338
0.6867528557777405,0.6545105576515198,0.7562727332115173,3.038142681121826,0.9993451237678528,0.0004060865903738886,0.000248761527473107
0.588886022567749,0.6162145137786865,0.4846588671207428,1.1773228645324707,0.9989103078842163,0.0009449120843783021,0.00014479245874099433
0.7437623739242554,0.6656070351600647,0.8705551624298096,4.61026668548584,0.9976112842559814,0.0018886280013248324,0.000500036752782762
0.6198949813842773,0.6389683485031128,0.7539759874343872,5.313261985778809,0.08997613191604614,0.9095168709754944,0.0005069752805866301
0.7265488505363464,0.5955550670623779,0.7627338171005249,6.807332992553711,0.9995385408401489,0.0002620335726533085,0.00019949582929257303
0.7111119627952576,0.6576009392738342,0.8237963914871216,1.1272391080856323,0.9995012283325195,0.00027678607148118317,0.00022202028776519
0.6121953725814819,0.7143186330795288,0.8211038112640381,3.768054485321045,0.02142495848238468,0.6028925180435181,0.37568244338035583
0.6030896306037903,0.5167723298072815,0.7202173471450806,5.249689102172852,0.06362826377153397,0.9356168508529663,0.0007549065048806369
0.5297055840492249,0.5090263485908508,0.9252065420150757,-2.699526309967041,0.00648800702765584,0.3577447831630707,0.6357671618461609
0.7176038026809692,0.7197044491767883,0.6102410554885864,4.378747463226318,0.9991157650947571,0.0006195001187734306,0.0002647717483341694
0.6668713092803955,0.6817115545272827,0.7804322838783264,4.674952983856201,0.028849387541413307,0.9707008004188538,0.00044974853517487645
0.6975603699684143,0.6762712001800537,0.9493160247802734,3.414975166320801,0.0013865178916603327,0.09812159091234207,0.9004918932914734
0.615253210067749,0.557236909866333,0.5137304067611694,0.41182494163513184,0.999122679233551,0.0006794758955948055,0.00019778305431827903
0.5568376779556274,0.7307296991348267,0.4335267245769501,-0.24050863087177277,0.9993834495544434,0.0003670195583254099,0.0002494290820322931
0.7277339696884155,0.6088047027587891,0.7302326560020447,8.036382675170898,0.48554688692092896,0.49130573868751526,0.02314736135303974
0.5622369050979614,0.5008897185325623,0.7297530174255371,6.154468536376953,0.9937107563018799,0.0048025427386164665,0.0014867079444229603
0.6362151503562927,0.5709142088890076,0.770915150642395,2.1882410049438477,0.9990825653076172,0.0007010212284512818,0.00021645912784151733
0.762797474861145,0.6686970591545105,0.8134170770645142,5.903997421264648,0.9974551796913147,0.0015744230477139354,0.000970356457401067
0.6864892840385437,0.5782867670059204,0.8183245062828064,4.908599853515625,0.03908732160925865,0.9604629874229431,0.00044957749196328223
0.7009103298187256,0.14151719212532043,0.12261272966861725,5.856925010681152,0.014084982685744762,0.9573546051979065,0.028560344129800797
0.7313072681427002,0.7983529567718506,0.6453026533126831,0.05606621503829956,0.9994779229164124,0.00034734533983282745,0.00017474859487265348
0.6494871377944946,0.17716145515441895,0.11944368481636047,1.7568235397338867,0.48458823561668396,0.4860248565673828,0.02938695251941681
0.7080569267272949,0.6786126494407654,0.8525820970535278,2.721369743347168,0.1579791009426117,0.7863083481788635,0.055712535977363586
0.8140998482704163,0.7626814842224121,0.8200346231460571,8.15191650390625,0.9995242357254028,0.0002883213455788791,0.00018738540529739112
0.5936142206192017,0.7004663944244385,0.7659686207771301,4.782549858093262,0.04585922881960869,0.7895863652229309,0.1645543873310089
0.655142068862915,0.6656771898269653,0.7497600317001343,2.525170087814331,0.022632235661149025,0.745172381401062,0.2321954369544983
0.6199327707290649,0.5287967920303345,0.650164008140564,0.45411941409111023,0.034651659429073334,0.9584532380104065,0.006895208265632391
0.7734696865081787,0.6946642994880676,0.772826611995697,6.024395942687988,0.05873529985547066,0.9406062960624695,0.000658447970636189
0.6107257008552551,0.6456048488616943,0.8215893507003784,3.328516960144043,0.0007142931572161615,0.053983476012945175,0.9453021883964539
0.7229182720184326,0.6965122222900391,0.7702512741088867,7.437067031860352,0.06832773983478546,0.9309818148612976,0.0006903632311150432
0.638808012008667,0.6091161370277405,0.5179561376571655,5.055706024169922,0.999264657497406,0.0005767101538367569,0.0001586831349413842
0.7034714818000793,0.7693232893943787,0.7822471857070923,5.062508583068848,0.03319249674677849,0.5147624015808105,0.4520450532436371
0.7655143737792969,0.7630628347396851,0.7375677824020386,6.040888786315918,0.029518824070692062,0.9700165390968323,0.00046461893361993134
0.7121977806091309,0.6857950687408447,0.7873257994651794,3.5786032676696777,0.0975230485200882,0.7391940355300903,0.16328294575214386
0.6602769494056702,0.6591235399246216,0.691134512424469,-3.727180004119873,0.034176163375377655,0.9651363492012024,0.00068749237107113
0.6757254600524902,0.6415887475013733,0.7261003255844116,4.791367530822754,0.01353700552135706,0.9861454963684082,0.00031747756293043494
0.6859292984008789,0.7511329650878906,0.8142659664154053,4.40174674987793,0.024991612881422043,0.5371538996696472,0.437854528427124
0.6517869234085083,0.6420679092407227,0.868232011795044,0.273730993270874,0.007766223978251219,0.7341359257698059,0.2580978274345398
0.6494044661521912,0.7330520153045654,0.715998113155365,6.216245651245117,0.9989258646965027,0.0006227748235687613,0.00045133731327950954
0.6812565922737122,0.7679530382156372,0.7869820594787598,3.5644383430480957,0.08789065480232239,0.7441982626914978,0.1679111272096634
0.6706016659736633,0.6204599142074585,0.8744347095489502,5.564695358276367,0.0013690742198377848,0.18332146108150482,0.815309464931488
0.6470466256141663,0.16057655215263367,0.13752132654190063,2.8302488327026367,0.6848887801170349,0.2988854646682739,0.016225814819335938
0.6381016373634338,0.7419450283050537,0.5938888788223267,2.2978224754333496,0.998814582824707,0.0010123858228325844,0.00017302724882028997
0.6779590249061584,0.6871758103370667,0.797804594039917,2.271050214767456,0.026672031730413437,0.8383898735046387,0.1349380612373352
0.7170387506484985,0.6437454223632812,0.7989935874938965,6.616377830505371,0.9989286065101624,0.0006752681219950318,0.00039601747994311154
0.6701037883758545,0.6780432462692261,0.9164124131202698,3.4624428749084473,0.005769968032836914,0.2427370846271515,0.751492977142334
0.6118271350860596,0.5735906362533569,0.6582533121109009,3.8978168964385986,0.042744267731904984,0.9494697451591492,0.00778588792309165
0.5018478631973267,0.5868244171142578,0.755500316619873,0.5217804312705994,0.9982522130012512,0.0010448236716911197,0.0007029303815215826
0.6408522129058838,0.6672548055648804,0.7456086874008179,4.293556213378906,0.006178821437060833,0.9935120940208435,0.0003091292455792427
0.6518046855926514,0.653751015663147,0.7206903696060181,3.847456693649292,0.0543106310069561,0.9452828168869019,0.00040653409087099135
0.7268285751342773,0.728355884552002,0.6861642599105835,1.6759055852890015,0.50371915102005,0.47050172090530396,0.025779154151678085
0.5497193336486816,0.6093634366989136,0.8663771748542786,3.557567596435547,0.0010557097848504782,0.0808984786272049,0.9180458188056946
0.6845542788505554,0.7335468530654907,0.7170015573501587,7.2624006271362305,0.00878947228193283,0.3126666247844696,0.6785439252853394
0.7121706008911133,0.7435023784637451,0.8634696006774902,4.292214393615723,0.03128119558095932,0.5481976866722107,0.4205211102962494
0.43724584579467773,0.4909147322177887,0.7241800427436829,-0.14547938108444214,0.9988788962364197,0.0006895808037370443,0.00043151871068403125
0.5665670037269592,0.6642583012580872,0.5089429616928101,-3.617948055267334,0.9988310933113098,0.0010486477985978127,0.00012024910392938182
0.7116738557815552,0.7029616236686707,0.9393900036811829,3.209442377090454,0.007650820072740316,0.2848064601421356,0.7075427174568176
0.649917483329773,0.5552430152893066,0.8143888711929321,4.053462982177734,0.021970152854919434,0.9775878190994263,0.00044205746962688863
0.4816109538078308,0.23979271948337555,0.09386400133371353,-5.995090484619141,0.03610294684767723,0.9436526894569397,0.020244436338543892
0.5892704129219055,0.7437142133712769,0.6735581755638123,-3.6129603385925293,0.0437982976436615,0.878275454044342,0.07792633771896362
0.7012643814086914,0.6983617544174194,0.9047520756721497,3.4988551139831543,0.04274711385369301,0.6367106437683105,0.3205421566963196
0.7179043292999268,0.651259183883667,0.8567177653312683,-0.5061121582984924,0.020191065967082977,0.5280377268791199,0.45177119970321655
0.46433860063552856,0.4678080379962921,0.6887245774269104,-2.9814610481262207,0.10191123187541962,0.8973625302314758,0.0007262108847498894
0.6183675527572632,0.4830334782600403,0.5003143548965454,4.5680975914001465,0.016508013010025024,0.9782111048698425,0.005280858837068081
0.5730700492858887,0.022098924964666367,0.17538759112358093,4.812572002410889,0.02495970018208027,0.956378698348999,0.018661608919501305
0.6748334765434265,0.6778263449668884,0.7026737928390503,6.971307277679443,0.04946058988571167,0.949929416179657,0.0006100731552578509
0.8018872737884521,0.06381388008594513,0.08797189593315125,5.545332908630371,0.05299277603626251,0.9271453619003296,0.019861873239278793
0.6014170050621033,0.5537765622138977,0.7367122769355774,5.274355411529541,0.9985585808753967,0.0009592165006324649,0.00048217878793366253
0.6788181066513062,0.5234506130218506,0.5588624477386475,4.050647735595703,0.029312117025256157,0.9596758484840393,0.011012057773768902
0.48226097226142883,0.42182862758636475,0.9117127656936646,0.47159385681152344,0.003863504622131586,0.27250921726226807,0.7236272692680359
0.6229777336120605,0.6380864381790161,0.6562873125076294,5.011758804321289,0.13993941247463226,0.8589023351669312,0.0011582322185859084
0.707145094871521,0.19257065653800964,0.16059015691280365,1.2540886402130127,0.0339752621948719,0.9518747925758362,0.014149859547615051
0.8456210494041443,0.6810791492462158,0.6608269214630127,4.495613098144531,0.03035098873078823,0.9591057300567627,0.010543362237513065
0.7219554781913757,0.558729887008667,0.7545225620269775,6.151890277862549,0.22980333864688873,0.7375813722610474,0.032615259289741516
0.5674883127212524,0.7168200016021729,0.4178006649017334,0.5943970680236816,0.9349169731140137,0.06415821611881256,0.0009248080896213651
0.587475061416626,0.48408856987953186,0.6892755031585693,-3.9372072219848633,0.4639846086502075,0.512684166431427,0.023331185802817345
0.5836136341094971,0.5617703795433044,0.6373892426490784,5.32978630065918,0.05738413706421852,0.9419229030609131,0.0006929408991709352
0.6697616577148438,0.5323200225830078,0.725863516330719,6.059101581573486,0.05012791231274605,0.9445595741271973,0.005312476307153702
0.7497189044952393,0.790671706199646,0.9372000098228455,3.798362970352173,0.0017517576925456524,0.24940966069698334,0.7488385438919067
0.7777908444404602,0.7330665588378906,0.8719944953918457,1.52949059009552,0.12853465974330902,0.7580040097236633,0.11346142739057541
0.6735774278640747,0.6054251194000244,0.7293486595153809,6.262325763702393,0.02866949699819088,0.9562640190124512,0.01506645604968071
0.5695831775665283,0.5328930616378784,0.6856566071510315,5.585809707641602,0.027583027258515358,0.9605937600135803,0.011823253706097603
0.7431288361549377,0.7290722727775574,0.8734737038612366,5.304156303405762,0.023468606173992157,0.4606502950191498,0.5158810615539551
0.5338780283927917,0.14571112394332886,0.1378401517868042,0.5527819991111755,0.01895499974489212,0.9700201153755188,0.011024899780750275
0.8520386815071106,0.718366265296936,0.7502270340919495,2.169464588165283,0.39444565773010254,0.56703782081604,0.03851649537682533
0.687310516834259,0.5872998833656311,0.6036732792854309,6.504942893981934,0.1590387225151062,0.8403826355934143,0.0005786350811831653
0.6859081983566284,0.7593182921409607,0.8566200137138367,4.185827255249023,0.04460589960217476,0.5179846286773682,0.43740949034690857
0.7259151935577393,0.12009420990943909,0.09188169240951538,4.473654270172119,0.5478164553642273,0.43086981773376465,0.021313723176717758
0.6727739572525024,0.8031785488128662,0.6293368935585022,4.206207275390625,0.9994257688522339,0.0005343513330444694,3.9905506127979606e-05
0.7016797065734863,0.5948468446731567,0.7212450504302979,7.9199676513671875,0.14952407777309418,0.8498249053955078,0.0006509550730697811
0.7321499586105347,0.6478137969970703,0.6399539709091187,6.548809051513672,0.1036672443151474,0.8777060508728027,0.018626665696501732
0.6438701152801514,0.6118134260177612,0.5186582207679749,4.0615034103393555,0.9943033456802368,0.00512061920017004,0.0005761024076491594
0.5840892791748047,0.28319817781448364,0.1932409554719925,6.123686790466309,0.023704202845692635,0.9508489370346069,0.02544684335589409
0.45422443747520447,0.5896651744842529,0.8006298542022705,-0.7440592646598816,0.045667070895433426,0.6217269897460938,0.33260589838027954
0.6613830924034119,0.6112748384475708,0.4782581925392151,-0.9962559938430786,0.9993371367454529,0.0003808925102930516,0.000282010791124776
0.6465293169021606,0.5744690895080566,0.7677600383758545,-3.0070290565490723,0.02604866772890091,0.9733434915542603,0.0006078762817196548
0.6678867340087891,0.6457205414772034,0.9370734691619873,4.145750045776367,0.0023900100495666265,0.19095689058303833,0.8066530823707581
0.704883337020874,0.7419450283050537,0.6494563817977905,2.764496326446533,0.9984983205795288,0.0013466895325109363,0.0001549362059449777
0.8171166777610779,0.7476767897605896,0.9337776899337769,5.620085716247559,0.0021765006240457296,0.3682696521282196,0.6295539140701294
0.6600017547607422,0.772074818611145,0.7612583041191101,4.750888347625732,0.06096762418746948,0.6568782925605774,0.2821540832519531
0.709936261177063,0.5931956171989441,0.7902418971061707,6.40625,0.03859637305140495,0.9605652689933777,0.0008382637752220035
0.5524104833602905,0.5345935821533203,0.9245545864105225,4.221548557281494,0.0026178057305514812,0.16737808287143707,0.8300041556358337
0.6200007200241089,0.4668040871620178,0.5844619274139404,0.5577690601348877,0.08110582828521729,0.8945955038070679,0.02429869771003723
0.7680109143257141,0.7843066453933716,0.9142093062400818,2.887145519256592,0.03396156430244446,0.41465651988983154,0.5513819456100464
0.6641359329223633,0.6722558736801147,0.8987866640090942,3.073367118835449,0.02919755131006241,0.3187600374221802,0.6520424485206604
0.6567516326904297,0.7066118121147156,0.9135349988937378,-1.0157878398895264,0.08496120572090149,0.6456592679023743,0.26937952637672424
0.4112247824668884,0.6284209489822388,0.6893188953399658,1.517815113067627,0.04311300441622734,0.33285754919052124,0.6240294575691223
0.6204009652137756,0.6200370788574219,0.7445394992828369,3.5411436557769775,0.01932227797806263,0.6298298239707947,0.3508479595184326
0.6515992879867554,0.5397799611091614,0.6293178200721741,1.331919550895691,0.024336395785212517,0.9533287882804871,0.022334737703204155
0.7946824431419373,0.7285472750663757,0.8219842910766602,7.130387306213379,0.060794390738010406,0.8335875868797302,0.105617955327034
0.7117807865142822,0.6056221723556519,0.8379571437835693,4.869992256164551,0.9988605976104736,0.0007043216028250754,0.0004350719100330025
0.5613504648208618,0.5131794214248657,0.7485488653182983,0.7593173980712891,0.03970210254192352,0.95986008644104,0.00043777230894193053
0.679444432258606,0.814712643623352,0.6187496781349182,3.4685373306274414,0.9995194673538208,0.00038262089947238564,9.788594616111368e-05
0.643526554107666,0.7599709033966064,0.5985692739486694,4.31275749206543,0.999306321144104,0.0005817337078042328,0.00011195767001481727
0.6483798027038574,0.5531042814254761,0.6291524171829224,-0.6341832280158997,0.01141633465886116,0.9844805598258972,0.0041030640713870525
0.6946372985839844,0.6439635157585144,0.9137715101242065,0.8194223642349243,0.0009174909791909158,0.16582928597927094,0.8332531452178955
0.7204340696334839,0.7604522109031677,0.7702641487121582,5.713458061218262,0.01625422015786171,0.5777251124382019,0.4060206413269043
0.6221543550491333,0.4939844012260437,0.7139378786087036,2.1724743843078613,0.9995768666267395,0.000213409643038176,0.00020968889293726534
0.7410919666290283,0.7329953908920288,0.916234016418457,3.7962658405303955,0.03319792076945305,0.829185426235199,0.13761664927005768
0.8256838321685791,0.770621657371521,0.8804244995117188,4.080061912536621,0.03762398660182953,0.9619044661521912,0.00047165737487375736
0.514775276184082,0.7835335731506348,0.4682961106300354,2.664919376373291,0.6532228589057922,0.3422256410121918,0.0045515443198382854
0.7331203818321228,0.6723287105560303,0.8210947513580322,5.449847221374512,0.1647070348262787,0.8345209360122681,0.00077198346843943
0.6785051226615906,0.6675426959991455,0.9277360439300537,3.4768872261047363,0.0040498110465705395,0.3360932171344757,0.659856915473938
0.6707948446273804,0.6626405715942383,0.8060862421989441,0.4073422849178314,0.12764188647270203,0.768125057220459,0.1042330339550972
0.7149401903152466,0.2152857780456543,0.13411039113998413,1.7541954517364502,0.024072056636214256,0.9690617918968201,0.00686613516882062
0.6622024774551392,0.5412115454673767,0.8058427572250366,4.490100383758545,0.9990261793136597,0.0005861877580173314,0.00038766601937823
0.6410168409347534,0.26912346482276917,0.16959762573242188,2.9615306854248047,0.021555908024311066,0.9500817656517029,0.028362303972244263
0.6921482086181641,0.6741987466812134,0.8356902599334717,-2.670330286026001,0.019710883498191833,0.2861754596233368,0.6941136717796326
0.6175642609596252,0.6662132740020752,0.8356544971466064,-0.6058957576751709,0.0393146350979805,0.3691082000732422,0.5915771722793579
0.5238480567932129,0.4856516718864441,0.8138182163238525,-1.049729585647583,0.10029900074005127,0.8404287695884705,0.059272147715091705
0.7911438941955566,0.7142162322998047,0.8022887110710144,3.9873251914978027,0.0312526598572731,0.9012000560760498,0.06754731386899948
0.594588577747345,0.5824598073959351,0.9411941170692444,-2.4820823669433594,0.0017744621727615595,0.1697755604982376,0.8284500241279602
0.744800329208374,0.6740733981132507,0.8750784397125244,4.532355308532715,0.0025856471620500088,0.134524405002594,0.8628899455070496
0.7397730946540833,0.881726861000061,0.6976799964904785,2.559767484664917,0.9981355667114258,0.0017203254392370582,0.00014406208356376737
0.6493546962738037,0.7008613348007202,0.8482982516288757,5.749211311340332,0.013792241923511028,0.24581274390220642,0.7403950691223145
0.47785764932632446,0.5246156454086304,0.8054448366165161,0.9984585046768188,0.9993420243263245,0.00031985712121240795,0.00033805190469138324
0.3411923050880432,0.41842877864837646,0.8022880554199219,-5.395134925842285,0.0028306199237704277,0.16066667437553406,0.8365026712417603
0.7195398807525635,0.14004190266132355,0.012677963823080063,-0.7500783205032349,0.013322887942194939,0.9797382354736328,0.006938789505511522
0.7235780954360962,0.6790406703948975,0.790485143661499,1.027702808380127,0.032858509570360184,0.9665982127189636,0.0005433030310086906
0.5768545866012573,0.5712786912918091,0.5397806763648987,0.7202485203742981,0.9993916749954224,0.00039762267260812223,0.00021065973851364106
0.6080858707427979,0.6142072677612305,0.7635922431945801,1.4254255294799805,0.9995831847190857,0.00020506045257207006,0.00021176677546463907
0.6418547034263611,0.6936427354812622,0.7173672318458557,5.164395332336426,0.999036431312561,0.0006523727206513286,0.00031119814957492054
0.6922253370285034,0.7900873422622681,0.6482447385787964,6.301024436950684,0.06403195858001709,0.9353926777839661,0.000575369514990598
0.7344542741775513,0.1610759049654007,0.08997628092765808,6.13726806640625,0.017922982573509216,0.9590522050857544,0.02302483841776848
0.7918972969055176,0.7320874929428101,0.8169323801994324,7.271070957183838,0.01605900190770626,0.41018232703208923,0.5737587213516235
0.5701726078987122,0.5608254075050354,0.42908942699432373,-2.605494499206543,0.9990504384040833,0.0007485217647626996,0.00020105931616853923
0.5807809829711914,0.6656703948974609,0.8953346014022827,-0.5979833602905273,0.001934243948198855,0.30021142959594727,0.6978543400764465
0.7739940881729126,0.7226372957229614,0.810002326965332,5.372203826904297,0.03163417428731918,0.9677709937095642,0.0005948609905317426
0.6433454751968384,0.6466469764709473,0.8652365207672119,0.8694883584976196,0.0687626376748085,0.8310311436653137,0.10020621865987778
0.6296155452728271,0.7594540119171143,0.7660642862319946,2.6787033081054688,0.03985564038157463,0.7516882419586182,0.20845603942871094
0.7777459621429443,0.7391029596328735,0.8977876901626587,2.4406659603118896,0.08187969028949738,0.7188350558280945,0.19928522408008575
0.587177574634552,0.6278881430625916,0.7500543594360352,0.7471874952316284,0.9955463409423828,0.0037140038330107927,0.0007395576685667038
0.7366868257522583,0.7043204307556152,0.9431818723678589,5.030305862426758,0.0009952853433787823,0.08897387236356735,0.9100308418273926
0.6219738125801086,0.6930562853813171,0.8166749477386475,3.802483320236206,0.02207227610051632,0.6246799230575562,0.3532477915287018
0.7308151125907898,0.20293954014778137,0.16995128989219666,6.943996429443359,0.019770728424191475,0.950890839099884,0.029338451102375984
0.6885667443275452,0.6705670952796936,0.938732385635376,1.7379701137542725,0.0016890044789761305,0.14855140447616577,0.849759578704834
0.6631314158439636,0.5236026048660278,0.6819254159927368,7.619158744812012,0.026982467621564865,0.9639089107513428,0.009108619764447212
0.7348911762237549,0.5273193717002869,0.6970572471618652,5.4927473068237305,0.025651250034570694,0.969131588935852,0.005217174533754587
0.5219286680221558,0.5818485021591187,0.4578581154346466,-1.1557735204696655,0.999336302280426,0.00045150768710300326,0.00021214659500401467
0.6521754264831543,0.6576610207557678,0.6596117615699768,4.224823951721191,0.03573960065841675,0.9636459946632385,0.0006143172504380345
0.5611863136291504,0.46517568826675415,0.6052809953689575,1.8141679763793945,0.024391135200858116,0.9667628407478333,0.008846047334372997
0.7536156177520752,0.6807214021682739,0.5011886358261108,5.695239543914795,0.9993578791618347,0.0005309667903929949,0.00011118879046989605
0.6356701850891113,0.6082127094268799,0.6683040857315063,2.921945095062256,0.024791259318590164,0.9695714116096497,0.005637269467115402
0.6205114126205444,0.7430092096328735,0.7983947992324829,4.929018020629883,0.00918529648333788,0.423454612493515,0.5673601031303406
0.5909761190414429,0.6205162405967712,0.9156304597854614,4.180400371551514,0.0010958438506349921,0.13148467242717743,0.8674194812774658
0.6663457155227661,0.754593014717102,0.5475772619247437,3.9491333961486816,0.9993695616722107,0.00042600472806952894,0.00020439267973415554
0.7496296167373657,0.769912838935852,0.8103153109550476,1.9037874937057495,0.04353579133749008,0.8487797379493713,0.10768448561429977
0.6049716472625732,0.6656912565231323,0.6519454717636108,1.6367762088775635,0.06274641305208206,0.9367378950119019,0.0005156585248187184
0.6690294742584229,0.6603810787200928,0.730629026889801,4.921665191650391,0.9987003803253174,0.0008497027447447181,0.0004498587513808161
0.5326082706451416,0.13967305421829224,0.18963128328323364,1.1566925048828125,0.046279340982437134,0.930263876914978,0.023456767201423645
0.6990073919296265,0.5368312001228333,0.6402443647384644,7.876560211181641,0.040825650095939636,0.9426340460777283,0.01654033362865448
0.6993995904922485,0.6911072134971619,0.8195314407348633,2.7507009506225586,0.125303715467453,0.7656312584877014,0.10906506329774857
0.6238599419593811,0.5764849781990051,0.9320879578590393,2.7925586700439453,0.002700773300603032,0.22036951780319214,0.7769297361373901
0.5963873863220215,0.57541823387146,0.7709014415740967,2.30405330657959,0.05046885088086128,0.6328775882720947,0.3166535794734955
0.7292133569717407,0.7533871531486511,0.9726305603981018,5.493507385253906,0.0024872601497918367,0.17781302332878113,0.8196996450424194
0.6486018896102905,0.6576434373855591,0.7912191152572632,0.41952723264694214,0.10209590196609497,0.5787221193313599,0.31918200850486755
0.6142555475234985,0.7325491905212402,0.7356610894203186,-3.364746570587158,0.06845802068710327,0.7931849956512451,0.13835693895816803
0.6960914731025696,0.6855787038803101,0.8617764115333557,8.070964813232422,0.09280457347631454,0.8576256632804871,0.049569834023714066
0.6866235733032227,0.6939312219619751,0.82413649559021,1.7558151483535767,0.9996834993362427,0.00016642722766846418,0.0001500738289905712
0.6768888235092163,0.6551694273948669,0.9072287082672119,4.600419998168945,0.0012553205015137792,0.12341737747192383,0.8753272891044617
0.5866779685020447,0.6379412412643433,0.42346781492233276,0.7296876907348633,0.999524712562561,0.00031548121478408575,0.00015977781731635332
0.7199854850769043,0.7678526639938354,0.8185073733329773,6.768342971801758,0.017622077837586403,0.6224298477172852,0.3599480390548706
0.7106512188911438,0.6517758965492249,0.7877160310745239,7.498699188232422,0.9991297125816345,0.0004807134682778269,0.0003895738045684993
0.5605449676513672,0.6374731659889221,0.7172582745552063,1.2937750816345215,0.031458161771297455,0.8207738399505615,0.1477680504322052
0.7408418655395508,0.8139463663101196,0.7495478391647339,1.009623408317566,0.9994206428527832,0.0004310558142606169,0.00014831328007858247
0.6644594669342041,0.5446951389312744,0.8434694409370422,6.9482622146606445,0.9946874380111694,0.004340867977589369,0.0009717696812003851
0.6685683727264404,0.7274097204208374,0.7574125528335571,4.743039131164551,0.061860572546720505,0.9366179704666138,0.0015215276507660747
0.6694335341453552,0.7051889300346375,0.7145018577575684,-1.4904320240020752,0.0433485321700573,0.9169134497642517,0.03973797708749771
0.7680078744888306,0.5294305682182312,0.6964852213859558,5.7372002601623535,0.08717071264982224,0.8969160318374634,0.01591317169368267
0.6248528957366943,0.6161467432975769,0.8659483790397644,3.8621981143951416,0.021488767117261887,0.19201037287712097,0.7865009307861328
0.6477236747741699,0.45113804936408997,0.5974180102348328,-3.007568359375,0.12901778519153595,0.85050368309021,0.020478518679738045
0.6562414765357971,0.6248552799224854,0.8071113228797913,6.890345573425293,0.033997323364019394,0.8674852252006531,0.09851743280887604
0.6742966175079346,0.6898463368415833,0.8429985046386719,3.0728611946105957,0.04378566890954971,0.6524192094802856,0.30379512906074524
0.6920870542526245,0.73422771692276,0.8196964263916016,4.550101280212402,0.02319960668683052,0.8917204737663269,0.08507988601922989
0.5459061861038208,0.5516045689582825,0.6876524090766907,2.389893054962158,0.9983779191970825,0.0011165456380695105,0.0005056197405792773
0.6020101308822632,0.5959387421607971,0.9411975145339966,1.096502661705017,0.0010238407412543893,0.08424973487854004,0.9147263765335083
0.5762842893600464,0.6005580425262451,0.9036856889724731,3.2947516441345215,0.0011179149150848389,0.0978129580616951,0.9010691046714783
0.616703450679779,0.6913625597953796,0.5479846596717834,2.973475694656372,0.9993115663528442,0.0006020326400175691,8.637612336315215e-05
0.7129300832748413,0.09083390235900879,0.03298431634902954,0.6723843812942505,0.057094376534223557,0.9252366423606873,0.017668941989541054
0.6532726287841797,0.7408638596534729,0.5378180742263794,-3.924638271331787,0.9987327456474304,0.0010810039239004254,0.00018622141215018928
0.6715170741081238,0.7210649251937866,0.8301235437393188,2.3450093269348145,0.9987142086029053,0.0008315453305840492,0.00045437569497153163
0.6010079979896545,0.6925655603408813,0.7800986170768738,5.128432273864746,0.02562977932393551,0.5994839072227478,0.3748863637447357
0.6099861860275269,0.23797497153282166,0.11637949198484421,-1.0373033285140991,0.2398538440465927,0.724567711353302,0.03557843714952469
0.40818414092063904,0.4488977789878845,0.759014368057251,-0.745985746383667,0.035994332283735275,0.8376902937889099,0.1263154000043869
0.7227254509925842,0.1285156011581421,0.22959008812904358,3.876357316970825,0.522701621055603,0.4550260305404663,0.022272346541285515
0.5660333633422852,0.5432692766189575,0.6484381556510925,1.8590679168701172,0.025458509102463722,0.967073917388916,0.007467588409781456
0.6113216876983643,0.6995387673377991,0.6842958927154541,3.523298740386963,0.0562397725880146,0.9425942301750183,0.0011660665040835738
0.8478108644485474,0.8245206475257874,0.9564124345779419,3.504030466079712,0.003521402832120657,0.23748843371868134,0.7589901685714722
0.6822223663330078,0.6619322896003723,0.6263039112091064,2.9012231826782227,0.06606357544660568,0.9139035940170288,0.02003288082778454
0.6377785205841064,0.5986895561218262,0.8375819325447083,0.5704485774040222,0.041553087532520294,0.6162453889846802,0.3422015905380249
0.717653751373291,0.5329144597053528,0.7011114954948425,1.4628245830535889,0.03299316391348839,0.959457516670227,0.007549254223704338
0.7274799942970276,0.052100539207458496,0.06469327211380005,5.20065975189209,0.08713699877262115,0.9001072645187378,0.012755775824189186
0.6410014629364014,0.6922932267189026,0.8219338059425354,3.7292520999908447,0.08555058389902115,0.7666997909545898,0.14774969220161438
0.5700315833091736,0.583330512046814,0.8460423946380615,0.5888655781745911,0.05748458951711655,0.8874961137771606,0.05501934140920639
0.6806460618972778,0.6326737403869629,0.7710803747177124,5.515176296234131,0.02256627380847931,0.7920529246330261,0.18538080155849457
0.4932926595211029,0.5853813886642456,0.7297927737236023,-1.6216022968292236,0.011201449669897556,0.41808924078941345,0.5707092881202698
0.6839293837547302,0.7207892537117004,0.5970674753189087,6.401433944702148,0.9981277585029602,0.001624042633920908,0.00024825858417898417
0.6409968137741089,0.22614049911499023,0.07572443038225174,2.91920804977417,0.01404636912047863,0.9596428871154785,0.0263107568025589
0.7340317964553833,0.7170095443725586,0.8326845169067383,3.7734274864196777,0.999473512172699,0.00030640550539828837,0.00022007514780852944
0.6407766342163086,0.5948129296302795,0.750342607498169,1.8680992126464844,0.9979690909385681,0.001257504802197218,0.0007734359242022038
0.44437044858932495,0.43221020698547363,0.7646467685699463,1.5142226219177246,0.9944638609886169,0.004184451885521412,0.0013517298502847552
0.7539047598838806,0.7766956686973572,0.8789545297622681,7.694515705108643,0.020132578909397125,0.7226567268371582,0.25721073150634766
0.7699213624000549,0.7321863174438477,0.8153297901153564,7.945895195007324,0.9994900226593018,0.00027496187249198556,0.0002349537389818579
0.6105092763900757,0.5873754620552063,0.850375771522522,-1.1509267091751099,0.011206274852156639,0.2433214783668518,0.745472252368927
0.7206013202667236,0.11767728626728058,0.16612409055233002,2.9475631713867188,0.03276369720697403,0.942423939704895,0.024812329560518265
0.6307191848754883,0.5203748941421509,0.7860713005065918,1.440126657485962,0.9951733946800232,0.0042193979024887085,0.0006071407115086913
0.6143797636032104,0.5578697323799133,0.6735620498657227,2.7256572246551514,0.09726554900407791,0.9021900296211243,0.000544367590919137
0.6785189509391785,0.022098924964666367,0.1315389722585678,4.606090545654297,0.02368983067572117,0.9456740021705627,0.030636122450232506
0.6563493013381958,0.7724301218986511,0.7843775749206543,3.475139617919922,0.07747849076986313,0.6263705492019653,0.29615098237991333
0.6170347929000854,0.536704421043396,0.49909400939941406,3.9590468406677246,0.9989469647407532,0.000844543450511992,0.00020856007176917046
0.5964003205299377,0.632276177406311,0.7930709719657898,0.7627545595169067,0.048821669071912766,0.5977303981781006,0.3534480035305023
0.5787614583969116,0.6433101296424866,0.6267043948173523,1.636582612991333,0.11866387724876404,0.8806840181350708,0.0006520726601593196
0.6238665580749512,0.7482672333717346,0.8174998164176941,1.124549388885498,0.03369615226984024,0.6203359961509705,0.3459678888320923
0.6355282068252563,0.5643507242202759,0.8647727370262146,3.8092973232269287,0.022556450217962265,0.6832550764083862,0.2941884696483612
0.5992783308029175,0.5942267179489136,0.9428502917289734,4.115444183349609,0.002472205786034465,0.0906195417046547,0.9069083333015442
0.6492893695831299,0.6622960567474365,0.5643255114555359,8.035978317260742,0.9994481205940247,0.0003565270162653178,0.0001954125618794933
0.6140972375869751,0.5605782866477966,0.7870399951934814,2.267360210418701,0.057450681924819946,0.9418371319770813,0.0007121128728613257
0.7443207502365112,0.706693172454834,0.8281744718551636,6.354969024658203,0.04418819397687912,0.6350517272949219,0.3207601308822632
0.648176908493042,0.6092513203620911,0.7073241472244263,5.456686019897461,0.019914895296096802,0.537148654460907,0.4429364800453186
0.6723655462265015,0.6219409704208374,0.7234547138214111,2.6626875400543213,0.02423296868801117,0.972264289855957,0.003502716077491641
0.6535823941230774,0.585914134979248,0.7132469415664673,4.726346969604492,0.04319727420806885,0.5853051543235779,0.37149760127067566
0.6706071496009827,0.4246182143688202,0.6136108636856079,7.08504581451416,0.03744789958000183,0.9482455849647522,0.01430656760931015
0.6623129844665527,0.49293702840805054,0.5882939100265503,7.518982887268066,0.019604507833719254,0.9752941131591797,0.005101471673697233
0.47405439615249634,0.5238372087478638,0.4077650308609009,-1.7948113679885864,0.9986400008201599,0.0011481253895908594,0.00021186356025282294
0.5515469312667847,0.4634745717048645,0.7413992285728455,-5.573072910308838,0.9953407049179077,0.003889994928613305,0.0007693108054809272
0.7074867486953735,0.6806799173355103,0.8124264478683472,6.268538475036621,0.9994124174118042,0.0002817070344462991,0.00030578195583075285
0.6691948175430298,0.724592924118042,0.8353074789047241,5.615969657897949,0.03940436989068985,0.6800606846809387,0.280534952878952
0.5742116570472717,0.5744277834892273,0.7385358810424805,-0.5522965788841248,0.02628094144165516,0.5577001571655273,0.41601893305778503
0.5716965198516846,0.5115269422531128,0.8402878046035767,-1.4225445985794067,0.9988538026809692,0.0007667984464205801,0.00037934110150672495
0.706533670425415,0.6416953802108765,0.7803564071655273,7.87993860244751,0.9945312142372131,0.003992723301053047,0.0014760219492018223
0.6233769655227661,0.6242347955703735,0.6894101500511169,5.965432167053223,0.029384106397628784,0.9696411490440369,0.0009747287258505821
0.7582137584686279,0.7773650884628296,0.8401696085929871,3.8339321613311768,0.16690237820148468,0.6544600129127502,0.17863762378692627
0.6540027856826782,0.6307206749916077,0.896169126033783,2.6277523040771484,0.005007230676710606,0.10203374177217484,0.8929589986801147
0.7802719473838806,0.738856315612793,0.8782252073287964,7.489858627319336,0.061904389411211014,0.538576066493988,0.3995194733142853
0.7509477138519287,0.8418688774108887,0.732522189617157,5.456969261169434,0.9991863369941711,0.0006890300428494811,0.00012462795712053776
0.5393192172050476,0.4920423924922943,0.7336710095405579,2.8367481231689453,0.01609659381210804,0.7636299729347229,0.22027339041233063
0.5809379816055298,0.3568861484527588,0.13867291808128357,-0.04727237671613693,0.014790700748562813,0.9778789281845093,0.00733043160289526
0.6444412469863892,0.07727906107902527,0.1115519255399704,4.3898515701293945,0.11855179816484451,0.8589507341384888,0.022497469559311867
0.7080807685852051,0.5340161919593811,0.6442102193832397,2.3874921798706055,0.0795164704322815,0.9080744981765747,0.012408970855176449
0.5991572737693787,0.5178598165512085,0.6119809150695801,2.1102378368377686,0.015146770514547825,0.9789354205131531,0.0059179323725402355
0.6375389099121094,0.6489575505256653,0.7263541221618652,-3.4082555770874023,0.1211322695016861,0.8779237270355225,0.0009439829154871404
0.6948850154876709,0.6819852590560913,0.8101214170455933,4.031673431396484,0.06266266852617264,0.8936341404914856,0.04370318353176117
0.6349581480026245,0.5364813804626465,0.6990745067596436,3.733344316482544,0.018960697576403618,0.9778633117675781,0.0031760954298079014
0.5211904644966125,0.5194594264030457,0.7880792617797852,0.9271371364593506,0.03282809257507324,0.8293275237083435,0.13784430921077728
0.5593918561935425,0.5844780206680298,0.837990939617157,-2.668968915939331,0.01760048046708107,0.40100929141044617,0.5813902020454407
0.6557539701461792,0.6799736022949219,0.8267760872840881,3.2444891929626465,0.025876497849822044,0.8656806349754333,0.10844288766384125
0.6041485071182251,0.7513025999069214,0.5749721527099609,2.3914427757263184,0.999026894569397,0.0008228875230997801,0.00015023451123852283
0.6500592231750488,0.23594918847084045,0.13645470142364502,0.624842643737793,0.023066634312272072,0.9691706299781799,0.007762761786580086
0.45431679487228394,0.6405674815177917,0.41348984837532043,-0.9784829020500183,0.9992934465408325,0.0005978544941172004,0.0001086819393094629
0.6201337575912476,0.45806819200515747,0.7302601337432861,0.9105178117752075,0.6122721433639526,0.3852408230304718,0.0024870000779628754
0.695884108543396,0.190623477101326,0.06379415839910507,4.275970458984375,0.024575060233473778,0.9582778215408325,0.017147082835435867
0.5843592882156372,0.6113763451576233,0.8539363145828247,2.437258720397949,0.05905444547533989,0.6863217949867249,0.2546238303184509
0.6749444007873535,0.5496612787246704,0.723516583442688,4.463047027587891,0.015492570586502552,0.9792237281799316,0.005283805076032877
0.6728594303131104,0.3860151469707489,0.5440489649772644,5.920060157775879,0.4656406044960022,0.5010876059532166,0.033271823078393936
0.6423416137695312,0.20618227124214172,0.16500602662563324,2.5395750999450684,0.35304707288742065,0.6058337688446045,0.04111921042203903
0.5426630973815918,0.6424908638000488,0.5170110464096069,-2.7875821590423584,0.9993675351142883,0.0005485733272507787,8.387098205275834e-05
0.6111452579498291,0.6807717084884644,0.7870439291000366,4.199934959411621,0.028864635154604912,0.4836728572845459,0.48746252059936523
0.6648384928703308,0.5719345808029175,0.7487448453903198,4.156083106994629,0.03192800283432007,0.9615271687507629,0.006544900126755238
0.8820022940635681,0.857846200466156,0.9423282146453857,3.9200475215911865,0.054520133882761,0.6489247679710388,0.2965550720691681
0.7111065983772278,0.6839982271194458,0.7004694938659668,5.2394561767578125,0.014755506999790668,0.9848467111587524,0.00039778900099918246
0.6903396248817444,0.6450470685958862,0.94722580909729,3.2897238731384277,0.0019255143124610186,0.317072331905365,0.6810021996498108
0.814252495765686,0.7810232639312744,0.9207718968391418,3.246119499206543,0.0039725759997963905,0.3995400071144104,0.5964874625205994
0.6326783895492554,0.5817275047302246,0.7549952268600464,1.6067662239074707,0.2930329740047455,0.7053813338279724,0.0015857364051043987
0.6359019875526428,0.5354028940200806,0.898137629032135,-0.552341103553772,0.0019888358656316996,0.38187167048454285,0.6161394715309143
0.6736568212509155,0.7419924736022949,0.5905433893203735,2.2247536182403564,0.927226722240448,0.07192845642566681,0.0008447934524156153
0.7247337102890015,0.5501788854598999,0.6712329983711243,3.8326148986816406,0.06184083968400955,0.9304407238960266,0.007718385197222233
0.7823529243469238,0.8056082129478455,0.9300983548164368,6.458777904510498,0.0004461602948140353,0.06355854123830795,0.9359952807426453
0.5148608088493347,0.5881903767585754,0.8499804735183716,0.8653908967971802,0.027512867003679276,0.5638043284416199,0.40868282318115234
0.5024380683898926,0.3318552076816559,0.5067176222801208,-2.451901912689209,0.2971094846725464,0.6862103939056396,0.016680104658007622
0.5493676066398621,0.6073732376098633,0.7137343287467957,5.423768520355225,0.11827991157770157,0.46476832032203674,0.4169517755508423
0.5943096876144409,0.6421487331390381,0.9076144695281982,-2.970323085784912,0.04348508268594742,0.2488972693681717,0.7076177000999451
0.6947333812713623,0.6008715033531189,0.5102120637893677,4.326846122741699,0.9975318908691406,0.0022092736326158047,0.0002588030183687806
0.6071012020111084,0.06783007830381393,0.14259937405586243,3.980797290802002,0.02155604213476181,0.9595732092857361,0.018870843574404716
0.6201901435852051,0.6045423150062561,0.8604545593261719,3.012625217437744,0.026386205106973648,0.7138472199440002,0.2597666084766388
0.6284767985343933,0.7399881482124329,0.5702822208404541,5.874451637268066,0.9971455931663513,0.0022912132553756237,0.0005632569664157927
0.7046312093734741,0.6922730803489685,0.9338405728340149,5.923409461975098,0.0024987286888062954,0.17806406319141388,0.8194372057914734
0.7685292363166809,0.7863001227378845,0.8279721736907959,5.095518112182617,0.07368507981300354,0.8747379779815674,0.051576919853687286
0.6575416326522827,0.1719861775636673,0.09352520853281021,3.9634180068969727,0.02254444546997547,0.9615179896354675,0.01593760773539543
0.7002860307693481,0.7435750365257263,0.5678794980049133,0.7366734743118286,0.9977250695228577,0.0021010166965425014,0.00017394658061675727
0.689739465713501,0.664094090461731,0.9471172094345093,-0.762901782989502,0.006647556554526091,0.2546677589416504,0.7386846542358398
0.7524212598800659,0.7187356948852539,0.9354643821716309,5.05923318862915,0.0008159310091286898,0.07189851999282837,0.9272855520248413
0.5866709351539612,0.6154377460479736,0.9360949993133545,2.8873162269592285,0.0025676905643194914,0.09930484741926193,0.8981274366378784
0.6570402979850769,0.27120041847229004,0.1794126331806183,2.666454315185547,0.012247332371771336,0.9771038889884949,0.010648787952959538
0.6050471067428589,-0.04687179997563362,0.08024081587791443,3.2124578952789307,0.02525060996413231,0.9524696469306946,0.0222796518355608
0.5672566890716553,0.5760711431503296,0.9031948447227478,-1.9476619958877563,0.006931980140507221,0.21758507192134857,0.7754829525947571
0.6240079998970032,0.5679230093955994,0.6792197227478027,-1.675879716873169,0.04495744779706001,0.9546045064926147,0.0004379902093205601
0.8070068359375,0.7694900035858154,0.8560195565223694,7.431408405303955,0.02748533897101879,0.583177387714386,0.3893372714519501
0.6037709712982178,0.717458963394165,0.8134922981262207,3.7351908683776855,0.024524010717868805,0.7388240694999695,0.23665186762809753
0.7460976839065552,0.267848938703537,0.131974995136261,2.8852057456970215,0.017083916813135147,0.9707692265510559,0.012146877124905586
0.6042366027832031,0.5728915929794312,0.903801679611206,4.149875640869141,0.0008824088145047426,0.12911371886730194,0.870003879070282
0.5385096073150635,0.5338011980056763,0.7216329574584961,-2.1597423553466797,0.07787434756755829,0.9188149571418762,0.003310725325718522
0.5617560148239136,0.4986700415611267,0.6407334804534912,0.5247819423675537,0.08220507949590683,0.9173238277435303,0.0004710879293270409
0.5372081398963928,0.6179379224777222,0.691921591758728,0.38717710971832275,0.027054551988840103,0.508812427520752,0.46413305401802063
0.7970589399337769,0.1661021113395691,0.07590946555137634,5.191313743591309,0.026149161159992218,0.9587587714195251,0.015092096291482449
0.7511962652206421,0.6937534809112549,0.7575674057006836,1.5449036359786987,0.11040341109037399,0.8887926340103149,0.0008039915701374412
0.7014503479003906,0.6737393736839294,0.8059733510017395,4.7014665603637695,0.08911459147930145,0.6731038689613342,0.2377816140651703
0.46331024169921875,0.5272852778434753,0.8724246025085449,-1.1903549432754517,0.21210132539272308,0.5165296792984009,0.27136901021003723
0.5939373970031738,0.6311026811599731,0.9315872192382812,3.507326126098633,0.0009561923798173666,0.04229987785220146,0.9567438960075378
0.5678906440734863,0.6230480670928955,0.8409299254417419,1.0407212972640991,0.0673067718744278,0.7523193359375,0.1803738921880722
0.6862484812736511,0.6869205236434937,0.5546032190322876,5.475391864776611,0.9991915822029114,0.000602545915171504,0.00020579298143275082
0.7026390433311462,0.6476709246635437,0.9082353115081787,6.123502731323242,0.03289058431982994,0.5375539660453796,0.4295555055141449
0.549229085445404,0.5421895980834961,0.8470128774642944,1.7502611875534058,0.0008435256313532591,0.12459198385477066,0.874564528465271
0.7365557551383972,0.7283533811569214,0.9130785465240479,3.2181191444396973,0.04299754649400711,0.7403134703636169,0.21668899059295654
0.6237335205078125,0.5688865184783936,0.8521764278411865,0.20376774668693542,0.2388143241405487,0.7604569792747498,0.0007286826730705798
0.6557708978652954,0.5957726836204529,0.7458744049072266,5.100743293762207,0.050341665744781494,0.9395066499710083,0.0101515743881464
0.7512338161468506,0.6444169282913208,0.8082616329193115,2.7186713218688965,0.9965941309928894,0.0027333407197147608,0.0006725454004481435
0.7503730058670044,0.6586800217628479,0.7751919627189636,7.122440338134766,0.07797504961490631,0.7883120775222778,0.13371284306049347
0.6965007185935974,0.6361525058746338,0.7473101019859314,4.702858924865723,0.028178881853818893,0.966049075126648,0.00577209098264575
0.7839672565460205,0.7490634918212891,0.8269042372703552,1.5847206115722656,0.9995555281639099,0.00023038398649077863,0.00021413042850326747
0.6223881244659424,0.6825674772262573,0.8351246118545532,3.3199806213378906,0.012270975857973099,0.7966861724853516,0.19104281067848206
0.6854119300842285,0.6555322408676147,0.9420896768569946,3.8941588401794434,0.020260890945792198,0.3173103928565979,0.6624287366867065
0.4986039400100708,0.5563156604766846,0.6517789363861084,-1.3967199325561523,0.10999409854412079,0.8894662857055664,0.0005395953194238245
0.8011526465415955,0.7166485786437988,0.7898639440536499,5.310627460479736,0.03828867897391319,0.961331307888031,0.0003799836849793792
0.7493566870689392,0.7586561441421509,0.8953586220741272,3.4307785034179688,0.09119901806116104,0.8328630924224854,0.07593782991170883
0.6696305274963379,0.6701459884643555,0.8613285422325134,-1.4839775562286377,0.020983314141631126,0.2500264048576355,0.7289903163909912
0.7911249399185181,0.6067901849746704,0.7205454111099243,6.7079386711120605,0.06822072714567184,0.9309012293815613,0.0008780435309745371
0.73792564868927,0.7373549342155457,0.6186143159866333,6.025148391723633,0.9995042085647583,0.00037046606303192675,0.00012534485722426325
0.6624569892883301,0.7121968269348145,0.8106552362442017,3.23154354095459,0.27779167890548706,0.6489149332046509,0.07329341769218445
0.7520627975463867,0.5610360503196716,0.6296998858451843,3.095144510269165,0.0059190052561461926,0.9920772314071655,0.0020037402864545584
0.7289228439331055,0.7538625597953796,0.8017803430557251,6.083022594451904,0.9989191293716431,0.0006826479802839458,0.0003982465423177928
0.6911927461624146,0.6719299554824829,0.8925157785415649,3.768723487854004,0.0008916336228139699,0.10659712553024292,0.892511248588562
0.6922070384025574,0.6962450742721558,0.7071425914764404,6.082089424133301,0.10280061513185501,0.8966168165206909,0.0005825556581839919
0.5933895111083984,0.429165244102478,0.5826641917228699,4.943002700805664,0.04306136071681976,0.9443399906158447,0.012598628178238869
0.636155366897583,0.4212912619113922,0.6498007774353027,5.296687126159668,0.9980509281158447,0.001508125220425427,0.00044097169302403927
0.62074214220047,0.6899175643920898,0.7992651462554932,2.5391697883605957,0.2037448137998581,0.5876277089118958,0.20862743258476257
0.6213042736053467,0.5830832123756409,0.773394763469696,3.5595390796661377,0.0223520640283823,0.40627703070640564,0.5713708996772766
0.6019312143325806,0.7169103026390076,0.8037275075912476,-0.5244698524475098,0.05093272402882576,0.8388035893440247,0.11026370525360107
0.6871093511581421,0.4919646382331848,0.7277175188064575,3.9262824058532715,0.02514440007507801,0.9744686484336853,0.00038691252120770514
0.7411668300628662,0.45152413845062256,0.57948899269104,6.784510612487793,0.13598285615444183,0.8447683453559875,0.019248779863119125
0.62305748462677,0.5731515288352966,0.8557635545730591,-3.2204604148864746,0.9955307841300964,0.0034216130152344704,0.0010476927272975445
0.5856503248214722,0.6646218299865723,0.828061580657959,5.679111480712891,0.025930339470505714,0.4788357615470886,0.4952338635921478
0.728040337562561,0.7674129009246826,0.6129136681556702,-1.9025611877441406,0.9952378273010254,0.004678972065448761,8.320258348248899e-05
0.7755445241928101,0.8275582790374756,0.8481231927871704,3.236124277114868,0.04510767385363579,0.6719533801078796,0.28293895721435547
0.6125348806381226,0.526776134967804,0.8352188467979431,2.965700626373291,0.9996016621589661,0.000254272687016055,0.0001440785708837211
0.6464056968688965,0.6797630786895752,0.7343357801437378,4.75089693069458,0.129582017660141,0.8693929314613342,0.001025145291350782
0.64825838804245,0.41127949953079224,0.6338018178939819,5.633178234100342,0.05525991693139076,0.9249265789985657,0.019813472405076027
0.6400115489959717,0.7029182314872742,0.5991461277008057,1.750558614730835,0.9990645051002502,0.0008438691729679704,9.159504406852648e-05
0.6723642349243164,0.5629991292953491,0.6072016954421997,4.290083885192871,0.032800864428281784,0.9572253227233887,0.009973741136491299
0.6405518054962158,0.21832025051116943,0.08648301661014557,4.844082832336426,0.06436649709939957,0.9140162467956543,0.021617328748106956
0.677250862121582,0.6630076169967651,0.8912655115127563,2.7121026515960693,0.05272546783089638,0.7611926794052124,0.1860818713903427
0.5922752618789673,0.6311432123184204,0.7475814819335938,7.987406253814697,0.11657971888780594,0.8129715323448181,0.07044877111911774
0.6683027744293213,0.36844897270202637,0.20140647888183594,1.9157824516296387,0.013321185484528542,0.9721481204032898,0.014530650340020657
0.6753677725791931,0.7103937864303589,0.8125402927398682,4.308169841766357,0.021460728719830513,0.4707103669643402,0.507828950881958
0.6187007427215576,0.19399942457675934,0.1790992021560669,0.8324213027954102,0.020077712833881378,0.9642822742462158,0.01563999056816101
0.6963840126991272,0.6506152153015137,0.8447142243385315,2.9962973594665527,0.9996922016143799,0.00015298447397071868,0.00015482588787563145
0.7781678438186646,0.7211259007453918,0.8974791765213013,6.70557975769043,0.0011878538643941283,0.255693644285202,0.7431185245513916
0.5801520347595215,0.21065065264701843,0.21854093670845032,-2.114541530609131,0.05185375362634659,0.9340388178825378,0.01410749088972807
0.5749518871307373,0.5746039152145386,0.8398309946060181,-3.4559781551361084,0.9994083642959595,0.00031457090517506003,0.0002771491708699614
0.7506690621376038,0.29302090406417847,0.15605546534061432,3.4175870418548584,0.023757923394441605,0.9467917680740356,0.02945030853152275
0.7017146348953247,0.7240564823150635,0.8709385395050049,2.68637752532959,0.05511339008808136,0.6239386200904846,0.32094794511795044
0.46803757548332214,0.5341962575912476,0.444158136844635,-2.894214391708374,0.9975288510322571,0.0019732345826923847,0.0004979265504516661
0.658207356929779,0.7351690530776978,0.5645620822906494,4.986059665679932,0.9996131062507629,0.00030669066472910345,8.017988147912547e-05
0.5576697587966919,0.5507563352584839,0.4946560263633728,0.1515655219554901,0.9973078966140747,0.0025503127835690975,0.000141813769005239
0.6392133831977844,0.18059583008289337,0.19803780317306519,5.439916133880615,0.06951728463172913,0.9102425575256348,0.020240092650055885
0.6282477974891663,0.5430392026901245,0.6541498899459839,6.1061272621154785,0.46501487493515015,0.5159732699394226,0.01901187002658844
0.6404114961624146,0.6258344650268555,0.9281883239746094,6.041194438934326,0.013614283874630928,0.17395657300949097,0.8124291300773621
0.5756556987762451,0.6484507322311401,0.7410258054733276,0.3231797218322754,0.02215776965022087,0.7685105204582214,0.20933176577091217
0.6144664287567139,0.703443169593811,0.763055682182312,1.8966907262802124,0.01520251389592886,0.8955214023590088,0.08927613496780396
0.5596004724502563,0.6003526449203491,0.9345821738243103,1.6016532182693481,0.001404708018526435,0.25046566128730774,0.7481296062469482
0.724105954170227,0.7703742980957031,0.829079270362854,3.3103699684143066,0.019876400008797646,0.3195119798183441,0.660611629486084
0.5890454053878784,0.46175676584243774,0.5934723019599915,1.7298896312713623,0.712616503238678,0.2644881308078766,0.02289533242583275
0.7698814868927002,0.7529684901237488,0.9299404621124268,5.630769729614258,0.0025365815963596106,0.1830565482378006,0.8144068717956543
0.5329498052597046,0.5607664585113525,0.8145281076431274,-2.620685577392578,0.053816057741642,0.9453855156898499,0.0007984928670339286
0.6769705414772034,0.23097750544548035,0.13552558422088623,-0.3460310101509094,0.6534286737442017,0.32899945974349976,0.017571857199072838
0.5584425926208496,0.0525846853852272,0.08000626415014267,3.5579099655151367,0.007266333792358637,0.9871301054954529,0.00560352299362421
0.5230402946472168,0.5297492742538452,0.913178563117981,1.5335643291473389,0.0030882335267961025,0.36986708641052246,0.6270446181297302
0.7522744536399841,0.07003671675920486,0.13583329319953918,4.1190266609191895,0.020842870697379112,0.9576008915901184,0.021556219086050987
0.6865191459655762,0.08260184526443481,0.017052562907338142,6.705102920532227,0.020743442699313164,0.971085786819458,0.008170781657099724
0.7640460729598999,0.7286069393157959,0.8984196782112122,5.738720417022705,0.03669685497879982,0.630974531173706,0.3323286771774292
0.7052804231643677,0.8051578998565674,0.8060448169708252,4.856083869934082,0.11441981047391891,0.5410077571868896,0.34457239508628845
0.6830214262008667,0.5809816122055054,0.6880193948745728,1.1712210178375244,0.9183531999588013,0.0712587833404541,0.010388053953647614
0.7421650290489197,0.6973838806152344,0.9583470821380615,5.054795265197754,0.0013801469467580318,0.24598753452301025,0.7526323199272156
0.6137892007827759,0.5638434886932373,0.783635139465332,2.358402729034424,0.9995958209037781,0.0002290929260198027,0.00017504092829767615
0.7303042411804199,0.4934595227241516,0.5621811151504517,4.251887321472168,0.04914891719818115,0.9366465210914612,0.014204571954905987
0.7005940675735474,0.7590448260307312,0.7686240673065186,5.600723743438721,0.007097125984728336,0.43516579270362854,0.5577370524406433
0.5930246114730835,0.6112748384475708,0.46567487716674805,-1.7894240617752075,0.9993284940719604,0.0005584831233136356,0.00011305971565889195
0.45686444640159607,0.41749680042266846,0.6361054182052612,4.807185173034668,0.020480995997786522,0.9731061458587646,0.006412857677787542
0.6778036952018738,0.6769043803215027,0.8970128893852234,4.537921905517578,0.05187227576971054,0.874623715877533,0.07350403070449829
0.6057579517364502,0.4681468605995178,0.6271016001701355,0.501863956451416,0.030036984011530876,0.9648391604423523,0.005123777315020561
0.7305532693862915,0.6317750215530396,0.7241383790969849,5.522442817687988,0.9989258646965027,0.0007654724759049714,0.0003086197830270976
0.6029102206230164,0.6310351490974426,0.8746464252471924,-1.5383727550506592,0.014987597241997719,0.6760250926017761,0.3089873194694519
0.5613700151443481,0.5517950654029846,0.724233865737915,4.215512752532959,0.06441622227430344,0.5856484174728394,0.349935382604599
0.6631699800491333,0.6143397092819214,0.8575934767723083,0.008201345801353455,0.9995409250259399,0.00030033462098799646,0.00015874575183261186
0.6619850397109985,0.6512655019760132,0.8012717366218567,3.5086476802825928,0.9985998272895813,0.0009665464167483151,0.0004337260324973613
0.6178691387176514,0.6179242134094238,0.77886962890625,0.32518571615219116,0.04208848625421524,0.8345662355422974,0.12334529310464859
0.828852653503418,0.768364667892456,0.762259840965271,7.102687358856201,0.036741238087415695,0.9628097414970398,0.0004489581333473325
0.6559367179870605,0.2541753649711609,0.20138981938362122,0.9780462980270386,0.013864879496395588,0.9777748584747314,0.008360304869711399
0.7591995000839233,0.7293320894241333,0.8663674592971802,7.387187957763672,0.016498595476150513,0.8387168049812317,0.14478465914726257
0.7371628284454346,0.7285168170928955,0.9145771265029907,7.334659576416016,0.003137558698654175,0.29210764169692993,0.7047547698020935
0.6272432804107666,0.5696572065353394,0.7610576152801514,5.229618072509766,0.1551264226436615,0.8443624377250671,0.0005111153004691005
0.57148677110672,0.6119657158851624,0.9310585260391235,-2.040755271911621,0.005525985267013311,0.15819257497787476,0.8362814784049988
0.7099376916885376,0.723605751991272,0.8801497220993042,5.35189962387085,0.046885840594768524,0.6744981408119202,0.2786160111427307
0.654003918170929,0.23980066180229187,0.10208415240049362,2.5582804679870605,0.06862805038690567,0.9135456085205078,0.017826348543167114
0.697620153427124,0.7854540348052979,0.8227294683456421,1.108837366104126,0.07311029732227325,0.6658027768135071,0.2610868513584137
0.7943429946899414,0.7757606506347656,0.6429901719093323,2.6435365676879883,0.9968517422676086,0.002908993512392044,0.00023934834462124854
0.62200528383255,0.6318389177322388,0.9187612533569336,3.8501040935516357,0.011808216571807861,0.5435808897018433,0.4446108937263489
0.7596613764762878,0.6954803466796875,0.6267396211624146,4.867375373840332,0.6378368735313416,0.3220066726207733,0.04015640169382095
0.6273687481880188,0.6117395758628845,0.6119294166564941,5.43300724029541,0.022688889876008034,0.9646605253219604,0.012650556862354279
0.6436699032783508,0.5824439525604248,0.707184910774231,4.224892616271973,0.3024209439754486,0.6686030030250549,0.02897600457072258
0.5276782512664795,0.492428719997406,0.8793206810951233,3.2775349617004395,0.06560857594013214,0.6729205846786499,0.2614707946777344
0.6487666964530945,0.6266883015632629,0.5135400295257568,0.6342675685882568,0.9987142086029053,0.0011760564520955086,0.00010974545875797048
0.7122840881347656,0.5844362378120422,0.8151015639305115,7.3844404220581055,0.9996033310890198,0.0001943494426086545,0.0002023425477091223
0.7422986030578613,0.6977345943450928,0.7851293683052063,8.260404586791992,0.9992192983627319,0.0004201146657578647,0.0003605484962463379
0.7549021244049072,0.6848399639129639,0.6150532364845276,3.930877447128296,0.03053930401802063,0.9599802494049072,0.009480408392846584
0.532196581363678,0.5610263347625732,0.8821109533309937,3.0631957054138184,0.9993508458137512,0.000330853508785367,0.0003183335065841675
0.6655422449111938,0.5808566808700562,0.7098358869552612,4.518115997314453,0.3018048405647278,0.6943516135215759,0.0038436055183410645
0.5280666947364807,0.6159805655479431,0.705741822719574,4.228157043457031,0.018916798755526543,0.49593931436538696,0.48514389991760254
0.5992497801780701,0.569689154624939,0.8809181451797485,0.43145036697387695,0.002002227818593383,0.32712966203689575,0.6708680987358093
0.6466520428657532,0.1093968003988266,0.13319477438926697,3.8385448455810547,0.017953770235180855,0.9722322225570679,0.009814023971557617
0.6344548463821411,0.5163599252700806,0.6370318531990051,2.239511489868164,0.050886351615190506,0.934769868850708,0.014343837276101112
0.6222230195999146,0.6824606657028198,0.5076459646224976,0.13880585134029388,0.999481737613678,0.0004253129009157419,9.296507778344676e-05
0.7659661769866943,0.6739867925643921,0.5583486557006836,7.3488569259643555,0.9989925026893616,0.0006325982976704836,0.0003748628369066864
0.6361064910888672,0.6851224899291992,0.6737262010574341,3.6886823177337646,0.061979085206985474,0.9374021887779236,0.0006186995888128877
0.748870849609375,0.7344787120819092,0.8609944581985474,7.633989334106445,0.11039746552705765,0.8156595230102539,0.07394299656152725
0.6251109838485718,0.17884357273578644,0.08659303188323975,2.603213310241699,0.07643896341323853,0.8856359124183655,0.03792513534426689
0.5150951743125916,0.47498542070388794,0.6119304895401001,2.272036552429199,0.04068514332175255,0.9434996247291565,0.015815215185284615
0.5867351293563843,0.3944751024246216,0.21632686257362366,2.4330270290374756,0.024262061342597008,0.9608991146087646,0.01483883336186409
0.6938917636871338,0.7087744474411011,0.8560982942581177,0.7717042565345764,0.14363758265972137,0.6046668291091919,0.25169551372528076
0.5671826601028442,0.5726277828216553,0.8033949136734009,2.3539695739746094,0.010232404805719852,0.548820436000824,0.44094717502593994
0.6538991332054138,0.7003731727600098,0.9004309177398682,0.372062623500824,0.09059172868728638,0.4172188639640808,0.4921894371509552
0.6243392825126648,0.7141554355621338,0.7565484046936035,-1.783963918685913,0.02314816229045391,0.7092679738998413,0.2675838768482208
0.6605309247970581,0.700279712677002,0.8006473779678345,6.739362716674805,0.01259596273303032,0.6124557852745056,0.3749482333660126
0.6508588790893555,0.20000141859054565,0.1350824534893036,2.919238567352295,0.8832678198814392,0.10950972884893417,0.007222502026706934
0.8173037767410278,0.004552559927105904,-0.04257287085056305,8.003036499023438,0.01409954484552145,0.9606646299362183,0.02523588202893734
0.6039677858352661,0.5526193380355835,0.7091151475906372,-0.8670064806938171,0.040804121643304825,0.9495691657066345,0.009626736864447594
0.8349698781967163,0.7674769163131714,0.6619678735733032,7.719122409820557,0.9993320107460022,0.00047992230975069106,0.00018802200793288648
0.7058773040771484,0.5818098187446594,0.6040800213813782,1.7390319108963013,0.999362051486969,0.0005413683829829097,9.660371870268136e-05
0.3267671465873718,0.40749743580818176,0.6053481101989746,0.5109403729438782,0.05030563101172447,0.949055552482605,0.0006389212212525308
0.7198302745819092,0.5120261907577515,0.6608263254165649,2.683037519454956,0.1305667608976364,0.8594273924827576,0.010005840100347996
0.7053675651550293,0.5623557567596436,0.6985055208206177,3.0752956867218018,0.1506313979625702,0.8291113376617432,0.020257283002138138
0.7170900106430054,0.7953147888183594,0.8773345947265625,1.009657382965088,0.004192829597741365,0.27908211946487427,0.7167250514030457
0.7670065760612488,0.6965489983558655,0.8011668920516968,6.636120319366455,0.9980331063270569,0.0011483751004561782,0.0008185512851923704
0.5443029999732971,0.49667030572891235,0.7329306602478027,4.602780818939209,0.9995051622390747,0.0002874208730645478,0.000207494871574454
0.6197274327278137,0.5952973365783691,0.6796656847000122,0.19841939210891724,0.026047993451356888,0.9735369682312012,0.0004149997257627547
0.7669922709465027,0.6706452369689941,0.8622207641601562,4.439319133758545,0.9993793964385986,0.0003487223293632269,0.0002718074538279325
0.6375658512115479,0.4660949409008026,0.5496154427528381,3.7201385498046875,0.03445903956890106,0.9556122422218323,0.00992873776704073
0.7196393609046936,0.6525481939315796,0.8679579496383667,4.49599552154541,0.9995002746582031,0.0002933265350293368,0.0002063087886199355
0.5711617469787598,0.6354176998138428,0.7732012271881104,3.895359754562378,0.023848747834563255,0.9755879044532776,0.0005633269320242107
0.7630558013916016,0.5889800786972046,0.6546050906181335,2.8965678215026855,0.02403087541460991,0.9712629914283752,0.004706108942627907
0.8121914863586426,0.7688990831375122,0.666022777557373,7.040832042694092,0.9965811371803284,0.003188054310157895,0.00023078029335010797
0.6486101150512695,0.6632867455482483,0.6149121522903442,1.1312111616134644,0.9994231462478638,0.0004809011297766119,9.60257020778954e-05
0.6820372939109802,0.6912338733673096,0.5819575786590576,6.367072105407715,0.9989809393882751,0.0007040350465103984,0.00031492795096710324
0.6784803867340088,0.1225428581237793,0.12031669169664383,2.7043395042419434,0.06728716939687729,0.9104249477386475,0.022287938743829727
0.7115293145179749,0.7361700534820557,0.8599874973297119,1.4512783288955688,0.0485914871096611,0.6252577304840088,0.3261508047580719
0.6028128266334534,0.20000141859054565,0.10582529753446579,2.2725131511688232,0.09748777002096176,0.8875220417976379,0.01499016024172306
0.7228060960769653,0.64738929271698,0.7902634739875793,3.374784469604492,0.9996334314346313,0.00021371014008764178,0.00015294294280465692
0.5883086323738098,0.6100642681121826,0.800296425819397,2.811861991882324,0.9996587038040161,0.00018162536434829235,0.00015972869005054235
0.6390328407287598,0.7896691560745239,0.5601837635040283,4.2386369705200195,0.9989616870880127,0.0009370571933686733,0.00010122214735019952
0.6610811948776245,0.6984565258026123,0.8110420107841492,3.66461443901062,0.5108029246330261,0.48803356289863586,0.0011635146802291274
0.7380836009979248,0.6734726428985596,0.9387255311012268,2.949253559112549,0.0012355956714600325,0.10514061152935028,0.8936237692832947
0.7738615274429321,0.6097856760025024,0.5479154586791992,7.2650861740112305,0.9993528723716736,0.000536356819793582,0.00011073669884353876
0.5881760120391846,0.5965311527252197,0.9656161665916443,-1.6729873418807983,0.0023347099777311087,0.18372122943401337,0.8139440417289734
0.695643424987793,0.37796783447265625,0.6237726211547852,1.5587917566299438,0.04297427460551262,0.9481316208839417,0.00889408029615879
0.7164322137832642,0.18158352375030518,0.11256686598062515,2.510436534881592,0.06359735876321793,0.9128609895706177,0.023541653528809547
0.6932399272918701,0.6548076272010803,0.9118009805679321,3.4112472534179688,0.0008836904889903963,0.07025106251239777,0.9288652539253235
0.5160069465637207,0.5840070843696594,0.6925215721130371,-4.431082725524902,0.13353756070137024,0.6426299810409546,0.22383245825767517
0.6136170625686646,0.5618853569030762,0.744570255279541,3.4729323387145996,0.9917068481445312,0.006895807106047869,0.0013973667519167066
0.6677018404006958,0.23329666256904602,0.1570340245962143,2.489622116088867,0.05304601043462753,0.9302802681922913,0.016673797741532326
0.6674280166625977,0.5287473797798157,0.7281301021575928,5.439643859863281,0.10177727788686752,0.7849926948547363,0.11322997510433197
0.513496994972229,0.40333253145217896,0.5039327144622803,3.381314516067505,0.03988641873002052,0.9554272294044495,0.004686357453465462
0.5967593193054199,0.603513240814209,0.9669382572174072,-1.6293236017227173,0.001275481190532446,0.09604319930076599,0.9026813507080078
0.680056095123291,0.7539174556732178,0.6268042325973511,2.6889729499816895,0.9980862140655518,0.0016480982303619385,0.0002656693977769464
0.7986388802528381,0.7022144794464111,0.7894994020462036,6.966037750244141,0.021493449807167053,0.978140115737915,0.00036641527549363673
0.6294150948524475,0.7127361297607422,0.8353115320205688,4.216183662414551,0.2960282862186432,0.47240495681762695,0.2315666824579239
0.805899977684021,0.7939615249633789,0.8396077156066895,8.125872611999512,0.06870682537555695,0.8052903413772583,0.12600287795066833
0.7375677824020386,0.7855194211006165,0.9537148475646973,3.99407696723938,0.0010860362090170383,0.1432109922170639,0.8557029962539673
0.6468185186386108,0.6472902894020081,0.9273250699043274,5.069108009338379,0.003878094721585512,0.22856363654136658,0.7675583362579346
0.7017531991004944,0.11499664932489395,0.13173682987689972,5.342845916748047,0.06712677329778671,0.9059703946113586,0.0269028153270483
0.6648951172828674,0.5619595050811768,0.6890705823898315,3.3565821647644043,0.021854594349861145,0.9714866876602173,0.006658685859292746
0.7585843801498413,0.7756582498550415,0.8188491463661194,7.299311637878418,0.08867893368005753,0.7582589387893677,0.15306207537651062
0.6795501708984375,0.6667451858520508,0.6981648206710815,4.121799468994141,0.9993059635162354,0.0003942175244446844,0.0002998144773300737
0.6495022177696228,-0.04687179997563362,-0.006951304152607918,3.7905993461608887,0.024167770519852638,0.9544181227684021,0.021414121612906456
0.7029855251312256,0.6595228910446167,0.5723253488540649,1.4545018672943115,0.999420166015625,0.0005244705243967474,5.537896140594967e-05
0.6910983920097351,0.5385972857475281,0.5274996757507324,2.088656425476074,0.10995747894048691,0.8702088594436646,0.019833721220493317
0.6669625639915466,0.691997230052948,0.9471592307090759,3.2305827140808105,0.002645187545567751,0.17981575429439545,0.8175390362739563
0.7378826141357422,0.7308188676834106,0.8771352767944336,3.9739620685577393,0.003728140378370881,0.22294370830059052,0.7733281850814819
0.656186580657959,0.7677584886550903,0.8112144470214844,4.266102313995361,0.016623198986053467,0.18561142683029175,0.7977653741836548
0.48600637912750244,0.6983215808868408,0.4757324755191803,0.28507137298583984,0.9987951517105103,0.001080500427633524,0.0001243045408045873
0.5811439752578735,0.6607323884963989,0.7775112390518188,1.9291504621505737,0.02148529514670372,0.5641654133796692,0.4143492877483368
0.5103795528411865,0.5775566101074219,0.8929620385169983,-0.12761270999908447,0.004182226024568081,0.41151243448257446,0.5843052864074707
0.7874412536621094,0.6992089152336121,0.8223953247070312,6.639910697937012,0.025179751217365265,0.5565277934074402,0.41829243302345276
0.5863420367240906,0.7143491506576538,0.8712397813796997,-3.1118178367614746,0.03031298518180847,0.4107722342014313,0.5589147806167603
0.6223534345626831,0.17526531219482422,0.17715118825435638,6.758581161499023,0.030427290126681328,0.9527742862701416,0.01679837517440319
0.5955885648727417,0.6048927307128906,0.9374985694885254,-0.14476047456264496,0.001654415624216199,0.1413639485836029,0.8569815754890442
0.6863720417022705,0.5712234973907471,0.7309805750846863,6.167514324188232,0.9981988072395325,0.0012693111784756184,0.00053185730939731
0.6927495002746582,0.511599600315094,0.6695328950881958,2.0631232261657715,0.032341718673706055,0.9627974629402161,0.004860821180045605
0.7289721965789795,0.25295400619506836,0.21287642419338226,1.2095403671264648,0.4821258783340454,0.49035677313804626,0.027517428621649742
0.8319358825683594,0.771882951259613,0.8132134079933167,7.658794403076172,0.026884926483035088,0.8334553241729736,0.13965971767902374
0.774375855922699,0.650999903678894,0.8002361059188843,3.2986369132995605,0.9984747767448425,0.0009275316842831671,0.0005976821412332356
0.5709590315818787,0.42024046182632446,0.6892375349998474,4.10221529006958,0.9984557628631592,0.0010139967780560255,0.0005302178906276822
0.6165776252746582,0.6129736304283142,0.7447203397750854,-3.058967113494873,0.9980036616325378,0.0012014525709673762,0.0007948894053697586
0.5991923809051514,0.6361393928527832,0.668087363243103,4.9281229972839355,0.05150273069739342,0.9477549195289612,0.0007423984352499247
0.44175732135772705,0.3524290919303894,0.652474045753479,0.533744752407074,0.9936916828155518,0.004994556307792664,0.0013138407375663519
0.4115838408470154,0.5968555212020874,0.32804614305496216,-0.7049269676208496,0.9988388419151306,0.0011058161035180092,5.539512130781077e-05
0.5292545557022095,0.4910340905189514,0.6232178807258606,4.698014259338379,0.027463415637612343,0.9620516896247864,0.010484873317182064
0.7450352907180786,0.730642557144165,0.8218306303024292,3.220737934112549,0.9993898868560791,0.0002942525898106396,0.00031588750425726175
0.822885274887085,0.7877570390701294,0.9167904853820801,4.2997941970825195,0.011374357156455517,0.48229002952575684,0.5063355565071106
0.6327681541442871,0.6306896209716797,0.7730118036270142,4.752468109130859,0.9988752007484436,0.0007076960173435509,0.00041707209311425686
0.5411918759346008,0.4548074007034302,0.7189534902572632,-0.5118395090103149,0.04115550220012665,0.6381462216377258,0.3206982910633087
0.738124430179596,0.6808129549026489,0.7837826013565063,1.3618810176849365,0.0346938818693161,0.9648792147636414,0.0004268999909982085
0.7724095582962036,0.8133004903793335,0.6982337236404419,2.9641799926757812,0.9992066025733948,0.0006698381621390581,0.00012359468382783234
0.7456740736961365,0.7032146453857422,0.7241551876068115,7.957678318023682,0.4889591634273529,0.5091779828071594,0.001862834789790213
0.6848992705345154,0.7448903322219849,0.9408451318740845,3.697031259536743,0.0015300677623599768,0.11544299870729446,0.8830269575119019
0.6993579864501953,0.7120370864868164,0.7900052070617676,3.8564202785491943,0.09041321277618408,0.8358925580978394,0.07369425892829895
0.6921346187591553,0.7044382095336914,0.5401421189308167,5.660852432250977,0.9987666606903076,0.0010920075001195073,0.0001413291465723887
0.5127360820770264,0.6006202697753906,0.7489117383956909,-0.2093474566936493,0.1702907532453537,0.5842130780220032,0.24549610912799835
0.7042223215103149,0.6682052612304688,0.7790145874023438,3.3751115798950195,0.9996309280395508,0.00020508079614955932,0.0001639800175325945
0.5775625705718994,0.5538648962974548,0.766666829586029,0.5860108137130737,0.9991849064826965,0.0004789767845068127,0.00033614507992751896
0.6992844939231873,0.6771918535232544,0.9254055023193359,5.555665016174316,0.0064533669501543045,0.2244446575641632,0.7691020369529724
0.6504617929458618,0.720460057258606,0.7687002420425415,2.7340965270996094,0.998793363571167,0.0008000467787496746,0.0004066552792210132
0.581437349319458,0.6114446520805359,0.9217658042907715,1.6372222900390625,0.010354651138186455,0.430061399936676,0.5595839023590088
0.6929006576538086,0.6387012600898743,0.8141875267028809,1.9488348960876465,0.08048535883426666,0.8325408101081848,0.08697386085987091
0.6634823679924011,0.7128407955169678,0.7968310117721558,2.1014153957366943,0.04879285395145416,0.9507492780685425,0.0004579126834869385
0.7262841463088989,0.6941902041435242,0.814531683921814,5.390545845031738,0.998977541923523,0.0006920687155798078,0.00033043985604308546
0.7498820424079895,0.7227258086204529,0.8369631767272949,0.3057865798473358,0.04883018136024475,0.5590266585350037,0.3921431601047516
0.5415194034576416,0.10479436814785004,0.08361826092004776,3.318941116333008,0.054889656603336334,0.9307804703712463,0.014329812489449978
0.5566360950469971,0.54957115650177,0.8733773827552795,3.513669729232788,0.056813567876815796,0.6670955419540405,0.2760908901691437
0.6837257742881775,0.6730198264122009,0.7203618288040161,7.333488941192627,0.10171300917863846,0.8974716067314148,0.0008153044618666172
0.7511810660362244,0.827173113822937,0.8213103413581848,2.633650779724121,0.02651469223201275,0.737694263458252,0.23579096794128418
0.702314019203186,0.564674973487854,0.6979528069496155,5.877143859863281,0.9996024966239929,0.00022957146575208753,0.00016783988394308835
0.690593421459198,0.6951302886009216,0.7247354984283447,2.207920789718628,0.023281536996364594,0.9762589931488037,0.000459503848105669
0.6733455061912537,0.6367521286010742,0.9353067278862,2.039371967315674,0.0017642336897552013,0.23850508034229279,0.7597306966781616
0.7413550019264221,0.7467665672302246,0.8527959585189819,4.0968451499938965,0.03715789318084717,0.6004018783569336,0.36244022846221924
0.6740251779556274,0.5215709209442139,0.7017650604248047,4.3660173416137695,0.05057871714234352,0.9253681898117065,0.024053126573562622
0.7971140742301941,-0.03636452928185463,-0.025284714996814728,2.7255396842956543,0.018278326839208603,0.9667426943778992,0.014979100786149502
0.6140782833099365,0.3122081160545349,0.48500052094459534,4.169181823730469,0.02157740108668804,0.9644928574562073,0.013929777778685093
0.6364657878875732,0.6700361967086792,0.5165367722511292,2.2891225814819336,0.716123640537262,0.27860698103904724,0.005269372835755348
0.7537789344787598,0.811288058757782,0.8248808979988098,2.26878023147583,0.02921105921268463,0.7661301493644714,0.2046588510274887
0.6178328990936279,0.6212098598480225,0.7927652597427368,-5.06296968460083,0.07869429141283035,0.9206012487411499,0.000704410660546273
0.6487879753112793,0.5977067351341248,0.6758204698562622,6.7443695068359375,0.9987517595291138,0.0008180110598914325,0.00043019914301112294
0.6454063653945923,0.7228801250457764,0.8403421640396118,2.4345622062683105,0.014451134018599987,0.3061244487762451,0.6794243454933167
0.7592616677284241,0.7231317162513733,0.9482473134994507,5.982309341430664,0.002415331779047847,0.1097002699971199,0.8878843784332275
0.6980924606323242,0.10891975462436676,0.16344337165355682,2.8726303577423096,0.02517733722925186,0.9622301459312439,0.012592478655278683
0.7025866508483887,0.555726945400238,0.7302045822143555,5.24810791015625,0.02646353654563427,0.9669713377952576,0.006565124727785587
0.6876894235610962,0.16329962015151978,0.1178477331995964,7.340875625610352,0.06928496807813644,0.9119264483451843,0.018788548186421394
0.7453453540802002,0.04060474783182144,0.07645128667354584,8.403276443481445,0.019149305298924446,0.9736911058425903,0.0071596410125494
0.7239375114440918,0.7569019794464111,0.76120924949646,5.535332679748535,0.015860073268413544,0.9836428761482239,0.0004970657755620778
0.5590752959251404,0.6000634431838989,0.7047721147537231,-2.438173294067383,0.0231461264193058,0.40981200337409973,0.5670418739318848
0.6209826469421387,0.7256360650062561,0.5204963088035583,-4.356709957122803,0.9994961023330688,0.0003790749469771981,0.00012474079267121851
0.6455667614936829,0.456459641456604,0.6023087501525879,0.18430228531360626,0.035729922354221344,0.9563407301902771,0.007929360494017601
0.6270833015441895,0.675074577331543,0.729644775390625,-3.544447422027588,0.1671990156173706,0.8320440053939819,0.0007569855661131442
0.6674907207489014,0.5523343086242676,0.6728361248970032,0.4459852874279022,0.05278944596648216,0.9467183351516724,0.0004921811050735414
0.7294586896896362,0.7208375930786133,0.9163694381713867,6.1824493408203125,0.0006398826371878386,0.05762479826807976,0.9417353272438049
0.7364466190338135,0.676124095916748,0.8401061296463013,4.650326728820801,0.018799273297190666,0.8102572560310364,0.1709434986114502
0.6848433017730713,0.690446138381958,0.854644775390625,2.5810725688934326,0.040799833834171295,0.306338369846344,0.6528617739677429
0.760006308555603,0.6845841407775879,0.8056833148002625,5.489790916442871,0.02785135619342327,0.9129498600959778,0.05919879674911499
0.5994203686714172,0.6668015718460083,0.8171879053115845,-2.414323568344116,0.12663303315639496,0.7128445506095886,0.16052235662937164
0.7047289609909058,0.6585521697998047,0.6856101751327515,3.6694889068603516,0.06687243282794952,0.9323641657829285,0.0007634320645593107
0.6709258556365967,0.4887414574623108,0.6013144850730896,2.6186304092407227,0.31424084305763245,0.6522660851478577,0.03349310904741287
0.6739027500152588,0.524197518825531,0.698915958404541,4.379206657409668,0.04965655878186226,0.934417188167572,0.01592627353966236
0.6890591382980347,0.6837047338485718,0.8116722702980042,7.659505844116211,0.08582765609025955,0.8579758405685425,0.056196507066488266
0.7123301029205322,0.06053032726049423,0.022699546068906784,-0.4427585005760193,0.011470267549157143,0.9799605011940002,0.008569241501390934
0.6235305666923523,0.6837930679321289,0.895195484161377,1.4278148412704468,0.0008017654763534665,0.06741825491189957,0.9317799210548401
0.6003316640853882,0.5245926380157471,0.751907467842102,-0.22740402817726135,0.012084976769983768,0.9875565767288208,0.0003584637015592307
0.49065983295440674,0.12143777310848236,0.19365909695625305,0.8437228798866272,0.1450575292110443,0.8063552975654602,0.048587147146463394
0.6013875007629395,0.6368319988250732,0.6467908620834351,3.719083786010742,0.034831251949071884,0.5294519662857056,0.43571680784225464
0.7198094129562378,0.10077068209648132,0.08220501244068146,0.9723404049873352,0.04842936992645264,0.9362673163414001,0.015303315594792366
0.5815642476081848,0.6079196333885193,0.652458906173706,3.0391623973846436,0.021122656762599945,0.5476542115211487,0.43122315406799316
0.6370044350624084,0.6076487302780151,0.9398608803749084,5.8778977394104,0.003482764819636941,0.15225571393966675,0.8442615270614624
0.811118483543396,0.7018872499465942,0.741050660610199,8.061841011047363,0.06329835951328278,0.9362941980361938,0.000407449493650347
0.7166322469711304,0.624208927154541,0.723227858543396,4.03878116607666,0.18950626254081726,0.8094968795776367,0.0009968585800379515
0.47379636764526367,0.4106481671333313,0.5962801575660706,-0.5840805768966675,0.04725726321339607,0.9446677565574646,0.008075040765106678
0.6179047226905823,0.6287432909011841,0.7697880268096924,5.095518589019775,0.9959379434585571,0.003594034118577838,0.00046805242891423404
0.7854772210121155,0.7203577756881714,0.7526525259017944,7.612178802490234,0.04196016490459442,0.9577301740646362,0.0003097147273365408
0.6607880592346191,0.6501502990722656,0.9135497212409973,-1.693867564201355,0.020067991688847542,0.6562606692314148,0.3236713409423828
0.6140224933624268,0.5720176696777344,0.7916080951690674,3.1335277557373047,0.019951071590185165,0.6442319750785828,0.33581697940826416
0.6725055575370789,0.6932525634765625,0.7817777395248413,3.0488271713256836,0.051288701593875885,0.725470244884491,0.22324106097221375
0.6840676069259644,0.6268838047981262,0.86313796043396,3.796816349029541,0.9995737671852112,0.0002466425357852131,0.00017962013953365386
0.7121607661247253,0.7025432586669922,0.7931607961654663,3.4677603244781494,0.9984825253486633,0.0010078925406560302,0.0005095227970741689
0.5523448586463928,0.13967305421829224,0.14895525574684143,1.697826862335205,0.0308880265802145,0.9452721476554871,0.023839827626943588
0.7235579490661621,0.6520657539367676,0.7112091779708862,1.4993075132369995,0.05267563462257385,0.9469013810157776,0.00042298235348425806
0.6564962863922119,0.6774095892906189,0.8227341175079346,3.191293954849243,0.08246421813964844,0.6924497485160828,0.2250860035419464
0.7139806747436523,0.23540285229682922,0.12027480453252792,3.361652374267578,0.035711195319890976,0.9582168459892273,0.006071979179978371
0.6081221103668213,0.6276249289512634,0.9523444771766663,3.563326835632324,0.0015415868256241083,0.13988558948040009,0.8585728406906128
0.6492275595664978,0.5939892530441284,0.7662699222564697,4.387789726257324,0.9995170831680298,0.0002477369562257081,0.0002351542207179591
0.5227240324020386,0.5809890031814575,0.9019010066986084,2.366743803024292,0.003102651797235012,0.5002791881561279,0.4966181516647339
0.7696278095245361,0.727335512638092,0.8404013514518738,7.809088706970215,0.08457701653242111,0.7608045339584351,0.15461844205856323
0.6967563629150391,0.67857426404953,0.5148018002510071,5.019094467163086,0.9990044236183167,0.0008504121797159314,0.00014517002273350954
0.6507350206375122,0.7024977803230286,0.5167465209960938,3.674245834350586,0.9994271993637085,0.0005175118567422032,5.525437882170081e-05
0.5221909284591675,0.46669870615005493,0.9295230507850647,5.071143627166748,0.00197772029787302,0.3839687705039978,0.6140535473823547
0.5314281582832336,0.7326658964157104,0.40202081203460693,4.059178352355957,0.990176260471344,0.008860286325216293,0.0009634371381253004
0.6337875723838806,0.674209713935852,0.8778280019760132,3.375032901763916,0.05123180150985718,0.6910620331764221,0.2577061951160431
0.5895081758499146,0.3864767551422119,0.6882957816123962,7.875988483428955,0.09170041233301163,0.8875616788864136,0.020737867802381516
0.7314678430557251,0.6675629615783691,0.5423555374145508,6.278512954711914,0.999445378780365,0.00040411597001366317,0.00015052981325425208
0.7412978410720825,0.7076283693313599,0.8181343674659729,3.633432388305664,0.9991866946220398,0.000499815447255969,0.0003135463921353221
0.44545191526412964,0.5985344052314758,0.6274449825286865,-1.8133832216262817,0.05094992741942406,0.9479755163192749,0.0010745826875790954
0.7035747170448303,0.08213180303573608,0.050188615918159485,-0.6003777980804443,0.012236736714839935,0.9726511240005493,0.015112207271158695
0.6192238330841064,0.6197900772094727,0.7736952304840088,-0.23437534272670746,0.26554208993911743,0.4709606468677521,0.2634972929954529
0.6716879606246948,0.16229046881198883,0.10648507624864578,4.359184265136719,0.7696166634559631,0.21555563807487488,0.014827732928097248
0.6328017711639404,0.701869785785675,0.7489760518074036,3.966172933578491,0.5901985168457031,0.40694183111190796,0.002859664149582386
0.6274508833885193,0.6599442958831787,0.8239504098892212,4.423210144042969,0.03822574019432068,0.8647469282150269,0.09702733159065247
0.5922677516937256,0.6319223046302795,0.45048171281814575,-2.702932834625244,0.9993942975997925,0.0004793081316165626,0.00012635091843549162
0.6205525994300842,0.56352299451828,0.9310777187347412,7.776786804199219,0.005730780307203531,0.44174978137016296,0.5525194406509399
0.5961281061172485,0.5705181360244751,0.7239252328872681,3.2596194744110107,0.9994121789932251,0.0003296291106380522,0.0002582336310297251
0.6521399617195129,0.5522761344909668,0.7780472040176392,0.103105328977108,0.9955458641052246,0.0036155949346721172,0.0008384307147935033
0.6186234951019287,0.6295032501220703,0.42225730419158936,4.174267768859863,0.9978664517402649,0.0018306267447769642,0.0003029916260857135
0.7162061333656311,0.7048187851905823,0.9330565929412842,0.1280541867017746,0.002771328901872039,0.10912619531154633,0.8881024122238159
0.6234471797943115,0.6510961651802063,0.5089982151985168,5.808216094970703,0.9982919096946716,0.0011264750501140952,0.0005815839394927025
0.7471135854721069,0.7441283464431763,0.6895171999931335,1.9910821914672852,0.9994858503341675,0.0004285006725694984,8.570990030420944e-05
0.696838915348053,0.7129254341125488,0.9118355512619019,6.749890327453613,0.0012942919274792075,0.15434691309928894,0.8443587422370911
0.6151615381240845,0.5671720504760742,0.8220565319061279,1.4317378997802734,0.02358897402882576,0.34463194012641907,0.631779134273529
0.6334177851676941,0.7202642560005188,0.5741604566574097,4.85093879699707,0.9904232025146484,0.008184635080397129,0.001392078003846109
0.5761556625366211,0.5705773830413818,0.8171399831771851,-3.3951120376586914,0.09497441351413727,0.8124808669090271,0.09254470467567444
0.7390756607055664,0.7627435922622681,0.9534585475921631,4.548651695251465,0.0027452295180410147,0.13546353578567505,0.8617912530899048
0.6537545919418335,0.6538568735122681,0.7406762838363647,3.9453635215759277,0.9992865920066833,0.0004279038112144917,0.00028549862327054143
0.691677987575531,0.15496869385242462,0.0801938846707344,5.871819496154785,0.020450366660952568,0.9548379778862,0.024711675941944122
0.6560598015785217,0.7272663712501526,0.7807378768920898,4.627490520477295,0.12864762544631958,0.5904821753501892,0.2808701694011688
0.6880897283554077,0.6482017040252686,0.8318917751312256,5.267722129821777,0.9996188879013062,0.00017861372907646,0.00020245883206371218
0.7188946008682251,0.761384904384613,0.9123749732971191,-1.3512543439865112,0.10291219502687454,0.4724997878074646,0.42458802461624146
0.7784733772277832,0.7002938985824585,0.8032851219177246,6.812289714813232,0.5028336644172668,0.4954931437969208,0.0016731792129576206
0.6373014450073242,0.6521197557449341,0.8371735215187073,4.079489231109619,0.031953372061252594,0.2860131859779358,0.6820334792137146
0.6337892413139343,0.6625500321388245,0.7030251026153564,1.6708183288574219,0.1395980715751648,0.8589027523994446,0.0014992262003943324
0.7107627391815186,0.6074931025505066,0.8762326240539551,3.6953978538513184,0.023868175223469734,0.8845807909965515,0.09155109524726868
0.7428613901138306,0.080407053232193,-0.005943747237324715,4.318539142608643,0.037627238780260086,0.9504976272583008,0.011875134892761707
0.5409266948699951,0.4834482967853546,0.7188572883605957,-1.4403247833251953,0.10550607740879059,0.8939456343650818,0.0005482996930368245
0.5577212572097778,0.5341638326644897,0.8871176838874817,4.627423286437988,0.09564381092786789,0.8027852177619934,0.10157093405723572
0.4482957720756531,0.5610069632530212,0.6857990026473999,-1.4096176624298096,0.06531864404678345,0.9338627457618713,0.0008185628685168922
0.7244508266448975,0.7173652648925781,0.9007838368415833,4.009166240692139,0.07759150117635727,0.4809292256832123,0.4414792060852051
0.6736589670181274,0.6580724716186523,0.865696907043457,-3.6219642162323,0.21798768639564514,0.39589765667915344,0.3861146867275238
0.5934352278709412,0.5995707511901855,0.8953202962875366,-0.2914472222328186,0.021516844630241394,0.5510006546974182,0.4274824857711792
0.6874763369560242,0.5318285226821899,0.6137949824333191,6.8720383644104,0.09480488300323486,0.8774895668029785,0.027705561369657516
0.6659477353096008,0.6343279480934143,0.8497970700263977,3.032226085662842,0.012946221977472305,0.48773089051246643,0.4993228614330292
0.6341055035591125,0.1347346305847168,0.12779170274734497,-1.3605825901031494,0.011337894015014172,0.9682184457778931,0.020443614572286606
0.727271556854248,0.6437676548957825,0.8175035715103149,2.2414662837982178,0.012914234772324562,0.9866923689842224,0.00039338687201961875
0.7150330543518066,0.6633892059326172,0.8538680076599121,3.0495951175689697,0.027258072048425674,0.633544385433197,0.3391975462436676
0.6289469599723816,0.7315548658370972,0.8215012550354004,-2.3725860118865967,0.0593685545027256,0.5798771381378174,0.3607543706893921
0.737669825553894,0.6895248889923096,0.8237638473510742,3.7926197052001953,0.047278936952352524,0.8333668112754822,0.11935427039861679
0.5439357161521912,0.5441802740097046,0.7689641118049622,3.5839662551879883,0.04538737237453461,0.9538144469261169,0.0007982449606060982
0.743349552154541,0.7295300960540771,0.8181984424591064,6.224396705627441,0.07790117710828781,0.5843983888626099,0.33770036697387695
0.6859123706817627,0.6044453978538513,0.7452925443649292,7.287407875061035,0.839306652545929,0.15908794105052948,0.0016054324805736542
0.7580083012580872,0.7854395508766174,0.8673921823501587,1.607683539390564,0.07796936482191086,0.2698924243450165,0.6521382331848145
0.7207647562026978,0.5784285068511963,0.7291034460067749,6.416492462158203,0.4709824323654175,0.4689038097858429,0.060113683342933655
0.6646894812583923,0.5482652187347412,0.8410664200782776,4.380812644958496,0.9996428489685059,0.00020660070003941655,0.00015045907639432698
0.4424823224544525,0.13849951326847076,0.1750613898038864,0.5388312339782715,0.4042069911956787,0.5543198585510254,0.0414731502532959
0.6613355278968811,0.1813259720802307,0.07016318291425705,3.87721586227417,0.7498781085014343,0.23608893156051636,0.01403301302343607
0.7440760731697083,0.7542824745178223,0.6878294348716736,5.90277099609375,0.9985400438308716,0.0012599366018548608,0.00019994705507997423
0.549289345741272,0.6100673079490662,0.733055830001831,2.42364501953125,0.15731105208396912,0.5782159566879272,0.264473021030426
0.630582332611084,0.6276748180389404,0.7452318668365479,3.145096778869629,0.0774000957608223,0.8101074695587158,0.1124923974275589
0.6366307735443115,0.679044246673584,0.7150295972824097,3.358034610748291,0.05263923853635788,0.9469489455223083,0.0004118270881008357
0.6332636475563049,0.8301260471343994,0.6159980297088623,4.714242458343506,0.9990803003311157,0.0007459644111804664,0.00017371305148117244
0.5986191630363464,0.6569633483886719,0.7409975528717041,-2.66318678855896,0.9977700710296631,0.0013105823891237378,0.0009193241712637246
0.5600564479827881,0.6259132027626038,0.6440273523330688,4.175349235534668,0.16702117025852203,0.832066535949707,0.0009122127667069435
0.6898783445358276,0.5777143836021423,0.6525673866271973,4.022019386291504,0.16588959097862244,0.8332370519638062,0.0008734110160730779
0.574048638343811,0.18890193104743958,0.20463645458221436,-2.4328083992004395,0.034086938947439194,0.9477660655975342,0.01814698614180088
0.715164303779602,0.702019453048706,0.8459434509277344,2.0640017986297607,0.9966817498207092,0.002637381199747324,0.0006807991885580122
0.677404522895813,0.15576325356960297,0.20010441541671753,4.1174726486206055,0.5847986340522766,0.39830273389816284,0.016898583620786667
0.6878537535667419,0.7217504978179932,0.6413642168045044,3.092378854751587,0.9985648989677429,0.0012362131383270025,0.0001989706652238965
0.6789402365684509,0.7447900176048279,0.8436981439590454,0.14229774475097656,0.07112725079059601,0.6112802624702454,0.31759244203567505
0.7255871295928955,0.5530602335929871,0.6330105066299438,-0.441535621881485,0.08925420045852661,0.9053958058357239,0.005349999293684959
0.8648492097854614,0.8663631677627563,0.7826591730117798,5.460007667541504,0.9983056783676147,0.0015492724487558007,0.00014511344488710165
0.7710424065589905,0.8435485363006592,0.7965863943099976,5.48223876953125,0.999068558216095,0.0005685206851921976,0.0003628657723311335
0.6788352727890015,0.6412717700004578,0.7701568603515625,3.4615564346313477,0.9995941519737244,0.00022496614838019013,0.00018088972137775272
0.6522818803787231,0.6227558255195618,0.7980190515518188,3.63812255859375,0.0328468419611454,0.966428279876709,0.0007248701294884086
0.642005443572998,0.7870476245880127,0.7581772804260254,5.13523006439209,0.010025126859545708,0.47876811027526855,0.5112067461013794
0.6623612642288208,0.5941413640975952,0.8843497633934021,5.7704925537109375,0.02136315032839775,0.9093719720840454,0.06926488131284714
0.5152443647384644,0.5999242067337036,0.9332056641578674,0.3688279986381531,0.0035598205868154764,0.059184424579143524,0.9372557997703552
0.7299895286560059,0.6827822923660278,0.8496021628379822,4.815280914306641,0.0393017902970314,0.5620344281196594,0.3986637592315674
0.6463593244552612,0.6033416986465454,0.713281512260437,5.809165000915527,0.09539231657981873,0.9038558006286621,0.0007518255151808262
0.7039810419082642,0.11361129581928253,-0.033446382731199265,2.6554195880889893,0.029571697115898132,0.9552256464958191,0.015202716924250126
0.8058059811592102,0.0985703319311142,0.049098022282123566,3.0579376220703125,0.013183346949517727,0.9778778553009033,0.008938765153288841
0.6666436195373535,0.6876493692398071,0.8853358030319214,-0.1235320046544075,0.030479177832603455,0.2894020080566406,0.6801187992095947
0.6709650754928589,0.1143108606338501,0.14643052220344543,3.5611391067504883,0.6636623740196228,0.31733351945877075,0.019004059955477715
0.8257265090942383,0.0414452999830246,0.0450364351272583,4.794194221496582,0.014555305242538452,0.9702052474021912,0.015239457599818707
0.7308514714241028,0.7247151136398315,0.5923548340797424,6.883047103881836,0.9989417195320129,0.0009230966679751873,0.00013513900921680033
0.7086476683616638,0.6978957056999207,0.7497807741165161,4.93311071395874,0.3721066117286682,0.6267374157905579,0.0011559632839635015
0.6472519636154175,0.7157599925994873,0.5773607492446899,-1.2091915607452393,0.9993368983268738,0.0005563310696743429,0.00010670164920156822
0.6848482489585876,0.6392040848731995,0.9546898007392883,4.9408392906188965,0.0021747227292507887,0.19420427083969116,0.8036209940910339
0.7321698069572449,0.6569838523864746,0.7644699811935425,6.390503883361816,0.9997217059135437,0.00013048158143647015,0.0001477805635659024
0.7598404884338379,0.7592115998268127,0.9417078495025635,8.419218063354492,0.008517761714756489,0.4062732458114624,0.5852090120315552
0.43210649490356445,0.43459242582321167,0.7150554656982422,-1.8076047897338867,0.9995535016059875,0.00023508252343162894,0.00021138883312232792
0.808834433555603,0.5942561626434326,0.6124448776245117,3.8717198371887207,0.019096367061138153,0.9731076955795288,0.007795845158398151
0.6074957847595215,0.6469917297363281,0.7852335572242737,3.7486391067504883,0.9995821118354797,0.0002146689803339541,0.00020317378221079707
0.6519603133201599,0.33147311210632324,0.12425867468118668,-5.010868072509766,0.04559846594929695,0.9249442219734192,0.02945728972554207
0.5886174440383911,0.6304671764373779,0.902707576751709,0.24758467078208923,0.00833140779286623,0.2381378710269928,0.753530740737915
0.6924524903297424,0.6291994452476501,0.7885576486587524,3.625009536743164,0.02625548280775547,0.8338826298713684,0.13986194133758545
0.5742073059082031,0.5933215022087097,0.7488845586776733,-2.1883044242858887,0.9994753003120422,0.0002749237173702568,0.00024982105242088437
0.692725419998169,0.21544083952903748,0.1467384696006775,3.271718978881836,0.013996489346027374,0.9723196625709534,0.01368381641805172
0.6819172501564026,0.697580873966217,0.7851823568344116,0.8242426514625549,0.10321594774723053,0.8962765336036682,0.0005074750515632331
0.6379002928733826,0.5993029475212097,0.8631950616836548,3.8396406173706055,0.03537355363368988,0.640932559967041,0.3236938714981079
0.5988354682922363,0.5883055925369263,0.7878466248512268,5.03761100769043,0.9979806542396545,0.0014119475381448865,0.0006074781413190067
0.45000240206718445,0.5133278965950012,0.6321365833282471,0.9572974443435669,0.9983239769935608,0.0010655152145773172,0.0006105020875111222
0.8114233016967773,0.7544841766357422,0.8849649429321289,7.910312175750732,0.049321867525577545,0.4536489248275757,0.49702924489974976
0.7258707880973816,0.7244393229484558,0.7495808601379395,3.5336837768554688,0.9991565942764282,0.0004039630002807826,0.0004393991839606315
0.5983510613441467,0.6937261819839478,0.7482162117958069,3.1964635848999023,0.03701713681221008,0.3344988524913788,0.6284839510917664
0.7176733016967773,0.6707781553268433,0.833071231842041,7.103209972381592,0.4544539451599121,0.42948204278945923,0.11606408655643463
0.5485250353813171,0.5535262823104858,0.9309029579162598,-2.661749839782715,0.007724741939455271,0.18003572523593903,0.8122395873069763
0.7030709385871887,0.6923807263374329,0.7117904424667358,3.4061174392700195,0.036999788135290146,0.9625007510185242,0.0004994299961254001
0.7004965543746948,0.6735571622848511,0.8750248551368713,4.708398342132568,0.19232165813446045,0.8070441484451294,0.0006341881235130131
0.6713986992835999,0.7234439253807068,0.8235878348350525,2.72354793548584,0.0406571663916111,0.8580360412597656,0.10130680352449417
0.7089247703552246,0.1682344228029251,0.0799582302570343,5.052585124969482,0.03284584358334541,0.9367385506629944,0.03041553683578968
0.6639660000801086,0.5843338370323181,0.780735969543457,0.5723766088485718,0.9994088411331177,0.00034092951682396233,0.0002502230927348137
0.7043083906173706,0.730344831943512,0.5641961693763733,7.565243244171143,0.9989557266235352,0.0008814394823275506,0.0001627420133445412
0.7717490196228027,0.7560008764266968,0.6812893748283386,4.669133186340332,0.9983914494514465,0.0010222595883533359,0.0005863307160325348
0.7334015965461731,0.04787622392177582,0.12953701615333557,5.302773475646973,0.02395043708384037,0.9555126428604126,0.020536895841360092
0.7790346145629883,0.7570011019706726,0.7914877533912659,6.176827430725098,0.9995545744895935,0.0002413982292637229,0.00020405267423484474
0.7415482401847839,0.7850817441940308,0.6337676644325256,5.055130481719971,0.9990679621696472,0.0007996540516614914,0.000132486573420465
0.7651364803314209,0.12069860845804214,0.07475990056991577,0.41305726766586304,0.01867048256099224,0.9553152322769165,0.026014257222414017
0.7868703603744507,0.6918305158615112,0.816437840461731,0.41038447618484497,0.9962829947471619,0.003119527129456401,0.0005975639214739203
0.5050007104873657,0.5809440612792969,0.763322114944458,-5.51007080078125,0.03264930471777916,0.8726938962936401,0.09465683251619339
0.6931909322738647,0.810758113861084,0.6379190683364868,2.1349735260009766,0.6091194152832031,0.3874779939651489,0.003402534406632185
0.7060954570770264,0.7206209897994995,0.8000349998474121,6.763572692871094,0.02402016893029213,0.6933445930480957,0.28263524174690247
0.7737379670143127,0.7850558757781982,0.9146459698677063,5.4694342613220215,0.0016813556430861354,0.1018730103969574,0.8964455723762512
0.6325941681861877,0.408348947763443,0.7683148384094238,4.104440689086914,0.9991132616996765,0.0006014931132085621,0.00028520013438537717
0.6361753940582275,0.1573391556739807,0.1352405995130539,-0.7756414413452148,0.012309454381465912,0.9739485383033752,0.013741988688707352
0.6246917247772217,0.6263177990913391,0.744558572769165,5.2643723487854,0.08824162930250168,0.5997572541236877,0.31200113892555237
0.7237027883529663,0.7795102596282959,0.54265296459198,3.166597366333008,0.9993985891342163,0.0005437481449916959,5.768715709564276e-05
0.7548054456710815,0.7547470331192017,0.9282246828079224,2.5123367309570312,0.03965456783771515,0.6428544521331787,0.31749096512794495
0.655471682548523,0.6837397813796997,0.9213269948959351,6.140285015106201,0.0016509175766259432,0.04556961730122566,0.9527794718742371
0.6249470114707947,0.06192949041724205,0.1281803548336029,4.091380596160889,0.053004976361989975,0.9079828262329102,0.0390121266245842
0.7022659182548523,0.10897879302501678,0.12819533050060272,3.7890665531158447,0.01916707493364811,0.947749137878418,0.03308380767703056
0.7400585412979126,0.6892856359481812,0.9006273746490479,4.128320693969727,0.04510097578167915,0.5547851920127869,0.4001138508319855
0.7142043113708496,0.44082945585250854,0.5370004773139954,1.6417508125305176,0.1191173866391182,0.8684399724006653,0.012442686595022678
0.6709926724433899,0.5169183015823364,0.7442053556442261,4.3985595703125,0.09271466732025146,0.9065676331520081,0.0007177280494943261
0.5665297508239746,0.5889715552330017,0.7600119709968567,-2.902683734893799,0.07782889157533646,0.5914441347122192,0.3307269513607025
0.56180340051651,0.5685293674468994,0.5861376523971558,2.7289509773254395,0.060585103929042816,0.9384552836418152,0.0009595970623195171
0.6509370803833008,0.46790245175361633,0.7008914947509766,1.529848337173462,0.14173614978790283,0.8367063403129578,0.021557459607720375
0.5310112833976746,0.46458300948143005,0.6258339881896973,0.6786394119262695,0.04172718897461891,0.9420440196990967,0.016228729858994484
0.5528194308280945,0.6983840465545654,0.8288083076477051,5.111995697021484,0.002112377667799592,0.11585046350955963,0.8820371627807617
0.7091814875602722,0.7072577476501465,0.7311073541641235,3.0835890769958496,0.04295773804187775,0.9565059542655945,0.0005362889496609569
0.6683436632156372,0.6120703816413879,0.8678489923477173,1.3498883247375488,0.018914148211479187,0.5591097474098206,0.42197608947753906
0.7620819807052612,0.7269902229309082,0.8335292339324951,3.588226079940796,0.013660338707268238,0.9858559370040894,0.0004836838925257325
0.5965112447738647,0.6606204509735107,0.7339991331100464,3.483567714691162,0.21702001988887787,0.7823747992515564,0.0006052444223314524
0.6298170685768127,0.4427506923675537,0.7173795104026794,0.6437575817108154,0.01986883021891117,0.9733673334121704,0.00676391227170825
0.6381189823150635,0.39840298891067505,0.5397818088531494,0.8405908346176147,0.01705600693821907,0.9798280596733093,0.003115905448794365
0.766373872756958,0.754248321056366,0.6377245783805847,6.2685370445251465,0.9987912774085999,0.0010177321964874864,0.00019097317999694496
0.7159156799316406,0.7706520557403564,0.8279451131820679,4.687187194824219,0.06897234171628952,0.6839612126350403,0.2470664083957672
0.717279314994812,0.6299713850021362,0.7911592125892639,4.2790117263793945,0.016762835904955864,0.9828824996948242,0.00035464996472001076
0.6153469681739807,0.04476473480463028,0.09883610904216766,1.2536323070526123,0.022314047440886497,0.9566231369972229,0.02106291614472866
0.6236841082572937,0.5223472118377686,0.6818270683288574,3.393627166748047,0.009454037062823772,0.9888622164726257,0.0016837652074173093
0.5685548782348633,0.5873457193374634,0.668525218963623,1.2896926403045654,0.032699573785066605,0.9607340693473816,0.006566417869180441
0.516446590423584,0.40815672278404236,0.1691276729106903,-0.4134153127670288,0.04126231372356415,0.9354320764541626,0.023305654525756836
0.6750336289405823,0.4460259974002838,0.5649377107620239,6.261654853820801,0.042463622987270355,0.9503172636032104,0.007219159509986639
0.6712620258331299,0.579246997833252,0.6203034520149231,2.1101841926574707,0.057389289140701294,0.9329544901847839,0.009656175039708614
0.5348525047302246,0.3381843566894531,0.007153345271945,3.738530158996582,0.14780618250370026,0.843447208404541,0.008746599778532982
0.8127058148384094,0.8263406157493591,0.7179326415061951,6.903563499450684,0.9987632036209106,0.001081774360500276,0.00015505714691244066
0.7135198712348938,0.6744522452354431,0.8475069999694824,-2.4040117263793945,0.9978821873664856,0.0015913568204268813,0.000526380492374301
0.7128304243087769,0.7962497472763062,0.8698314428329468,2.075108766555786,0.03503972291946411,0.4938089847564697,0.47115132212638855
0.7676403522491455,0.7388129234313965,0.8317432403564453,6.089572906494141,0.014479061588644981,0.9850782155990601,0.0004426816594786942
0.6383311152458191,0.6549316644668579,0.9448562860488892,4.127688407897949,0.0015680327778682113,0.1462896317243576,0.8521422743797302
0.5760797262191772,0.4757130444049835,0.7901216745376587,3.6312849521636963,0.998836100101471,0.0008533896179869771,0.00031057660817168653
0.6478475332260132,0.5732015371322632,0.8001865148544312,0.836851179599762,0.03868957236409187,0.9607201814651489,0.0005902149132452905
0.6576083898544312,0.5080488324165344,0.606788158416748,2.3393640518188477,0.2907794713973999,0.6703146696090698,0.03890585899353027
0.7560056447982788,0.7893731594085693,0.8006922006607056,3.9151511192321777,0.07211002707481384,0.9273443818092346,0.0005455073551274836
0.6829590201377869,0.507434070110321,0.5464386940002441,5.907035827636719,0.08251725137233734,0.8980109095573425,0.01947186142206192
0.5869428515434265,0.6796224117279053,0.7898351550102234,2.1126623153686523,0.10929510742425919,0.6557756662368774,0.23492923378944397
0.7029752731323242,0.4531150162220001,0.6272993087768555,6.421441078186035,0.016319124028086662,0.9758906960487366,0.007790131028741598
0.5967208743095398,0.11245429515838623,0.1694294810295105,2.560676336288452,0.4293089210987091,0.5387424826622009,0.031948599964380264
0.7046301364898682,0.7830042839050293,0.7807925939559937,2.962733030319214,0.053916070610284805,0.9030176997184753,0.04306628555059433
0.4369886517524719,0.4611119329929352,0.6904066205024719,-6.679264068603516,0.999401330947876,0.00035386194940656424,0.00024481560103595257
0.6867483854293823,0.6619237661361694,0.9461714029312134,2.8238134384155273,0.00401265686377883,0.12044227123260498,0.875545084476471
0.541415274143219,0.527564287185669,0.8320788145065308,0.8279681205749512,0.04186384379863739,0.8211725950241089,0.13696357607841492
0.7531065344810486,0.7288786768913269,0.901698112487793,6.107251167297363,0.0010370693635195494,0.24918599426746368,0.7497769594192505
0.4909481406211853,0.48709535598754883,0.9436200261116028,-2.6637375354766846,0.0023238256108015776,0.17449437081813812,0.8231818079948425
0.6371291875839233,0.5573090314865112,0.7923722863197327,3.6868414878845215,0.9985635876655579,0.0009136212756857276,0.0005228611407801509
0.74558424949646,0.7530772089958191,0.5623536109924316,5.448984146118164,0.9983927607536316,0.0014349123230203986,0.00017235023551620543
0.7928507924079895,0.0989408791065216,0.12226202338933945,5.748228549957275,0.04621940106153488,0.9316825866699219,0.0220981203019619
0.7735153436660767,0.19486364722251892,0.16438686847686768,3.7234928607940674,0.7601426839828491,0.2251291126012802,0.014728212729096413
0.7209762334823608,0.7610558867454529,0.790267825126648,5.487752914428711,0.023850223049521446,0.6698839664459229,0.30626577138900757
0.5645259618759155,0.5553298592567444,0.8662669658660889,4.838540077209473,0.02378249168395996,0.2678026854991913,0.7084147930145264
0.7564290761947632,0.5650631189346313,0.7208612561225891,3.8859617710113525,0.026159321889281273,0.9685867428779602,0.005253934301435947
0.7181254625320435,0.6912949085235596,0.812915563583374,5.690966606140137,0.01960657723248005,0.5047333240509033,0.475660115480423
0.6548430919647217,0.7826074361801147,0.7923399209976196,5.480886459350586,0.05314866825938225,0.6445982456207275,0.30225303769111633
0.629522979259491,0.694054365158081,0.47614172101020813,-3.039738893508911,0.997983455657959,0.001782773993909359,0.00023373847943730652
0.6474658250808716,0.582136869430542,0.7847355604171753,-0.03436341881752014,0.9987284541130066,0.0008193590911105275,0.0004522070521488786
0.5345436334609985,0.515742301940918,0.8410212397575378,1.5250236988067627,0.030646270141005516,0.719089686870575,0.2502640187740326
0.6406048536300659,0.7426110506057739,0.8063006401062012,4.790369510650635,0.06800861656665802,0.8524340987205505,0.07955726981163025
0.6279725432395935,0.7197544574737549,0.8048563003540039,1.8315621614456177,0.28463828563690186,0.6161282062530518,0.09923353046178818
0.5910212993621826,0.45234400033950806,0.7588473558425903,-2.317110061645508,0.10599569231271744,0.7086886167526245,0.18531577289104462
0.7258331775665283,0.784988522529602,0.9172863960266113,5.901527404785156,0.0005310495034791529,0.05817863717675209,0.9412903189659119
0.6890368461608887,0.6969543695449829,0.8920347094535828,2.220785617828369,0.001564773148857057,0.3576948642730713,0.6407403349876404
0.5596666932106018,0.5273247361183167,0.8143044710159302,-1.2512904405593872,0.05012780427932739,0.8385613560676575,0.11131082475185394
0.6742135882377625,0.6875008344650269,0.8093643188476562,2.6421871185302734,0.9989429116249084,0.000632984156254679,0.0004242213908582926
0.6670107841491699,0.5881141424179077,0.7151612639427185,6.871498107910156,0.011518130078911781,0.9881369471549988,0.00034494855208322406
0.7662263512611389,0.7175211906433105,0.836398720741272,7.832015037536621,0.9963653087615967,0.0025334893725812435,0.0011011232854798436
0.6896078586578369,0.7150886654853821,0.624990701675415,5.092747688293457,0.9992075562477112,0.0006351336487568915,0.0001573919435031712
0.6362172365188599,0.6964380741119385,0.9203884601593018,3.1124815940856934,0.0077729374170303345,0.19675180315971375,0.7954752445220947
0.6903880834579468,0.733784556388855,0.7813078165054321,6.251707077026367,0.03564723581075668,0.4305005967617035,0.5338521599769592
0.6306809186935425,0.7510314583778381,0.8402775526046753,5.633256912231445,0.024764271453022957,0.6191626191139221,0.3560730814933777
0.6052312254905701,0.5955929160118103,0.9153958559036255,-3.2825546264648438,0.001885912730358541,0.1840343028306961,0.8140798211097717
0.5414026975631714,0.4953988492488861,0.5868802070617676,-0.652846097946167,0.28255507349967957,0.716618537902832,0.0008264089119620621
0.7114672660827637,0.6200615167617798,0.748185396194458,6.196272850036621,0.9994865655899048,0.0003091931575909257,0.00020424534159246832
0.6423054933547974,0.622368335723877,0.9485640525817871,5.39887809753418,0.0025641683023422956,0.40083789825439453,0.5965979695320129
0.6033580899238586,0.6088047027587891,0.8705999851226807,2.9529566764831543,0.001311191008426249,0.0750044509768486,0.9236844182014465
0.6389384269714355,0.6325259804725647,0.8474363088607788,2.7340598106384277,0.015343451872467995,0.816300630569458,0.16835594177246094
0.6645285487174988,0.5325888991355896,0.6574289798736572,3.127519130706787,0.04527165740728378,0.9417797327041626,0.012948655523359776
0.6128294467926025,0.6309880018234253,0.5863484144210815,-0.5524029731750488,0.9994240999221802,0.00044870850979350507,0.00012724057887680829
0.6590514779090881,0.4601399302482605,0.608298122882843,1.5341664552688599,0.3343724012374878,0.651509702205658,0.014118010178208351
0.6649366617202759,0.6669510006904602,0.7220239639282227,3.387755870819092,0.015627171844244003,0.9839503765106201,0.0004224423610139638
0.6402169466018677,0.6095913648605347,0.608773946762085,1.6558204889297485,0.9994739890098572,0.0004154470225330442,0.00011050913599319756
0.6278476715087891,0.7739208936691284,0.7483690977096558,3.121185064315796,0.009993954561650753,0.9893968105316162,0.0006091785617172718
0.6866158246994019,0.7036417722702026,0.6307884454727173,5.950304985046387,0.11043984442949295,0.8887948989868164,0.0007653386564925313
0.548473060131073,0.5293394327163696,0.8485609292984009,-1.700071096420288,0.015944795683026314,0.1947866529226303,0.7892685532569885
0.684607982635498,0.6552011966705322,0.6254005432128906,2.533982992172241,0.04214136675000191,0.9358184337615967,0.02204025909304619
0.6304353475570679,0.5798317790031433,0.7261569499969482,3.9457502365112305,0.05517600476741791,0.9400147795677185,0.004809195175766945
0.44340014457702637,0.517340898513794,0.779869019985199,3.496526002883911,0.010002096183598042,0.3925591707229614,0.5974387526512146
0.7483441829681396,0.6985173225402832,0.6502164006233215,2.7768197059631348,0.9995056390762329,0.00039597658906131983,9.843231964623556e-05
0.6755398511886597,0.6218505501747131,0.8483451008796692,3.761916160583496,0.9991375207901001,0.0005510231130756438,0.0003114077844657004
0.7092813849449158,0.6538436412811279,0.7857933044433594,7.270240783691406,0.20717595517635345,0.6995311975479126,0.09329283237457275
0.5306663513183594,0.571809709072113,0.8169022798538208,-1.8542407751083374,0.03260793909430504,0.7616463303565979,0.20574568212032318
0.5487273335456848,0.5104405879974365,0.7209648489952087,-0.755426824092865,0.9993866682052612,0.0003712932229973376,0.0002420122764306143
0.7948257923126221,0.8352787494659424,0.9110032916069031,5.737237930297852,0.0017807490658015013,0.1475091129541397,0.8507101535797119
0.7140666246414185,0.7480795979499817,0.9307746291160583,3.8745346069335938,0.0034954706206917763,0.3408234119415283,0.6556811332702637
0.5455182194709778,0.6280243396759033,0.9079654216766357,3.1782383918762207,0.0034270496107637882,0.15855515003204346,0.8380177617073059
0.6926727890968323,0.7095036506652832,0.8351107835769653,4.134685039520264,0.008715545758605003,0.38032880425453186,0.6109556555747986
0.6966159343719482,0.40660667419433594,0.6118938326835632,6.48203706741333,0.04908929765224457,0.9464631676673889,0.004447492305189371
0.7006280422210693,0.7554805278778076,0.8046501874923706,1.5573757886886597,0.016688678413629532,0.8056397438049316,0.1776716113090515
0.6996342539787292,0.6859732866287231,0.5135188698768616,6.169677734375,0.999021053314209,0.0009028204367496073,7.611247565364465e-05
0.7015591263771057,0.6729159951210022,0.9447448253631592,5.504304885864258,0.004218531772494316,0.3042678236961365,0.6915136575698853
0.6879123449325562,0.7190479636192322,0.8047431707382202,1.8861467838287354,0.9976849555969238,0.001291365479119122,0.0010236205998808146
0.6435706615447998,0.6072453856468201,0.898587703704834,6.771187782287598,0.00569630041718483,0.2487981766462326,0.7455055117607117
0.7945272922515869,0.7536537647247314,0.7668148875236511,0.08472409844398499,0.0717853382229805,0.9272279143333435,0.0009867921471595764
0.5402776598930359,0.5390722751617432,0.7416068315505981,1.418776035308838,0.999211311340332,0.0005110141355544329,0.0002776907931547612
0.6447246074676514,0.634536862373352,0.7696518898010254,2.809237003326416,0.09217262268066406,0.9070547223091125,0.0007727259071543813
0.5464045405387878,0.6078618764877319,0.7715259790420532,-1.4280180931091309,0.16058582067489624,0.8383774161338806,0.0010367872891947627
0.6713799238204956,0.5483723878860474,0.6462926864624023,-0.3467400074005127,0.9829776287078857,0.014943643473088741,0.00207878858782351
0.6533624529838562,0.6188929080963135,0.801362156867981,3.7615585327148438,0.015446385368704796,0.388126015663147,0.5964276194572449
0.7285699844360352,0.014860041439533234,0.05874373018741608,5.486758232116699,0.05928172171115875,0.9181397557258606,0.022578509524464607
0.6329681873321533,0.571526825428009,0.7256618142127991,5.380345344543457,0.07212932407855988,0.9032304883003235,0.024640100076794624
0.7595944404602051,0.6236963272094727,0.7686172127723694,5.773458957672119,0.037716034799814224,0.7215626835823059,0.2407212257385254
0.7102528810501099,0.7476956844329834,0.6542720794677734,0.03574257716536522,0.999606192111969,0.0002934466174338013,0.00010033719445345923
0.7079182863235474,0.6246351003646851,0.7559497952461243,4.025435447692871,0.023441994562745094,0.9708055257797241,0.005752511788159609
0.5834783315658569,0.5904685258865356,0.7647078037261963,-1.1310019493103027,0.07280556857585907,0.926276445388794,0.0009178780601359904
0.606417179107666,0.632603108882904,0.714327335357666,1.719788670539856,0.9972925782203674,0.00230138236656785,0.00040599619387649
0.7028012275695801,0.6812889575958252,0.5673326849937439,5.479119300842285,0.9994117021560669,0.0003777268866542727,0.00021067220950499177
0.6317662000656128,0.5406423807144165,0.8048639297485352,3.127850294113159,0.9995219707489014,0.00025980346254073083,0.00021832354832440615
0.7492890357971191,0.6958304643630981,0.9070128202438354,4.629666328430176,0.042968861758708954,0.7300375699996948,0.22699356079101562
0.6504337787628174,0.586933434009552,0.7515263557434082,3.3224451541900635,0.007461518049240112,0.5691482424736023,0.4233902096748352
0.5249286890029907,0.28974097967147827,0.40944400429725647,6.139748573303223,0.0374920554459095,0.9550328850746155,0.007475079037249088
0.5681747198104858,0.13474848866462708,0.07195764034986496,-3.270451068878174,0.050185754895210266,0.9302464723587036,0.019567759707570076
0.7341070175170898,0.8879538178443909,0.7307021617889404,5.190469741821289,0.9981789588928223,0.0014814343303442001,0.00033955610706470907
0.7215006351470947,0.7072176933288574,0.5637117624282837,4.98332405090332,0.9992488026618958,0.0006068309303373098,0.0001443596847821027
0.6392643451690674,0.6487723588943481,0.439818799495697,5.071730613708496,0.9992384910583496,0.0005465993308462203,0.00021487902267836034
0.6302112936973572,0.1506367325782776,0.11411464214324951,-0.044222887605428696,0.049996279180049896,0.9281772375106812,0.021826568990945816
0.6584597826004028,0.5797128677368164,0.6195348501205444,1.824249267578125,0.4365658760070801,0.5472267866134644,0.016207292675971985
0.6110738515853882,0.4474865794181824,0.6321814656257629,1.156644582748413,0.22630882263183594,0.7631579041481018,0.010533205233514309
0.7847005128860474,0.7945379614830017,0.6378688812255859,3.6094861030578613,0.9983102083206177,0.001536081312224269,0.00015380358672700822
0.8113741874694824,0.27679604291915894,0.22703251242637634,4.67843770980835,0.8376216888427734,0.1551619917154312,0.007216299884021282
0.7834277153015137,0.5852992534637451,0.6194103956222534,7.888466835021973,0.018681561574339867,0.9756737947463989,0.00564465532079339
0.5612146854400635,0.7225164175033569,0.6955305337905884,4.042673110961914,0.1741430163383484,0.8250794410705566,0.000777495326474309
0.545763373374939,0.32466572523117065,0.17340949177742004,-1.7513376474380493,0.01101428922265768,0.9781212210655212,0.010864576324820518
0.4976242780685425,0.1789482980966568,0.057685382664203644,0.8124492764472961,0.018082840368151665,0.9680355787277222,0.01388152502477169
0.5492291450500488,0.44855284690856934,0.6132940053939819,-0.16963371634483337,0.049687113612890244,0.923812747001648,0.026500139385461807
0.6690629720687866,0.28937095403671265,0.14257316291332245,3.6518819332122803,0.014570403844118118,0.9693096280097961,0.01611996255815029
0.5597788095474243,0.5882213711738586,0.9344139695167542,2.885152816772461,0.0037650091107934713,0.28782129287719727,0.7084137201309204
0.7147617936134338,0.7059434056282043,0.9124374985694885,6.534219741821289,0.005332433618605137,0.11733049899339676,0.8773370981216431
0.801688551902771,0.8216912150382996,0.8177192211151123,3.5712966918945312,0.9995489716529846,0.00024168619711417705,0.00020930463506374508
0.7131774425506592,0.7442802786827087,0.7867249250411987,2.800957441329956,0.9993389248847961,0.00032265574554912746,0.0003384051669854671
0.6632573008537292,0.6249940395355225,0.9106415510177612,6.276932716369629,0.0006028056959621608,0.05385548993945122,0.9455417394638062
0.595382809638977,0.5754588842391968,0.749506413936615,3.4958534240722656,0.05308240279555321,0.8156852126121521,0.1312323808670044
0.6210035085678101,0.6269099712371826,0.8014063239097595,2.5675957202911377,0.0018045204924419522,0.19538885354995728,0.8028066158294678
0.7641874551773071,0.6789683103561401,0.7584514617919922,7.859302520751953,0.01931733451783657,0.9803590774536133,0.00032364606158807874
0.6117686033248901,0.23989444971084595,0.0982525572180748,5.406525611877441,0.03206250071525574,0.9364338517189026,0.031503673642873764
0.5146139860153198,0.3547191619873047,0.5967544913291931,2.0692451000213623,0.012858254835009575,0.9845245480537415,0.0026172774378210306
0.8487184643745422,0.8504929542541504,0.8856750726699829,7.604288101196289,0.0266780536621809,0.8514116406440735,0.12191028892993927
0.5496858358383179,0.6676608324050903,0.8025610446929932,1.80857515335083,0.032495833933353424,0.5645173192024231,0.40298688411712646
0.6047515869140625,0.2735847532749176,0.11689455062150955,-2.2472033500671387,0.020735779777169228,0.9574437737464905,0.02182043343782425
0.6364172697067261,0.6824309825897217,0.9013065099716187,4.896656036376953,0.006664866115897894,0.3049222528934479,0.6884128451347351
0.6891645193099976,0.7210198640823364,0.9635377526283264,3.389862537384033,0.013840263709425926,0.29583773016929626,0.6903219819068909
0.741747260093689,0.7683418989181519,0.6211205124855042,3.7795333862304688,0.9993640780448914,0.0005474399658851326,8.847685967339203e-05
0.5304381251335144,0.5898422002792358,0.6544867157936096,0.9325833916664124,0.998492956161499,0.0009868873748928308,0.0005202026222832501
0.7061604857444763,0.5864392518997192,0.6622962951660156,5.1557936668396,0.037087131291627884,0.9428735971450806,0.020039258524775505
0.6881604194641113,0.6684865951538086,0.9142726063728333,4.438783168792725,0.0007549705915153027,0.0362415574491024,0.9630035161972046
0.6073087453842163,0.5042763948440552,0.5905851721763611,2.6323108673095703,0.013347439467906952,0.9830842614173889,0.003568242071196437
0.6992610692977905,0.297908216714859,0.10765597969293594,1.722188115119934,0.008374347351491451,0.9823892712593079,0.009236405603587627
0.8095158338546753,0.8142507672309875,0.769745945930481,4.950689792633057,0.9983018636703491,0.0015358873642981052,0.00016216404037550092
0.5962368845939636,0.6723268032073975,0.6058306097984314,1.4495856761932373,0.04496638476848602,0.9543669819831848,0.000666672014631331
0.6448708176612854,0.8163715600967407,0.5869410634040833,3.405673027038574,0.9992364645004272,0.0005661982577294111,0.00019736937247216702
0.5824397802352905,0.09382414072751999,0.10898258537054062,3.863959550857544,0.029384220018982887,0.9573675990104675,0.013248261064291
0.6877175569534302,0.586617112159729,0.7546213865280151,3.549158811569214,0.9991165995597839,0.0005696128937415779,0.00031379659776575863
0.7267454266548157,0.7700001001358032,0.8388901948928833,5.194753646850586,0.035915303975343704,0.8352586030960083,0.12882612645626068
0.5914590358734131,0.11411888897418976,0.06530636548995972,0.281942218542099,0.017743483185768127,0.9584155678749084,0.02384100668132305
0.6126121282577515,0.7706748247146606,0.48213693499565125,4.0310258865356445,0.999262273311615,0.0006372957723215222,0.00010038315667770803
0.6970395445823669,0.7609397172927856,0.6168091297149658,6.6504058837890625,0.9995506405830383,0.0004000681219622493,4.9166465032612905e-05
0.6237995028495789,0.734966516494751,0.5000813007354736,3.6860904693603516,0.9994716048240662,0.0003341833653394133,0.00019423526828177273
0.6834678649902344,0.6383500099182129,0.9111865758895874,3.6208581924438477,0.04739249497652054,0.6949597001075745,0.25764772295951843
0.7173642516136169,0.2684675455093384,0.1428396999835968,5.009219646453857,0.047046396881341934,0.9220263957977295,0.03092719241976738
0.71872878074646,0.5726568698883057,0.7053960561752319,2.3002824783325195,0.36095675826072693,0.6122039556503296,0.026839300990104675
0.676191508769989,0.4664570093154907,0.5683716535568237,3.477689504623413,0.021933911368250847,0.9743727445602417,0.0036933105438947678
0.705938458442688,0.6033559441566467,0.7478392124176025,6.207332134246826,0.07483528554439545,0.9244163632392883,0.0007484002853743732
0.5186170935630798,0.5948931574821472,0.918508768081665,-3.682910919189453,0.0006684914114885032,0.08901584893465042,0.9103156924247742
0.6907377243041992,0.6022577285766602,0.7172789573669434,6.262369155883789,0.03604810684919357,0.9578014612197876,0.006150429602712393
0.6894774436950684,0.6091161370277405,0.5376681685447693,6.429637908935547,0.9994468092918396,0.00034379237331449986,0.00020931738254148513
0.6841268539428711,0.7409424781799316,0.5266631841659546,3.5632176399230957,0.9991198182106018,0.0005710407858714461,0.0003091813705395907
0.5933808088302612,0.6127035617828369,0.4562663435935974,3.673158645629883,0.9988940358161926,0.0008807670092210174,0.00022513642034027725
0.732835590839386,0.65984046459198,0.7303493022918701,0.7824240326881409,0.06770511716604233,0.9317982792854309,0.000496664026286453
0.7730922698974609,0.7620764374732971,0.8600507378578186,2.8314390182495117,0.11746080964803696,0.8022897243499756,0.08024945855140686
0.7489831447601318,0.7499171495437622,0.7791627645492554,7.0224995613098145,0.02151617780327797,0.7197099328041077,0.2587738037109375
0.7177118062973022,0.580617368221283,0.6620156168937683,6.6700592041015625,0.04305913671851158,0.9445492625236511,0.01239160355180502
0.7966245412826538,0.8232826590538025,0.9095921516418457,2.0112662315368652,0.036136750131845474,0.3957078158855438,0.5681554079055786
0.5861924290657043,0.0999075174331665,0.10424231737852097,-0.35072124004364014,0.030003614723682404,0.9569010734558105,0.01309527363628149
0.6300447583198547,0.258038192987442,0.162808358669281,4.593196392059326,0.042646437883377075,0.9217153787612915,0.03563819080591202
0.6228233575820923,0.5991029739379883,0.7572706937789917,-1.7694063186645508,0.19388070702552795,0.8053814768791199,0.0007378208101727068
0.6708778142929077,0.13303907215595245,0.060509808361530304,2.638547420501709,0.03219403699040413,0.9458135962486267,0.021992452442646027
0.6949752569198608,0.5357094407081604,0.6970375776290894,3.038550853729248,0.041061706840991974,0.9439724087715149,0.014965847134590149
0.6742926836013794,0.571617603302002,0.6629376411437988,6.743349075317383,0.08658475428819656,0.9129431247711182,0.0004721433506347239
0.6848942637443542,0.2103218287229538,0.08086338639259338,3.099139928817749,0.021715039387345314,0.96326744556427,0.015017468482255936
0.6630904674530029,0.7468816041946411,0.5467541813850403,5.156306743621826,0.9994577765464783,0.0004521440714597702,9.00346421985887e-05
0.7030056118965149,0.6818344593048096,0.8446298837661743,6.930145263671875,0.03980128467082977,0.5820780992507935,0.3781205713748932
0.8080214858055115,0.661504864692688,0.6995439529418945,3.203275203704834,0.018510868772864342,0.9743412137031555,0.007147894706577063
0.6268036365509033,0.5165271759033203,0.7219473719596863,-0.18343579769134521,0.015497528947889805,0.9840637445449829,0.0004387199296616018
0.6481448411941528,0.7440871000289917,0.8253222107887268,4.88622522354126,0.01836576871573925,0.6089375615119934,0.3726966679096222
0.8121751546859741,0.8213320970535278,0.8733391165733337,3.344315528869629,0.020638534799218178,0.8904285430908203,0.08893292397260666
0.4276132583618164,0.6460471153259277,0.7331151962280273,-0.7381688952445984,0.046670544892549515,0.40469831228256226,0.5486311912536621
0.7959247827529907,0.7340859770774841,0.5983451008796692,6.672194480895996,0.9995558857917786,0.0002783689124044031,0.00016575295012444258
0.49989208579063416,0.39123716950416565,0.6921078562736511,-3.742110252380371,0.998389720916748,0.0008763033547438681,0.0007339325966313481
0.5269115567207336,0.5926203727722168,0.46079742908477783,3.1462552547454834,0.9993545413017273,0.0005136355757713318,0.00013185353600420058
0.5001258254051208,0.6067481637001038,0.6431963443756104,0.07884134352207184,0.22579970955848694,0.773348867893219,0.0008514263899996877
0.6202723979949951,0.7227599620819092,0.6989507675170898,4.824239253997803,0.07215794175863266,0.6191090941429138,0.3087329566478729
0.5006551146507263,0.34697872400283813,0.6366186141967773,4.532438278198242,0.9475529789924622,0.044518064707517624,0.007928911596536636
0.6745789051055908,0.5295367240905762,0.6867468357086182,2.9601640701293945,0.036332421004772186,0.9491274952888489,0.014540072530508041
0.6639003753662109,0.762723445892334,0.5402231216430664,-0.4309622645378113,0.9993935823440552,0.0005165273905731738,8.982381405076012e-05
0.6503198146820068,0.17592951655387878,0.17576107382774353,5.849528789520264,0.015229885466396809,0.9688360691070557,0.01593399979174137
0.6788649559020996,0.6853130459785461,0.770153284072876,7.516506195068359,0.19774837791919708,0.8016793131828308,0.0005723887006752193
0.6604423522949219,0.6193482279777527,0.8010058999061584,4.096771240234375,0.9996609687805176,0.00019094890740234405,0.00014813884627074003
0.6022564172744751,0.6940839290618896,0.711465060710907,3.1406006813049316,0.0137898875400424,0.8733903765678406,0.11281971633434296
0.5872272253036499,0.15230558812618256,0.1504310965538025,-0.6451264023780823,0.02008385956287384,0.9615594148635864,0.01835671067237854
0.6046534776687622,0.6013482213020325,0.8364691734313965,4.705609321594238,0.008319513872265816,0.397190123796463,0.5944903492927551
0.6696715950965881,0.6850764751434326,0.8486700057983398,-0.03136264160275459,0.01617000438272953,0.3844296932220459,0.5994003415107727
0.6308535933494568,0.6584221720695496,0.7193814516067505,3.419600486755371,0.01950507052242756,0.6309258341789246,0.34956905245780945
0.7046575546264648,0.7015365958213806,0.7616015672683716,6.027765274047852,0.9978194236755371,0.0015621714992448688,0.0006183821824379265
0.4571237564086914,0.42601871490478516,0.5814580917358398,-1.9396767616271973,0.03271923586726189,0.7638880610466003,0.20339269936084747
0.7330406904220581,0.7437880039215088,0.7726315259933472,5.50291633605957,0.02975979633629322,0.9696319699287415,0.0006082874024286866
0.7132912278175354,0.632656991481781,0.8632984161376953,3.9409055709838867,0.035340599715709686,0.7517192959785461,0.21294009685516357
0.6407885551452637,0.6012789011001587,0.4506458044052124,1.9457252025604248,0.9980658888816833,0.0016885591903701425,0.000245527335209772
0.6129234433174133,0.6161590218544006,0.802994430065155,-1.6683889627456665,0.9992640614509583,0.00048046413576230407,0.00025545782409608364
0.6845600605010986,0.6476874351501465,0.6633737087249756,5.602226257324219,0.4531950056552887,0.5449842810630798,0.0018207740504294634
0.46545910835266113,0.14932647347450256,0.008362125605344772,2.158135414123535,0.023888640105724335,0.9547216296195984,0.021389763802289963
0.6629506945610046,0.6227657794952393,0.6859076619148254,3.853421211242676,0.07318374514579773,0.9262269735336304,0.0005892449989914894
0.7443374991416931,0.6655863523483276,0.7766106724739075,1.6484735012054443,0.1020592451095581,0.7707633972167969,0.127177432179451
0.6757786273956299,0.7125420570373535,0.9526548385620117,5.921769618988037,0.004687771201133728,0.16668730974197388,0.828624963760376
0.688384473323822,0.588395357131958,0.6640880107879639,5.788176536560059,0.08699331432580948,0.8976879715919495,0.015318699181079865
0.6923454999923706,0.6994635462760925,0.870968759059906,2.1654796600341797,0.06238047406077385,0.6308730244636536,0.3067465126514435
0.6217833757400513,0.5723458528518677,0.9301245212554932,0.29825878143310547,0.0017758191097527742,0.12497232109308243,0.8732519149780273
0.786005437374115,0.6335108280181885,0.7750588655471802,7.576831817626953,0.04455167427659035,0.9551239013671875,0.00032436507171951234
0.7236927151679993,0.7025367617607117,0.775533139705658,2.8078932762145996,0.9996090531349182,0.00023732527915854007,0.00015362024714704603
0.6695960760116577,0.6120269298553467,0.6694717407226562,2.2213635444641113,0.01489176880568266,0.9811322093009949,0.003975891973823309
0.6445332169532776,0.42951303720474243,0.47711190581321716,-0.6404246091842651,0.6407433748245239,0.3497588634490967,0.009497787803411484
0.6574828028678894,0.6299774646759033,0.9586000442504883,3.000235080718994,0.0031718492973595858,0.21984311938285828,0.7769850492477417
0.6942067742347717,0.7310898303985596,0.6264967322349548,-4.549588680267334,0.9992971420288086,0.0004363907210063189,0.0002665231586433947
0.682487964630127,0.7187579870223999,0.7007929086685181,4.391013145446777,0.9994155168533325,0.00040324192377738655,0.00018125849601347
0.7155752182006836,0.5461345911026001,0.6636888384819031,6.450870513916016,0.016466956585645676,0.9743769764900208,0.009156182408332825
0.6514828205108643,0.67067551612854,0.7649652361869812,4.365981101989746,0.019148124381899834,0.8419910073280334,0.13886091113090515
0.7268524765968323,0.6580712795257568,0.7763229608535767,6.289968490600586,0.9980225563049316,0.0014738257741555572,0.0005036704242229462
0.6643062233924866,0.6752356290817261,0.7181788682937622,3.136566638946533,0.03761483356356621,0.9617478251457214,0.0006373290088959038
0.6967716217041016,0.6619585752487183,0.8598400354385376,3.646019458770752,0.9995790123939514,0.0002456447691656649,0.00017544276488479227
0.6150411367416382,0.6627904176712036,0.8495979905128479,5.168574333190918,0.007853039540350437,0.28076860308647156,0.7113783955574036
0.6527217626571655,0.059131279587745667,0.042091283947229385,-2.1478850841522217,0.16946955025196075,0.8176288604736328,0.01290153618901968
0.6817196607589722,0.6783183813095093,0.7131601572036743,4.570406436920166,0.9995602965354919,0.0002453456399962306,0.00019435460853856057
0.621150553226471,0.6453800201416016,0.8433113098144531,4.793190002441406,0.016734464094042778,0.5186318159103394,0.4646337032318115
0.3377768099308014,0.37756526470184326,0.8450207710266113,-4.770943641662598,0.004756954498589039,0.38615167140960693,0.6090914011001587
0.5827245116233826,0.5910871028900146,0.8189437985420227,1.053344488143921,0.2077336311340332,0.6167210936546326,0.175545334815979
0.7095943093299866,0.19875013828277588,0.1856919229030609,2.9300007820129395,0.8290665149688721,0.15848973393440247,0.012443732470273972
0.7144688367843628,0.5458760261535645,0.564140796661377,4.355363845825195,0.01867922581732273,0.9654860496520996,0.015834739431738853
0.7065882086753845,0.7177078723907471,0.9222471117973328,3.270585298538208,0.0024751240853220224,0.21920815110206604,0.7783167362213135
0.5761971473693848,0.6344208717346191,0.9187020659446716,1.976447582244873,0.0038094741757959127,0.22255100309848785,0.7736395001411438
0.5379067659378052,0.752833366394043,0.39100760221481323,-1.624876618385315,0.9995928406715393,0.000324789754813537,8.235531277023256e-05
0.7375571727752686,0.7572641372680664,0.820156455039978,5.347540378570557,0.9992272853851318,0.0004538322100415826,0.000318901235004887
0.7038708925247192,0.7988300323486328,0.5579663515090942,5.385890960693359,0.9988382458686829,0.001003600424155593,0.00015807901218067855
0.6379777193069458,0.2798835039138794,0.14765378832817078,3.3205180168151855,0.03211594000458717,0.943071722984314,0.024812310934066772
0.6645077466964722,0.6592000722885132,0.8041455149650574,4.2171430587768555,0.025000309571623802,0.6470233798027039,0.327976256608963
0.5296995639801025,0.19426551461219788,0.08066536486148834,2.1973538398742676,0.0373404324054718,0.9444193243980408,0.018240168690681458
0.5029957294464111,0.4774788022041321,0.8057199120521545,-2.0999908447265625,0.9996389150619507,0.00020595031674019992,0.00015514013648498803
0.7033430337905884,0.6267992258071899,0.9242917895317078,5.0504045486450195,0.0010213535279035568,0.11116217076778412,0.8878164887428284
0.605768620967865,0.4783717691898346,0.6291956901550293,0.8339861631393433,0.02739005722105503,0.9568806290626526,0.015729352831840515
0.7304887771606445,0.12871134281158447,0.06368841975927353,3.3573012351989746,0.013832313008606434,0.9781742095947266,0.007993429899215698
0.6641098260879517,0.6404626369476318,0.9226250648498535,2.238579034805298,0.000717590912245214,0.12684328854084015,0.8724391460418701
0.61773681640625,0.6104451417922974,0.9199252128601074,0.949134349822998,0.0019553210586309433,0.3478081524372101,0.6502365469932556
0.6667252779006958,0.4698067903518677,0.6089956760406494,3.624000072479248,0.049501802772283554,0.9341266751289368,0.016371512785553932
0.6029485464096069,0.13474848866462708,0.11596640944480896,-2.7233667373657227,0.017392504960298538,0.9723864793777466,0.010221044532954693
0.7142254114151001,0.6172837615013123,0.8280216455459595,-0.09977878630161285,0.9991921782493591,0.00045210387906990945,0.0003557074523996562
0.7353372573852539,0.7179980874061584,0.8963053822517395,4.809841632843018,0.0026160047855228186,0.16905954480171204,0.8283244967460632
0.7157270908355713,0.5964266657829285,0.7079995274543762,4.169528484344482,0.06953814625740051,0.9184855222702026,0.011976325884461403
0.6706406474113464,0.7120185494422913,0.8146451711654663,3.241443634033203,0.13622625172138214,0.7349007725715637,0.12887293100357056
0.6655215620994568,0.6488873958587646,0.8972394466400146,4.231960296630859,0.0031917509622871876,0.30094972252845764,0.6958585381507874
0.6055161952972412,0.5054641962051392,0.6228188276290894,2.815335750579834,0.08294795453548431,0.8965829014778137,0.020469123497605324
0.658698558807373,0.7024017572402954,0.744088351726532,6.360860824584961,0.12137452512979507,0.5112935900688171,0.3673318922519684
0.7585344910621643,0.7983622550964355,0.6471313834190369,6.678348541259766,0.9986070990562439,0.0011731379199773073,0.00021973179536871612
0.6807814240455627,0.739772617816925,0.7904404401779175,2.5260934829711914,0.052422069013118744,0.8710218071937561,0.07655614614486694
0.6544280052185059,0.6108485460281372,0.8692783117294312,0.4230130612850189,0.031020326539874077,0.7114773988723755,0.2575022876262665
0.6177524328231812,0.6120103001594543,0.5023901462554932,3.3069303035736084,0.9979838132858276,0.001746287220157683,0.00026981637347489595
0.6906384229660034,0.5141052603721619,0.6444424986839294,3.6882176399230957,0.942693829536438,0.052458614110946655,0.004847511649131775
0.6710797548294067,0.24030905961990356,0.10931452363729477,4.479193687438965,0.024235153570771217,0.9546664357185364,0.021098459139466286
0.7070584893226624,0.833038866519928,0.6174633502960205,4.118678569793701,0.9878125786781311,0.00953101646155119,0.0026564993895590305
0.5005936622619629,0.7223845720291138,0.5435270071029663,1.9973822832107544,0.9992057681083679,0.0006842170259915292,0.00011002190149156377
0.6617515087127686,0.12749120593070984,0.0981922447681427,1.6722337007522583,0.07362649589776993,0.9040120244026184,0.02236148715019226
