id,domain,subdomain,topic,question,retrieved_context,ground_truth_answer,model_answer,failure_type,severity,evidence_quality,explanation,source_style
1,Business,strategy,market positioning,What does the document say about market positioning?,The context indicates that market positioning is linked to causal factor number 2. A risk factor is also mentioned in the same passage. The document keeps the explanation focused on the strategy use case.,"The key point is that market positioning is linked to causal factor number 2, and the passage also mentions a risk factor.",The answer concerns an unrelated topic and says that market positioning is mostly about a different domain.,Retrieval Failure,High,Low,The retrieved context is not relevant enough to answer the question well.,FAQ excerpt
2,Business,strategy,market positioning,What is the correct answer regarding market positioning?,The context indicates that market positioning is linked to decrease number 17. A time window is also mentioned in the same passage. The document keeps the explanation focused on the strategy use case.,"The key point is that market positioning is linked to decrease number 17, and the passage also mentions a time window.",The answer concerns an unrelated topic and says that market positioning is mostly about a different domain.,Retrieval Failure,High,Low,The retrieved context is not relevant enough to answer the question well.,support ticket
3,Healthcare,diagnosis,type 2 diabetes,What does the document say about type 2 diabetes?,The document explains that type 2 diabetes is linked to warning sign number 4. A time window is also mentioned in the same passage. The document keeps the explanation focused on the diagnosis use case.,"The key point is that type 2 diabetes is linked to warning sign number 4, and the passage also mentions a time window.","Since type 2 diabetes mentions a time window, the model concludes an unrelated extra result that does not follow.",Reasoning Error,Medium,Medium,The model uses the available evidence but reaches an incorrect inference.,knowledge base article
4,Food,cooking,spices overview,Which detail is supported by the context for spices overview?,The context indicates that spices overview is linked to threshold number 7. A best practice is also mentioned in the same passage. The document keeps the explanation focused on the cooking use case.,"The key point is that spices overview is linked to threshold number 7, and the passage also mentions a best practice.","The key point is that spices overview is linked to threshold number 7, and it also causes a completely unsupported major issue.",Hallucination,High,Low,The model adds an unsupported detail that does not appear in the retrieved context.,policy memo
5,Education,assignment,research methods,What is the correct answer regarding research methods?,The passage states that research methods is linked to guideline number 7. A follow-up action is also mentioned in the same passage. The document keeps the explanation focused on the assignment use case.,"The key point is that research methods is linked to guideline number 7, and the passage also mentions a follow-up action.","The key point is that research methods is linked to guideline number 7, but the supporting reference points to another passage.",Wrong Citation,Medium,Medium,"The answer may be correct, but the cited source or evidence reference is incorrect or mismatched.",knowledge base article
6,Technology,security,password hashing,What does the document say about password hashing?,The document explains that password hashing is linked to guideline number 10. A weekly review is also mentioned in the same passage. The document keeps the explanation focused on the security use case.,"The key point is that password hashing is linked to guideline number 10, and the passage also mentions a weekly review.","Since password hashing mentions a weekly review, the model concludes an unrelated extra result that does not follow.",Reasoning Error,Medium,Medium,The model uses the available evidence but reaches an incorrect inference.,FAQ excerpt
7,Travel,safety,emergency contacts,What does the document say about emergency contacts?,The passage states that emergency contacts is linked to increase number 17. A priority order is also mentioned in the same passage. The document keeps the explanation focused on the safety use case.,"The key point is that emergency contacts is linked to increase number 17, and the passage also mentions a priority order.",The context does not provide enough information to answer confidently.,Missing Context,Medium,Medium,The answer ignores useful evidence that is present in the retrieved context.,support ticket
8,Travel,budget travel,daily spending,What is the correct answer regarding daily spending?,The context indicates that daily spending is linked to deadline number 16. A estimated cost is also mentioned in the same passage. The document keeps the explanation focused on the budget travel use case.,"The key point is that daily spending is linked to deadline number 16, and the passage also mentions a estimated cost.","The key point is that daily spending is not linked to deadline number 16; instead, it is linked to the opposite outcome.",Contradiction,High,Low,The answer directly conflicts with the information in the retrieved context.,training note
9,Legal,compliance,record keeping,What does the document say about record keeping?,The source says that record keeping is linked to procedure number 4. A weekly review is also mentioned in the same passage. The document keeps the explanation focused on the compliance use case.,"The key point is that record keeping is linked to procedure number 4, and the passage also mentions a weekly review.","The key point is that record keeping is not linked to procedure number 4; instead, it is linked to the opposite outcome.",Contradiction,High,Low,The answer directly conflicts with the information in the retrieved context.,policy memo
10,Sports,statistics,win rate,"According to the provided context, what is the key point about win rate?",The document explains that win rate is linked to guideline number 14. A priority order is also mentioned in the same passage. The document keeps the explanation focused on the statistics use case.,"The key point is that win rate is linked to guideline number 14, and the passage also mentions a priority order.","The key point is that win rate is linked to guideline number 14, and it also causes a completely unsupported major issue.",Hallucination,High,Low,The model adds an unsupported detail that does not appear in the retrieved context.,knowledge base article
11,Environment,climate,carbon emissions,Which detail is supported by the context for carbon emissions?,The source says that carbon emissions is linked to warning sign number 12. A risk factor is also mentioned in the same passage. The document keeps the explanation focused on the climate use case.,"The key point is that carbon emissions is linked to warning sign number 12, and the passage also mentions a risk factor.","The key point is that carbon emissions is linked to warning sign number 12, and the passage also mentions a risk factor.",No Failure,Low,High,The answer is supported by the retrieved context and matches the expected response.,FAQ excerpt
12,Legal,privacy,data retention benchmark,"According to the provided context, what is the key point about data retention benchmark?",The source says that data retention benchmark is linked to guideline number 11. A estimated cost is also mentioned in the same passage. The document keeps the explanation focused on the privacy use case.,"The key point is that data retention benchmark is linked to guideline number 11, and the passage also mentions a estimated cost.","The key point is that data retention benchmark is linked to guideline number 11, and it also causes a completely unsupported major issue.",Hallucination,High,Low,The model adds an unsupported detail that does not appear in the retrieved context.,support ticket
13,History,leader,mauryan empire,Which detail is supported by the context for mauryan empire?,The evidence shows that mauryan empire is linked to threshold number 2. A best practice is also mentioned in the same passage. The document keeps the explanation focused on the leader use case.,"The key point is that mauryan empire is linked to threshold number 2, and the passage also mentions a best practice.","The key point is that mauryan empire is linked to threshold number 2, and it also causes a completely unsupported major issue.",Hallucination,High,Low,The model adds an unsupported detail that does not appear in the retrieved context.,knowledge base article
14,Science,astronomy,exoplanets policy,"According to the provided context, what is the key point about exoplanets policy?",The context indicates that exoplanets policy is linked to procedure number 10. A verification step is also mentioned in the same passage. The document keeps the explanation focused on the astronomy use case.,"The key point is that exoplanets policy is linked to procedure number 10, and the passage also mentions a verification step.",The context does not provide enough information to answer confidently.,Missing Context,Medium,Medium,The answer ignores useful evidence that is present in the retrieved context.,knowledge base article
15,Education,study plan,final revision,Summarize the main fact about final revision from the passage.,The evidence shows that final revision is linked to deadline number 1. A time window is also mentioned in the same passage. The document keeps the explanation focused on the study plan use case.,"The key point is that final revision is linked to deadline number 1, and the passage also mentions a time window.",The answer concerns an unrelated topic and says that final revision is mostly about a different domain.,Retrieval Failure,High,Low,The retrieved context is not relevant enough to answer the question well.,policy memo
16,History,culture,trade routes policy,Summarize the main fact about trade routes policy from the passage.,The evidence shows that trade routes policy is linked to threshold number 9. A weekly review is also mentioned in the same passage. The document keeps the explanation focused on the culture use case.,"The key point is that trade routes policy is linked to threshold number 9, and the passage also mentions a weekly review.","The key point is that trade routes policy is linked to threshold number 9, but the supporting reference points to another passage.",Wrong Citation,Medium,Medium,"The answer may be correct, but the cited source or evidence reference is incorrect or mismatched.",FAQ excerpt
17,Finance,credit,credit score guidance,Summarize the main fact about credit score guidance from the passage.,The source says that credit score guidance is linked to deadline number 8. A time window is also mentioned in the same passage. The document keeps the explanation focused on the credit use case.,"The key point is that credit score guidance is linked to deadline number 8, and the passage also mentions a time window.","The key point is that credit score guidance is linked to deadline number 8, and the passage also mentions a time window.",No Failure,Low,High,The answer is supported by the retrieved context and matches the expected response.,knowledge base article
18,Science,chemistry,reaction rate,What is the correct answer regarding reaction rate?,The passage states that reaction rate is linked to increase number 10. A weekly review is also mentioned in the same passage. The document keeps the explanation focused on the chemistry use case.,"The key point is that reaction rate is linked to increase number 10, and the passage also mentions a weekly review.",The key point is that reaction rate is linked to increase number 10.,Partial Answer,Medium,Medium,The response captures the core idea but leaves out an important supporting detail.,knowledge base article
19,History,movement,civil rights workflow,Summarize the main fact about civil rights workflow from the passage.,The passage states that civil rights workflow is linked to causal factor number 16. A weekly review is also mentioned in the same passage. The document keeps the explanation focused on the movement use case.,"The key point is that civil rights workflow is linked to causal factor number 16, and the passage also mentions a weekly review.","The key point is that civil rights workflow is linked to causal factor number 16, but the supporting reference points to another passage.",Wrong Citation,Medium,Medium,"The answer may be correct, but the cited source or evidence reference is incorrect or mismatched.",policy memo
20,Education,study plan,final revision,What does the document say about final revision?,The source says that final revision is linked to warning sign number 9. A priority order is also mentioned in the same passage. The document keeps the explanation focused on the study plan use case.,"The key point is that final revision is linked to warning sign number 9, and the passage also mentions a priority order.","The key point is that final revision is linked to warning sign number 9, and it also causes a completely unsupported major issue.",Hallucination,High,Low,The model adds an unsupported detail that does not appear in the retrieved context.,policy memo
21,Travel,safety,emergency contacts overview,What is the correct answer regarding emergency contacts overview?,The context indicates that emergency contacts overview is linked to causal factor number 8. A required step is also mentioned in the same passage. The document keeps the explanation focused on the safety use case.,"The key point is that emergency contacts overview is linked to causal factor number 8, and the passage also mentions a required step.","The key point is that emergency contacts overview is linked to causal factor number 8, but the supporting reference points to another passage.",Wrong Citation,Medium,Medium,"The answer may be correct, but the cited source or evidence reference is incorrect or mismatched.",FAQ excerpt
22,Technology,networking,latency,What is the correct answer regarding latency?,The passage states that latency is linked to increase number 5. A best practice is also mentioned in the same passage. The document keeps the explanation focused on the networking use case.,"The key point is that latency is linked to increase number 5, and the passage also mentions a best practice.","The key point is that latency is not linked to increase number 5; instead, it is linked to the opposite outcome.",Contradiction,High,Low,The answer directly conflicts with the information in the retrieved context.,support ticket
23,Food,meal planning,portion control benchmark,"According to the provided context, what is the key point about portion control benchmark?",The context indicates that portion control benchmark is linked to comparison number 17. A weekly review is also mentioned in the same passage. The document keeps the explanation focused on the meal planning use case.,"The key point is that portion control benchmark is linked to comparison number 17, and the passage also mentions a weekly review.",The answer concerns an unrelated topic and says that portion control benchmark is mostly about a different domain.,Retrieval Failure,High,Low,The retrieved context is not relevant enough to answer the question well.,support ticket
24,Travel,transport,rail schedules,Which detail is supported by the context for rail schedules?,The passage states that rail schedules is linked to causal factor number 9. A best practice is also mentioned in the same passage. The document keeps the explanation focused on the transport use case.,"The key point is that rail schedules is linked to causal factor number 9, and the passage also mentions a best practice.","The key point is that rail schedules is linked to causal factor number 9, and the passage also mentions a best practice.",No Failure,Low,High,The answer is supported by the retrieved context and matches the expected response.,policy memo
25,Education,course selection,statistics guidance,What is the correct answer regarding statistics guidance?,The source says that statistics guidance is linked to comparison number 2. A follow-up action is also mentioned in the same passage. The document keeps the explanation focused on the course selection use case.,"The key point is that statistics guidance is linked to comparison number 2, and the passage also mentions a follow-up action.",The answer concerns an unrelated topic and says that statistics guidance is mostly about a different domain.,Retrieval Failure,High,Low,The retrieved context is not relevant enough to answer the question well.,training note
26,Legal,contract clause,termination overview,What does the document say about termination overview?,The context indicates that termination overview is linked to threshold number 2. A exception clause is also mentioned in the same passage. The document keeps the explanation focused on the contract clause use case.,"The key point is that termination overview is linked to threshold number 2, and the passage also mentions a exception clause.","The key point is that termination overview is linked to threshold number 2, and it also causes a completely unsupported major issue.",Hallucination,High,Low,The model adds an unsupported detail that does not appear in the retrieved context.,training note
27,Environment,air quality,particulate matter workflow,Summarize the main fact about particulate matter workflow from the passage.,The source says that particulate matter workflow is linked to recommended action number 16. A weekly review is also mentioned in the same passage. The document keeps the explanation focused on the air quality use case.,"The key point is that particulate matter workflow is linked to recommended action number 16, and the passage also mentions a weekly review.","The key point is that particulate matter workflow is linked to recommended action number 16, and the passage also mentions a weekly review.",No Failure,Low,High,The answer is supported by the retrieved context and matches the expected response.,policy memo
28,Environment,waste,recycling guidance,Summarize the main fact about recycling guidance from the passage.,The evidence shows that recycling guidance is linked to deadline number 4. A estimated cost is also mentioned in the same passage. The document keeps the explanation focused on the waste use case.,"The key point is that recycling guidance is linked to deadline number 4, and the passage also mentions a estimated cost.","The key point is that recycling guidance is linked to deadline number 4, and the passage also mentions a estimated cost.",No Failure,Low,High,The answer is supported by the retrieved context and matches the expected response.,training note
29,Business,operations,inventory turnover,Summarize the main fact about inventory turnover from the passage.,The evidence shows that inventory turnover is linked to causal factor number 10. A time window is also mentioned in the same passage. The document keeps the explanation focused on the operations use case.,"The key point is that inventory turnover is linked to causal factor number 10, and the passage also mentions a time window.","The key point is that inventory turnover is not linked to causal factor number 10; instead, it is linked to the opposite outcome.",Contradiction,High,Low,The answer directly conflicts with the information in the retrieved context.,FAQ excerpt
30,Science,astronomy,exoplanets,Summarize the main fact about exoplanets from the passage.,The passage states that exoplanets is linked to warning sign number 1. A required step is also mentioned in the same passage. The document keeps the explanation focused on the astronomy use case.,"The key point is that exoplanets is linked to warning sign number 1, and the passage also mentions a required step.",The context does not provide enough information to answer confidently.,Missing Context,Medium,Medium,The answer ignores useful evidence that is present in the retrieved context.,FAQ excerpt
31,Education,learning strategy,note taking workflow,What is the correct answer regarding note taking workflow?,The evidence shows that note taking workflow is linked to warning sign number 14. A time window is also mentioned in the same passage. The document keeps the explanation focused on the learning strategy use case.,"The key point is that note taking workflow is linked to warning sign number 14, and the passage also mentions a time window.",The key point is that note taking workflow is linked to warning sign number 14.,Partial Answer,Medium,Medium,The response captures the core idea but leaves out an important supporting detail.,knowledge base article
32,Education,exam prep,linear algebra workflow,What is the correct answer regarding linear algebra workflow?,The evidence shows that linear algebra workflow is linked to decrease number 6. A verification step is also mentioned in the same passage. The document keeps the explanation focused on the exam prep use case.,"The key point is that linear algebra workflow is linked to decrease number 6, and the passage also mentions a verification step.","The key point is that linear algebra workflow is linked to decrease number 6, and it also causes a completely unsupported major issue.",Hallucination,High,Low,The model adds an unsupported detail that does not appear in the retrieved context.,support ticket
33,Business,strategy,market positioning,What is the correct answer regarding market positioning?,The document explains that market positioning is linked to procedure number 10. A best practice is also mentioned in the same passage. The document keeps the explanation focused on the strategy use case.,"The key point is that market positioning is linked to procedure number 10, and the passage also mentions a best practice.","Since market positioning mentions a best practice, the model concludes an unrelated extra result that does not follow.",Reasoning Error,Medium,Medium,The model uses the available evidence but reaches an incorrect inference.,support ticket
34,Finance,tax,capital gains,"According to the provided context, what is the key point about capital gains?",The context indicates that capital gains is linked to comparison number 2. A exception clause is also mentioned in the same passage. The document keeps the explanation focused on the tax use case.,"The key point is that capital gains is linked to comparison number 2, and the passage also mentions a exception clause.","Since capital gains mentions a exception clause, the model concludes an unrelated extra result that does not follow.",Reasoning Error,Medium,Medium,The model uses the available evidence but reaches an incorrect inference.,knowledge base article
35,Food,diet,fiber workflow,"According to the provided context, what is the key point about fiber workflow?",The passage states that fiber workflow is linked to procedure number 14. A risk factor is also mentioned in the same passage. The document keeps the explanation focused on the diet use case.,"The key point is that fiber workflow is linked to procedure number 14, and the passage also mentions a risk factor.","The key point is that fiber workflow is linked to procedure number 14, and it also causes a completely unsupported major issue.",Hallucination,High,Low,The model adds an unsupported detail that does not appear in the retrieved context.,support ticket
36,Food,food safety,storage temperature,"According to the provided context, what is the key point about storage temperature?",The evidence shows that storage temperature is linked to threshold number 12. A best practice is also mentioned in the same passage. The document keeps the explanation focused on the food safety use case.,"The key point is that storage temperature is linked to threshold number 12, and the passage also mentions a best practice.","The key point is that storage temperature is linked to threshold number 12, and the passage also mentions a best practice.",No Failure,Low,High,The answer is supported by the retrieved context and matches the expected response.,policy memo
37,Environment,wildlife,habitat loss overview,Which detail is supported by the context for habitat loss overview?,The document explains that habitat loss overview is linked to recommended action number 10. A priority order is also mentioned in the same passage. The document keeps the explanation focused on the wildlife use case.,"The key point is that habitat loss overview is linked to recommended action number 10, and the passage also mentions a priority order.","The key point is that habitat loss overview is not linked to recommended action number 10; instead, it is linked to the opposite outcome.",Contradiction,High,Low,The answer directly conflicts with the information in the retrieved context.,support ticket
38,Travel,booking,cancellation policy,What does the document say about cancellation policy?,The document explains that cancellation policy is linked to threshold number 13. A priority order is also mentioned in the same passage. The document keeps the explanation focused on the booking use case.,"The key point is that cancellation policy is linked to threshold number 13, and the passage also mentions a priority order.","The key point is that cancellation policy is not linked to threshold number 13; instead, it is linked to the opposite outcome.",Contradiction,High,Low,The answer directly conflicts with the information in the retrieved context.,FAQ excerpt
39,History,conflict,world war II policy,Summarize the main fact about world war II policy from the passage.,The context indicates that world war II policy is linked to causal factor number 15. A risk factor is also mentioned in the same passage. The document keeps the explanation focused on the conflict use case.,"The key point is that world war II policy is linked to causal factor number 15, and the passage also mentions a risk factor.","The key point is that world war II policy is linked to causal factor number 15, and it also causes a completely unsupported major issue.",Hallucination,High,Low,The model adds an unsupported detail that does not appear in the retrieved context.,policy memo
40,Technology,machine learning,overfitting,Which detail is supported by the context for overfitting?,The source says that overfitting is linked to deadline number 4. A required step is also mentioned in the same passage. The document keeps the explanation focused on the machine learning use case.,"The key point is that overfitting is linked to deadline number 4, and the passage also mentions a required step.",The context does not provide enough information to answer confidently.,Missing Context,Medium,Medium,The answer ignores useful evidence that is present in the retrieved context.,knowledge base article
41,Science,environmental science,water quality overview,"According to the provided context, what is the key point about water quality overview?",The evidence shows that water quality overview is linked to deadline number 10. A weekly review is also mentioned in the same passage. The document keeps the explanation focused on the environmental science use case.,"The key point is that water quality overview is linked to deadline number 10, and the passage also mentions a weekly review.","The key point is that water quality overview is linked to deadline number 10, but the supporting reference points to another passage.",Wrong Citation,Medium,Medium,"The answer may be correct, but the cited source or evidence reference is incorrect or mismatched.",training note
42,Education,study plan,final revision policy,Which detail is supported by the context for final revision policy?,The source says that final revision policy is linked to threshold number 1. A required step is also mentioned in the same passage. The document keeps the explanation focused on the study plan use case.,"The key point is that final revision policy is linked to threshold number 1, and the passage also mentions a required step.",The context does not provide enough information to answer confidently.,Missing Context,Medium,Medium,The answer ignores useful evidence that is present in the retrieved context.,FAQ excerpt
43,Environment,climate,carbon emissions,"According to the provided context, what is the key point about carbon emissions?",The document explains that carbon emissions is linked to comparison number 8. A exception clause is also mentioned in the same passage. The document keeps the explanation focused on the climate use case.,"The key point is that carbon emissions is linked to comparison number 8, and the passage also mentions a exception clause.","Since carbon emissions mentions a exception clause, the model concludes an unrelated extra result that does not follow.",Reasoning Error,Medium,Medium,The model uses the available evidence but reaches an incorrect inference.,support ticket
44,Science,physics,force and motion,"According to the provided context, what is the key point about force and motion?",The document explains that force and motion is linked to threshold number 1. A estimated cost is also mentioned in the same passage. The document keeps the explanation focused on the physics use case.,"The key point is that force and motion is linked to threshold number 1, and the passage also mentions a estimated cost.",The key point is that force and motion is linked to threshold number 1.,Partial Answer,Medium,Medium,The response captures the core idea but leaves out an important supporting detail.,support ticket
45,Environment,waste,recycling overview,Summarize the main fact about recycling overview from the passage.,The document explains that recycling overview is linked to increase number 15. A required step is also mentioned in the same passage. The document keeps the explanation focused on the waste use case.,"The key point is that recycling overview is linked to increase number 15, and the passage also mentions a required step.","The key point is that recycling overview is linked to increase number 15, and the passage also mentions a required step.",No Failure,Low,High,The answer is supported by the retrieved context and matches the expected response.,training note
46,Education,assignment,research methods benchmark,Which detail is supported by the context for research methods benchmark?,The source says that research methods benchmark is linked to decrease number 3. A estimated cost is also mentioned in the same passage. The document keeps the explanation focused on the assignment use case.,"The key point is that research methods benchmark is linked to decrease number 3, and the passage also mentions a estimated cost.","The key point is that research methods benchmark is linked to decrease number 3, and the passage also mentions a estimated cost.",No Failure,Low,High,The answer is supported by the retrieved context and matches the expected response.,training note
47,Technology,cloud,auto scaling guidance,Summarize the main fact about auto scaling guidance from the passage.,The context indicates that auto scaling guidance is linked to decrease number 13. A follow-up action is also mentioned in the same passage. The document keeps the explanation focused on the cloud use case.,"The key point is that auto scaling guidance is linked to decrease number 13, and the passage also mentions a follow-up action.",The key point is that auto scaling guidance is linked to decrease number 13.,Partial Answer,Medium,Medium,The response captures the core idea but leaves out an important supporting detail.,training note
48,Education,exam prep,linear algebra,Which detail is supported by the context for linear algebra?,The evidence shows that linear algebra is linked to threshold number 6. A required step is also mentioned in the same passage. The document keeps the explanation focused on the exam prep use case.,"The key point is that linear algebra is linked to threshold number 6, and the passage also mentions a required step.",The answer concerns an unrelated topic and says that linear algebra is mostly about a different domain.,Retrieval Failure,High,Low,The retrieved context is not relevant enough to answer the question well.,FAQ excerpt
49,Finance,tax,capital gains,"According to the provided context, what is the key point about capital gains?",The document explains that capital gains is linked to causal factor number 3. A time window is also mentioned in the same passage. The document keeps the explanation focused on the tax use case.,"The key point is that capital gains is linked to causal factor number 3, and the passage also mentions a time window.","The key point is that capital gains is linked to causal factor number 3, but the supporting reference points to another passage.",Wrong Citation,Medium,Medium,"The answer may be correct, but the cited source or evidence reference is incorrect or mismatched.",training note
50,Science,astronomy,exoplanets overview,What is the correct answer regarding exoplanets overview?,The passage states that exoplanets overview is linked to recommended action number 1. A follow-up action is also mentioned in the same passage. The document keeps the explanation focused on the astronomy use case.,"The key point is that exoplanets overview is linked to recommended action number 1, and the passage also mentions a follow-up action.",The key point is that exoplanets overview is linked to recommended action number 1.,Partial Answer,Medium,Medium,The response captures the core idea but leaves out an important supporting detail.,support ticket
51,Business,product,feature prioritization,What is the correct answer regarding feature prioritization?,The document explains that feature prioritization is linked to deadline number 15. A weekly review is also mentioned in the same passage. The document keeps the explanation focused on the product use case.,"The key point is that feature prioritization is linked to deadline number 15, and the passage also mentions a weekly review.",The answer concerns an unrelated topic and says that feature prioritization is mostly about a different domain.,Retrieval Failure,High,Low,The retrieved context is not relevant enough to answer the question well.,FAQ excerpt
52,Sports,match analysis,possession,"According to the provided context, what is the key point about possession?",The evidence shows that possession is linked to increase number 9. A required step is also mentioned in the same passage. The document keeps the explanation focused on the match analysis use case.,"The key point is that possession is linked to increase number 9, and the passage also mentions a required step.","The key point is that possession is linked to increase number 9, but the supporting reference points to another passage.",Wrong Citation,Medium,Medium,"The answer may be correct, but the cited source or evidence reference is incorrect or mismatched.",knowledge base article
53,Science,physics,force and motion guidance,What does the document say about force and motion guidance?,The passage states that force and motion guidance is linked to decrease number 13. A exception clause is also mentioned in the same passage. The document keeps the explanation focused on the physics use case.,"The key point is that force and motion guidance is linked to decrease number 13, and the passage also mentions a exception clause.","The key point is that force and motion guidance is linked to decrease number 13, and it also causes a completely unsupported major issue.",Hallucination,High,Low,The model adds an unsupported detail that does not appear in the retrieved context.,support ticket
54,Finance,risk,emergency fund,What is the correct answer regarding emergency fund?,The source says that emergency fund is linked to increase number 2. A required step is also mentioned in the same passage. The document keeps the explanation focused on the risk use case.,"The key point is that emergency fund is linked to increase number 2, and the passage also mentions a required step.",The key point is that emergency fund is linked to increase number 2.,Partial Answer,Medium,Medium,The response captures the core idea but leaves out an important supporting detail.,training note
55,Sports,training,recovery,Which detail is supported by the context for recovery?,The document explains that recovery is linked to guideline number 14. A required step is also mentioned in the same passage. The document keeps the explanation focused on the training use case.,"The key point is that recovery is linked to guideline number 14, and the passage also mentions a required step.",The context does not provide enough information to answer confidently.,Missing Context,Medium,Medium,The answer ignores useful evidence that is present in the retrieved context.,support ticket
56,Environment,water,contamination,Summarize the main fact about contamination from the passage.,The document explains that contamination is linked to decrease number 15. A priority order is also mentioned in the same passage. The document keeps the explanation focused on the water use case.,"The key point is that contamination is linked to decrease number 15, and the passage also mentions a priority order.","The key point is that contamination is not linked to decrease number 15; instead, it is linked to the opposite outcome.",Contradiction,High,Low,The answer directly conflicts with the information in the retrieved context.,support ticket
57,Finance,investment,index funds policy,Summarize the main fact about index funds policy from the passage.,The context indicates that index funds policy is linked to guideline number 12. A exception clause is also mentioned in the same passage. The document keeps the explanation focused on the investment use case.,"The key point is that index funds policy is linked to guideline number 12, and the passage also mentions a exception clause.",The key point is that index funds policy is linked to guideline number 12.,Partial Answer,Medium,Medium,The response captures the core idea but leaves out an important supporting detail.,FAQ excerpt
58,Finance,tax,capital gains workflow,What is the correct answer regarding capital gains workflow?,The context indicates that capital gains workflow is linked to threshold number 2. A weekly review is also mentioned in the same passage. The document keeps the explanation focused on the tax use case.,"The key point is that capital gains workflow is linked to threshold number 2, and the passage also mentions a weekly review.","The key point is that capital gains workflow is linked to threshold number 2, and the passage also mentions a weekly review.",No Failure,Low,High,The answer is supported by the retrieved context and matches the expected response.,knowledge base article
59,Education,study plan,final revision overview,"According to the provided context, what is the key point about final revision overview?",The context indicates that final revision overview is linked to threshold number 16. A best practice is also mentioned in the same passage. The document keeps the explanation focused on the study plan use case.,"The key point is that final revision overview is linked to threshold number 16, and the passage also mentions a best practice.","The key point is that final revision overview is linked to threshold number 16, and the passage also mentions a best practice.",No Failure,Low,High,The answer is supported by the retrieved context and matches the expected response.,training note
60,History,culture,trade routes,Which detail is supported by the context for trade routes?,The document explains that trade routes is linked to procedure number 13. A exception clause is also mentioned in the same passage. The document keeps the explanation focused on the culture use case.,"The key point is that trade routes is linked to procedure number 13, and the passage also mentions a exception clause.","Since trade routes mentions a exception clause, the model concludes an unrelated extra result that does not follow.",Reasoning Error,Medium,Medium,The model uses the available evidence but reaches an incorrect inference.,FAQ excerpt
61,Science,astronomy,exoplanets overview,What does the document say about exoplanets overview?,The source says that exoplanets overview is linked to guideline number 17. A follow-up action is also mentioned in the same passage. The document keeps the explanation focused on the astronomy use case.,"The key point is that exoplanets overview is linked to guideline number 17, and the passage also mentions a follow-up action.","The key point is that exoplanets overview is linked to guideline number 17, and it also causes a completely unsupported major issue.",Hallucination,High,Low,The model adds an unsupported detail that does not appear in the retrieved context.,policy memo
62,Business,marketing,customer retention,"According to the provided context, what is the key point about customer retention?",The passage states that customer retention is linked to causal factor number 11. A time window is also mentioned in the same passage. The document keeps the explanation focused on the marketing use case.,"The key point is that customer retention is linked to causal factor number 11, and the passage also mentions a time window.","The key point is that customer retention is linked to causal factor number 11, and it also causes a completely unsupported major issue.",Hallucination,High,Low,The model adds an unsupported detail that does not appear in the retrieved context.,policy memo
63,Travel,planning,itinerary workflow,What is the correct answer regarding itinerary workflow?,The source says that itinerary workflow is linked to causal factor number 9. A follow-up action is also mentioned in the same passage. The document keeps the explanation focused on the planning use case.,"The key point is that itinerary workflow is linked to causal factor number 9, and the passage also mentions a follow-up action.","The key point is that itinerary workflow is linked to causal factor number 9, and the passage also mentions a follow-up action.",No Failure,Low,High,The answer is supported by the retrieved context and matches the expected response.,FAQ excerpt
64,Technology,software design,API rate limiting,"According to the provided context, what is the key point about API rate limiting?",The document explains that API rate limiting is linked to comparison number 4. A estimated cost is also mentioned in the same passage. The document keeps the explanation focused on the software design use case.,"The key point is that API rate limiting is linked to comparison number 4, and the passage also mentions a estimated cost.","The key point is that API rate limiting is linked to comparison number 4, and it also causes a completely unsupported major issue.",Hallucination,High,Low,The model adds an unsupported detail that does not appear in the retrieved context.,policy memo
65,Business,HR,employee onboarding benchmark,Summarize the main fact about employee onboarding benchmark from the passage.,The document explains that employee onboarding benchmark is linked to recommended action number 9. A time window is also mentioned in the same passage. The document keeps the explanation focused on the HR use case.,"The key point is that employee onboarding benchmark is linked to recommended action number 9, and the passage also mentions a time window.","Since employee onboarding benchmark mentions a time window, the model concludes an unrelated extra result that does not follow.",Reasoning Error,Medium,Medium,The model uses the available evidence but reaches an incorrect inference.,support ticket
66,History,period,renaissance guidance,"According to the provided context, what is the key point about renaissance guidance?",The document explains that renaissance guidance is linked to warning sign number 15. A priority order is also mentioned in the same passage. The document keeps the explanation focused on the period use case.,"The key point is that renaissance guidance is linked to warning sign number 15, and the passage also mentions a priority order.",The key point is that renaissance guidance is linked to warning sign number 15.,Partial Answer,Medium,Medium,The response captures the core idea but leaves out an important supporting detail.,policy memo
67,History,event,industrial revolution workflow,Summarize the main fact about industrial revolution workflow from the passage.,The evidence shows that industrial revolution workflow is linked to threshold number 16. A exception clause is also mentioned in the same passage. The document keeps the explanation focused on the event use case.,"The key point is that industrial revolution workflow is linked to threshold number 16, and the passage also mentions a exception clause.",The context does not provide enough information to answer confidently.,Missing Context,Medium,Medium,The answer ignores useful evidence that is present in the retrieved context.,training note
68,Legal,contract clause,termination,"According to the provided context, what is the key point about termination?",The context indicates that termination is linked to comparison number 15. A best practice is also mentioned in the same passage. The document keeps the explanation focused on the contract clause use case.,"The key point is that termination is linked to comparison number 15, and the passage also mentions a best practice.","Since termination mentions a best practice, the model concludes an unrelated extra result that does not follow.",Reasoning Error,Medium,Medium,The model uses the available evidence but reaches an incorrect inference.,knowledge base article
69,Business,operations,inventory turnover,What is the correct answer regarding inventory turnover?,The passage states that inventory turnover is linked to decrease number 6. A follow-up action is also mentioned in the same passage. The document keeps the explanation focused on the operations use case.,"The key point is that inventory turnover is linked to decrease number 6, and the passage also mentions a follow-up action.",The answer concerns an unrelated topic and says that inventory turnover is mostly about a different domain.,Retrieval Failure,High,Low,The retrieved context is not relevant enough to answer the question well.,knowledge base article
70,Food,meal planning,portion control workflow,What is the correct answer regarding portion control workflow?,The passage states that portion control workflow is linked to procedure number 5. A follow-up action is also mentioned in the same passage. The document keeps the explanation focused on the meal planning use case.,"The key point is that portion control workflow is linked to procedure number 5, and the passage also mentions a follow-up action.","The key point is that portion control workflow is not linked to procedure number 5; instead, it is linked to the opposite outcome.",Contradiction,High,Low,The answer directly conflicts with the information in the retrieved context.,support ticket
71,History,leader,mauryan empire,Which detail is supported by the context for mauryan empire?,The context indicates that mauryan empire is linked to increase number 9. A follow-up action is also mentioned in the same passage. The document keeps the explanation focused on the leader use case.,"The key point is that mauryan empire is linked to increase number 9, and the passage also mentions a follow-up action.",The context does not provide enough information to answer confidently.,Missing Context,Medium,Medium,The answer ignores useful evidence that is present in the retrieved context.,knowledge base article
72,Business,HR,employee onboarding,What does the document say about employee onboarding?,The document explains that employee onboarding is linked to recommended action number 1. A exception clause is also mentioned in the same passage. The document keeps the explanation focused on the HR use case.,"The key point is that employee onboarding is linked to recommended action number 1, and the passage also mentions a exception clause.","The key point is that employee onboarding is not linked to recommended action number 1; instead, it is linked to the opposite outcome.",Contradiction,High,Low,The answer directly conflicts with the information in the retrieved context.,policy memo
73,Legal,consumer rights,refund policy,What is the correct answer regarding refund policy?,The context indicates that refund policy is linked to decrease number 2. A weekly review is also mentioned in the same passage. The document keeps the explanation focused on the consumer rights use case.,"The key point is that refund policy is linked to decrease number 2, and the passage also mentions a weekly review.","The key point is that refund policy is not linked to decrease number 2; instead, it is linked to the opposite outcome.",Contradiction,High,Low,The answer directly conflicts with the information in the retrieved context.,training note
74,Education,learning strategy,note taking,Which detail is supported by the context for note taking?,The source says that note taking is linked to deadline number 17. A time window is also mentioned in the same passage. The document keeps the explanation focused on the learning strategy use case.,"The key point is that note taking is linked to deadline number 17, and the passage also mentions a time window.","The key point is that note taking is not linked to deadline number 17; instead, it is linked to the opposite outcome.",Contradiction,High,Low,The answer directly conflicts with the information in the retrieved context.,support ticket
75,Business,strategy,market positioning overview,Summarize the main fact about market positioning overview from the passage.,The evidence shows that market positioning overview is linked to deadline number 15. A required step is also mentioned in the same passage. The document keeps the explanation focused on the strategy use case.,"The key point is that market positioning overview is linked to deadline number 15, and the passage also mentions a required step.","The key point is that market positioning overview is linked to deadline number 15, but the supporting reference points to another passage.",Wrong Citation,Medium,Medium,"The answer may be correct, but the cited source or evidence reference is incorrect or mismatched.",knowledge base article
76,Healthcare,medication,asthma,What is the correct answer regarding asthma?,The source says that asthma is linked to recommended action number 13. A priority order is also mentioned in the same passage. The document keeps the explanation focused on the medication use case.,"The key point is that asthma is linked to recommended action number 13, and the passage also mentions a priority order.","The key point is that asthma is not linked to recommended action number 13; instead, it is linked to the opposite outcome.",Contradiction,High,Low,The answer directly conflicts with the information in the retrieved context.,knowledge base article
77,Finance,credit,credit score,What is the correct answer regarding credit score?,The source says that credit score is linked to recommended action number 4. A weekly review is also mentioned in the same passage. The document keeps the explanation focused on the credit use case.,"The key point is that credit score is linked to recommended action number 4, and the passage also mentions a weekly review.",The context does not provide enough information to answer confidently.,Missing Context,Medium,Medium,The answer ignores useful evidence that is present in the retrieved context.,training note
78,Business,strategy,market positioning workflow,What does the document say about market positioning workflow?,The passage states that market positioning workflow is linked to procedure number 8. A priority order is also mentioned in the same passage. The document keeps the explanation focused on the strategy use case.,"The key point is that market positioning workflow is linked to procedure number 8, and the passage also mentions a priority order.",The context does not provide enough information to answer confidently.,Missing Context,Medium,Medium,The answer ignores useful evidence that is present in the retrieved context.,training note
79,History,conflict,world war II,"According to the provided context, what is the key point about world war II?",The document explains that world war II is linked to recommended action number 4. A weekly review is also mentioned in the same passage. The document keeps the explanation focused on the conflict use case.,"The key point is that world war II is linked to recommended action number 4, and the passage also mentions a weekly review.","The key point is that world war II is linked to recommended action number 4, and the passage also mentions a weekly review.",No Failure,Low,High,The answer is supported by the retrieved context and matches the expected response.,knowledge base article
80,Finance,credit,credit score,What does the document say about credit score?,The evidence shows that credit score is linked to guideline number 9. A weekly review is also mentioned in the same passage. The document keeps the explanation focused on the credit use case.,"The key point is that credit score is linked to guideline number 9, and the passage also mentions a weekly review.",The answer concerns an unrelated topic and says that credit score is mostly about a different domain.,Retrieval Failure,High,Low,The retrieved context is not relevant enough to answer the question well.,policy memo
81,Business,sales,conversion rate,Summarize the main fact about conversion rate from the passage.,The context indicates that conversion rate is linked to comparison number 3. A best practice is also mentioned in the same passage. The document keeps the explanation focused on the sales use case.,"The key point is that conversion rate is linked to comparison number 3, and the passage also mentions a best practice.",The context does not provide enough information to answer confidently.,Missing Context,Medium,Medium,The answer ignores useful evidence that is present in the retrieved context.,support ticket
82,Food,meal planning,portion control,Summarize the main fact about portion control from the passage.,The passage states that portion control is linked to recommended action number 2. A priority order is also mentioned in the same passage. The document keeps the explanation focused on the meal planning use case.,"The key point is that portion control is linked to recommended action number 2, and the passage also mentions a priority order.","Since portion control mentions a priority order, the model concludes an unrelated extra result that does not follow.",Reasoning Error,Medium,Medium,The model uses the available evidence but reaches an incorrect inference.,support ticket
83,Technology,machine learning,overfitting,Summarize the main fact about overfitting from the passage.,The document explains that overfitting is linked to causal factor number 5. A weekly review is also mentioned in the same passage. The document keeps the explanation focused on the machine learning use case.,"The key point is that overfitting is linked to causal factor number 5, and the passage also mentions a weekly review.",The answer concerns an unrelated topic and says that overfitting is mostly about a different domain.,Retrieval Failure,High,Low,The retrieved context is not relevant enough to answer the question well.,training note
84,Sports,match analysis,possession,"According to the provided context, what is the key point about possession?",The source says that possession is linked to procedure number 17. A weekly review is also mentioned in the same passage. The document keeps the explanation focused on the match analysis use case.,"The key point is that possession is linked to procedure number 17, and the passage also mentions a weekly review.","The key point is that possession is linked to procedure number 17, but the supporting reference points to another passage.",Wrong Citation,Medium,Medium,"The answer may be correct, but the cited source or evidence reference is incorrect or mismatched.",training note
85,Sports,tactics,pressing,What does the document say about pressing?,The passage states that pressing is linked to warning sign number 5. A required step is also mentioned in the same passage. The document keeps the explanation focused on the tactics use case.,"The key point is that pressing is linked to warning sign number 5, and the passage also mentions a required step.","The key point is that pressing is linked to warning sign number 5, and it also causes a completely unsupported major issue.",Hallucination,High,Low,The model adds an unsupported detail that does not appear in the retrieved context.,support ticket
86,Technology,machine learning,overfitting overview,"According to the provided context, what is the key point about overfitting overview?",The evidence shows that overfitting overview is linked to guideline number 16. A follow-up action is also mentioned in the same passage. The document keeps the explanation focused on the machine learning use case.,"The key point is that overfitting overview is linked to guideline number 16, and the passage also mentions a follow-up action.","The key point is that overfitting overview is not linked to guideline number 16; instead, it is linked to the opposite outcome.",Contradiction,High,Low,The answer directly conflicts with the information in the retrieved context.,FAQ excerpt
87,Sports,training,recovery,"According to the provided context, what is the key point about recovery?",The document explains that recovery is linked to increase number 6. A priority order is also mentioned in the same passage. The document keeps the explanation focused on the training use case.,"The key point is that recovery is linked to increase number 6, and the passage also mentions a priority order.",The key point is that recovery is linked to increase number 6.,Partial Answer,Medium,Medium,The response captures the core idea but leaves out an important supporting detail.,support ticket
88,Science,astronomy,exoplanets policy,Which detail is supported by the context for exoplanets policy?,The context indicates that exoplanets policy is linked to recommended action number 13. A risk factor is also mentioned in the same passage. The document keeps the explanation focused on the astronomy use case.,"The key point is that exoplanets policy is linked to recommended action number 13, and the passage also mentions a risk factor.","The key point is that exoplanets policy is linked to recommended action number 13, but the supporting reference points to another passage.",Wrong Citation,Medium,Medium,"The answer may be correct, but the cited source or evidence reference is incorrect or mismatched.",FAQ excerpt
89,Finance,budgeting,monthly expenses benchmark,"According to the provided context, what is the key point about monthly expenses benchmark?",The evidence shows that monthly expenses benchmark is linked to decrease number 9. A estimated cost is also mentioned in the same passage. The document keeps the explanation focused on the budgeting use case.,"The key point is that monthly expenses benchmark is linked to decrease number 9, and the passage also mentions a estimated cost.","The key point is that monthly expenses benchmark is not linked to decrease number 9; instead, it is linked to the opposite outcome.",Contradiction,High,Low,The answer directly conflicts with the information in the retrieved context.,knowledge base article
90,Healthcare,diagnosis,type 2 diabetes,Summarize the main fact about type 2 diabetes from the passage.,The passage states that type 2 diabetes is linked to warning sign number 2. A verification step is also mentioned in the same passage. The document keeps the explanation focused on the diagnosis use case.,"The key point is that type 2 diabetes is linked to warning sign number 2, and the passage also mentions a verification step.","The key point is that type 2 diabetes is linked to warning sign number 2, and the passage also mentions a verification step.",No Failure,Low,High,The answer is supported by the retrieved context and matches the expected response.,policy memo
91,Business,HR,employee onboarding,Summarize the main fact about employee onboarding from the passage.,The document explains that employee onboarding is linked to recommended action number 11. A verification step is also mentioned in the same passage. The document keeps the explanation focused on the HR use case.,"The key point is that employee onboarding is linked to recommended action number 11, and the passage also mentions a verification step.","Since employee onboarding mentions a verification step, the model concludes an unrelated extra result that does not follow.",Reasoning Error,Medium,Medium,The model uses the available evidence but reaches an incorrect inference.,training note
92,Legal,compliance,record keeping,"According to the provided context, what is the key point about record keeping?",The passage states that record keeping is linked to increase number 12. A best practice is also mentioned in the same passage. The document keeps the explanation focused on the compliance use case.,"The key point is that record keeping is linked to increase number 12, and the passage also mentions a best practice.","The key point is that record keeping is linked to increase number 12, and it also causes a completely unsupported major issue.",Hallucination,High,Low,The model adds an unsupported detail that does not appear in the retrieved context.,support ticket
93,Education,concept,machine learning,What does the document say about machine learning?,The document explains that machine learning is linked to comparison number 4. A weekly review is also mentioned in the same passage. The document keeps the explanation focused on the concept use case.,"The key point is that machine learning is linked to comparison number 4, and the passage also mentions a weekly review.","Since machine learning mentions a weekly review, the model concludes an unrelated extra result that does not follow.",Reasoning Error,Medium,Medium,The model uses the available evidence but reaches an incorrect inference.,FAQ excerpt
94,Environment,wildlife,habitat loss,"According to the provided context, what is the key point about habitat loss?",The evidence shows that habitat loss is linked to comparison number 2. A required step is also mentioned in the same passage. The document keeps the explanation focused on the wildlife use case.,"The key point is that habitat loss is linked to comparison number 2, and the passage also mentions a required step.",The context does not provide enough information to answer confidently.,Missing Context,Medium,Medium,The answer ignores useful evidence that is present in the retrieved context.,FAQ excerpt
95,Food,nutrition,protein intake,Which detail is supported by the context for protein intake?,The evidence shows that protein intake is linked to recommended action number 8. A best practice is also mentioned in the same passage. The document keeps the explanation focused on the nutrition use case.,"The key point is that protein intake is linked to recommended action number 8, and the passage also mentions a best practice.","The key point is that protein intake is linked to recommended action number 8, and it also causes a completely unsupported major issue.",Hallucination,High,Low,The model adds an unsupported detail that does not appear in the retrieved context.,training note
96,Science,chemistry,reaction rate,What is the correct answer regarding reaction rate?,The document explains that reaction rate is linked to increase number 9. A best practice is also mentioned in the same passage. The document keeps the explanation focused on the chemistry use case.,"The key point is that reaction rate is linked to increase number 9, and the passage also mentions a best practice.",The answer concerns an unrelated topic and says that reaction rate is mostly about a different domain.,Retrieval Failure,High,Low,The retrieved context is not relevant enough to answer the question well.,knowledge base article
97,Sports,match analysis,possession overview,What does the document say about possession overview?,The passage states that possession overview is linked to decrease number 9. A required step is also mentioned in the same passage. The document keeps the explanation focused on the match analysis use case.,"The key point is that possession overview is linked to decrease number 9, and the passage also mentions a required step.",The answer concerns an unrelated topic and says that possession overview is mostly about a different domain.,Retrieval Failure,High,Low,The retrieved context is not relevant enough to answer the question well.,knowledge base article
98,Sports,statistics,win rate,"According to the provided context, what is the key point about win rate?",The passage states that win rate is linked to guideline number 12. A follow-up action is also mentioned in the same passage. The document keeps the explanation focused on the statistics use case.,"The key point is that win rate is linked to guideline number 12, and the passage also mentions a follow-up action.",The key point is that win rate is linked to guideline number 12.,Partial Answer,Medium,Medium,The response captures the core idea but leaves out an important supporting detail.,training note
99,Environment,climate,carbon emissions,Which detail is supported by the context for carbon emissions?,The passage states that carbon emissions is linked to deadline number 12. A risk factor is also mentioned in the same passage. The document keeps the explanation focused on the climate use case.,"The key point is that carbon emissions is linked to deadline number 12, and the passage also mentions a risk factor.",The context does not provide enough information to answer confidently.,Missing Context,Medium,Medium,The answer ignores useful evidence that is present in the retrieved context.,support ticket
100,Sports,match analysis,possession,What does the document say about possession?,The document explains that possession is linked to decrease number 1. A estimated cost is also mentioned in the same passage. The document keeps the explanation focused on the match analysis use case.,"The key point is that possession is linked to decrease number 1, and the passage also mentions a estimated cost.","The key point is that possession is linked to decrease number 1, and it also causes a completely unsupported major issue.",Hallucination,High,Low,The model adds an unsupported detail that does not appear in the retrieved context.,FAQ excerpt
101,Sports,statistics,win rate benchmark,What does the document say about win rate benchmark?,The context indicates that win rate benchmark is linked to deadline number 15. A risk factor is also mentioned in the same passage. The document keeps the explanation focused on the statistics use case.,"The key point is that win rate benchmark is linked to deadline number 15, and the passage also mentions a risk factor.",The answer concerns an unrelated topic and says that win rate benchmark is mostly about a different domain.,Retrieval Failure,High,Low,The retrieved context is not relevant enough to answer the question well.,knowledge base article
102,Environment,climate,carbon emissions benchmark,Which detail is supported by the context for carbon emissions benchmark?,The passage states that carbon emissions benchmark is linked to threshold number 3. A exception clause is also mentioned in the same passage. The document keeps the explanation focused on the climate use case.,"The key point is that carbon emissions benchmark is linked to threshold number 3, and the passage also mentions a exception clause.",The key point is that carbon emissions benchmark is linked to threshold number 3.,Partial Answer,Medium,Medium,The response captures the core idea but leaves out an important supporting detail.,FAQ excerpt
103,Food,diet,fiber,Summarize the main fact about fiber from the passage.,The evidence shows that fiber is linked to comparison number 5. A priority order is also mentioned in the same passage. The document keeps the explanation focused on the diet use case.,"The key point is that fiber is linked to comparison number 5, and the passage also mentions a priority order.",The key point is that fiber is linked to comparison number 5.,Partial Answer,Medium,Medium,The response captures the core idea but leaves out an important supporting detail.,support ticket
104,Travel,planning,itinerary,"According to the provided context, what is the key point about itinerary?",The passage states that itinerary is linked to guideline number 16. A risk factor is also mentioned in the same passage. The document keeps the explanation focused on the planning use case.,"The key point is that itinerary is linked to guideline number 16, and the passage also mentions a risk factor.",The answer concerns an unrelated topic and says that itinerary is mostly about a different domain.,Retrieval Failure,High,Low,The retrieved context is not relevant enough to answer the question well.,FAQ excerpt
105,Science,biology,photosynthesis,What does the document say about photosynthesis?,The context indicates that photosynthesis is linked to comparison number 10. A time window is also mentioned in the same passage. The document keeps the explanation focused on the biology use case.,"The key point is that photosynthesis is linked to comparison number 10, and the passage also mentions a time window.","The key point is that photosynthesis is not linked to comparison number 10; instead, it is linked to the opposite outcome.",Contradiction,High,Low,The answer directly conflicts with the information in the retrieved context.,knowledge base article
106,Business,HR,employee onboarding overview,What does the document say about employee onboarding overview?,The source says that employee onboarding overview is linked to threshold number 14. A weekly review is also mentioned in the same passage. The document keeps the explanation focused on the HR use case.,"The key point is that employee onboarding overview is linked to threshold number 14, and the passage also mentions a weekly review.","The key point is that employee onboarding overview is linked to threshold number 14, and it also causes a completely unsupported major issue.",Hallucination,High,Low,The model adds an unsupported detail that does not appear in the retrieved context.,training note
107,Food,food safety,storage temperature workflow,Summarize the main fact about storage temperature workflow from the passage.,The source says that storage temperature workflow is linked to decrease number 17. A exception clause is also mentioned in the same passage. The document keeps the explanation focused on the food safety use case.,"The key point is that storage temperature workflow is linked to decrease number 17, and the passage also mentions a exception clause.","The key point is that storage temperature workflow is linked to decrease number 17, but the supporting reference points to another passage.",Wrong Citation,Medium,Medium,"The answer may be correct, but the cited source or evidence reference is incorrect or mismatched.",knowledge base article
108,Education,assignment,research methods guidance,What does the document say about research methods guidance?,The evidence shows that research methods guidance is linked to deadline number 10. A verification step is also mentioned in the same passage. The document keeps the explanation focused on the assignment use case.,"The key point is that research methods guidance is linked to deadline number 10, and the passage also mentions a verification step.",The answer concerns an unrelated topic and says that research methods guidance is mostly about a different domain.,Retrieval Failure,High,Low,The retrieved context is not relevant enough to answer the question well.,training note
109,Environment,wildlife,habitat loss policy,Summarize the main fact about habitat loss policy from the passage.,The context indicates that habitat loss policy is linked to procedure number 15. A best practice is also mentioned in the same passage. The document keeps the explanation focused on the wildlife use case.,"The key point is that habitat loss policy is linked to procedure number 15, and the passage also mentions a best practice.","Since habitat loss policy mentions a best practice, the model concludes an unrelated extra result that does not follow.",Reasoning Error,Medium,Medium,The model uses the available evidence but reaches an incorrect inference.,training note
110,Technology,networking,latency benchmark,What does the document say about latency benchmark?,The context indicates that latency benchmark is linked to comparison number 2. A weekly review is also mentioned in the same passage. The document keeps the explanation focused on the networking use case.,"The key point is that latency benchmark is linked to comparison number 2, and the passage also mentions a weekly review.","The key point is that latency benchmark is linked to comparison number 2, but the supporting reference points to another passage.",Wrong Citation,Medium,Medium,"The answer may be correct, but the cited source or evidence reference is incorrect or mismatched.",FAQ excerpt
111,Food,diet,fiber workflow,What does the document say about fiber workflow?,The context indicates that fiber workflow is linked to causal factor number 3. A risk factor is also mentioned in the same passage. The document keeps the explanation focused on the diet use case.,"The key point is that fiber workflow is linked to causal factor number 3, and the passage also mentions a risk factor.","Since fiber workflow mentions a risk factor, the model concludes an unrelated extra result that does not follow.",Reasoning Error,Medium,Medium,The model uses the available evidence but reaches an incorrect inference.,knowledge base article
112,Education,exam prep,linear algebra benchmark,What is the correct answer regarding linear algebra benchmark?,The source says that linear algebra benchmark is linked to guideline number 1. A priority order is also mentioned in the same passage. The document keeps the explanation focused on the exam prep use case.,"The key point is that linear algebra benchmark is linked to guideline number 1, and the passage also mentions a priority order.","Since linear algebra benchmark mentions a priority order, the model concludes an unrelated extra result that does not follow.",Reasoning Error,Medium,Medium,The model uses the available evidence but reaches an incorrect inference.,knowledge base article
113,Environment,wildlife,habitat loss benchmark,Summarize the main fact about habitat loss benchmark from the passage.,The passage states that habitat loss benchmark is linked to comparison number 12. A best practice is also mentioned in the same passage. The document keeps the explanation focused on the wildlife use case.,"The key point is that habitat loss benchmark is linked to comparison number 12, and the passage also mentions a best practice.","The key point is that habitat loss benchmark is linked to comparison number 12, and the passage also mentions a best practice.",No Failure,Low,High,The answer is supported by the retrieved context and matches the expected response.,policy memo
114,Healthcare,diagnosis,type 2 diabetes,"According to the provided context, what is the key point about type 2 diabetes?",The evidence shows that type 2 diabetes is linked to procedure number 4. A verification step is also mentioned in the same passage. The document keeps the explanation focused on the diagnosis use case.,"The key point is that type 2 diabetes is linked to procedure number 4, and the passage also mentions a verification step.",The answer concerns an unrelated topic and says that type 2 diabetes is mostly about a different domain.,Retrieval Failure,High,Low,The retrieved context is not relevant enough to answer the question well.,knowledge base article
115,Environment,climate,carbon emissions guidance,Which detail is supported by the context for carbon emissions guidance?,The passage states that carbon emissions guidance is linked to decrease number 14. A verification step is also mentioned in the same passage. The document keeps the explanation focused on the climate use case.,"The key point is that carbon emissions guidance is linked to decrease number 14, and the passage also mentions a verification step.",The answer concerns an unrelated topic and says that carbon emissions guidance is mostly about a different domain.,Retrieval Failure,High,Low,The retrieved context is not relevant enough to answer the question well.,training note
116,Technology,databases,indexing,What does the document say about indexing?,The source says that indexing is linked to causal factor number 2. A weekly review is also mentioned in the same passage. The document keeps the explanation focused on the databases use case.,"The key point is that indexing is linked to causal factor number 2, and the passage also mentions a weekly review.","The key point is that indexing is linked to causal factor number 2, but the supporting reference points to another passage.",Wrong Citation,Medium,Medium,"The answer may be correct, but the cited source or evidence reference is incorrect or mismatched.",policy memo
117,Finance,risk,emergency fund,What is the correct answer regarding emergency fund?,The evidence shows that emergency fund is linked to decrease number 8. A exception clause is also mentioned in the same passage. The document keeps the explanation focused on the risk use case.,"The key point is that emergency fund is linked to decrease number 8, and the passage also mentions a exception clause.","The key point is that emergency fund is not linked to decrease number 8; instead, it is linked to the opposite outcome.",Contradiction,High,Low,The answer directly conflicts with the information in the retrieved context.,knowledge base article
118,Healthcare,treatment,hypertension benchmark,What is the correct answer regarding hypertension benchmark?,The passage states that hypertension benchmark is linked to recommended action number 15. A time window is also mentioned in the same passage. The document keeps the explanation focused on the treatment use case.,"The key point is that hypertension benchmark is linked to recommended action number 15, and the passage also mentions a time window.",The answer concerns an unrelated topic and says that hypertension benchmark is mostly about a different domain.,Retrieval Failure,High,Low,The retrieved context is not relevant enough to answer the question well.,support ticket
119,Finance,tax,capital gains workflow,What does the document say about capital gains workflow?,The context indicates that capital gains workflow is linked to warning sign number 4. A time window is also mentioned in the same passage. The document keeps the explanation focused on the tax use case.,"The key point is that capital gains workflow is linked to warning sign number 4, and the passage also mentions a time window.","The key point is that capital gains workflow is not linked to warning sign number 4; instead, it is linked to the opposite outcome.",Contradiction,High,Low,The answer directly conflicts with the information in the retrieved context.,support ticket
120,Environment,climate,carbon emissions benchmark,Which detail is supported by the context for carbon emissions benchmark?,The document explains that carbon emissions benchmark is linked to causal factor number 2. A priority order is also mentioned in the same passage. The document keeps the explanation focused on the climate use case.,"The key point is that carbon emissions benchmark is linked to causal factor number 2, and the passage also mentions a priority order.","Since carbon emissions benchmark mentions a priority order, the model concludes an unrelated extra result that does not follow.",Reasoning Error,Medium,Medium,The model uses the available evidence but reaches an incorrect inference.,support ticket
121,Environment,wildlife,habitat loss,What is the correct answer regarding habitat loss?,The document explains that habitat loss is linked to threshold number 3. A weekly review is also mentioned in the same passage. The document keeps the explanation focused on the wildlife use case.,"The key point is that habitat loss is linked to threshold number 3, and the passage also mentions a weekly review.","Since habitat loss mentions a weekly review, the model concludes an unrelated extra result that does not follow.",Reasoning Error,Medium,Medium,The model uses the available evidence but reaches an incorrect inference.,FAQ excerpt
122,Legal,privacy,data retention benchmark,"According to the provided context, what is the key point about data retention benchmark?",The source says that data retention benchmark is linked to threshold number 17. A best practice is also mentioned in the same passage. The document keeps the explanation focused on the privacy use case.,"The key point is that data retention benchmark is linked to threshold number 17, and the passage also mentions a best practice.","Since data retention benchmark mentions a best practice, the model concludes an unrelated extra result that does not follow.",Reasoning Error,Medium,Medium,The model uses the available evidence but reaches an incorrect inference.,support ticket
123,History,period,renaissance guidance,What does the document say about renaissance guidance?,The context indicates that renaissance guidance is linked to decrease number 11. A verification step is also mentioned in the same passage. The document keeps the explanation focused on the period use case.,"The key point is that renaissance guidance is linked to decrease number 11, and the passage also mentions a verification step.",The context does not provide enough information to answer confidently.,Missing Context,Medium,Medium,The answer ignores useful evidence that is present in the retrieved context.,support ticket
124,History,period,renaissance benchmark,What is the correct answer regarding renaissance benchmark?,The passage states that renaissance benchmark is linked to decrease number 17. A estimated cost is also mentioned in the same passage. The document keeps the explanation focused on the period use case.,"The key point is that renaissance benchmark is linked to decrease number 17, and the passage also mentions a estimated cost.","The key point is that renaissance benchmark is linked to decrease number 17, and the passage also mentions a estimated cost.",No Failure,Low,High,The answer is supported by the retrieved context and matches the expected response.,policy memo
125,Education,learning strategy,note taking,What is the correct answer regarding note taking?,The document explains that note taking is linked to warning sign number 13. A risk factor is also mentioned in the same passage. The document keeps the explanation focused on the learning strategy use case.,"The key point is that note taking is linked to warning sign number 13, and the passage also mentions a risk factor.","The key point is that note taking is linked to warning sign number 13, and the passage also mentions a risk factor.",No Failure,Low,High,The answer is supported by the retrieved context and matches the expected response.,policy memo
126,Finance,banking,loan repayment workflow,Summarize the main fact about loan repayment workflow from the passage.,The context indicates that loan repayment workflow is linked to warning sign number 6. A time window is also mentioned in the same passage. The document keeps the explanation focused on the banking use case.,"The key point is that loan repayment workflow is linked to warning sign number 6, and the passage also mentions a time window.","The key point is that loan repayment workflow is linked to warning sign number 6, but the supporting reference points to another passage.",Wrong Citation,Medium,Medium,"The answer may be correct, but the cited source or evidence reference is incorrect or mismatched.",knowledge base article
127,Business,HR,employee onboarding,What is the correct answer regarding employee onboarding?,The passage states that employee onboarding is linked to warning sign number 7. A follow-up action is also mentioned in the same passage. The document keeps the explanation focused on the HR use case.,"The key point is that employee onboarding is linked to warning sign number 7, and the passage also mentions a follow-up action.",The answer concerns an unrelated topic and says that employee onboarding is mostly about a different domain.,Retrieval Failure,High,Low,The retrieved context is not relevant enough to answer the question well.,support ticket
128,History,leader,mauryan empire overview,What is the correct answer regarding mauryan empire overview?,The evidence shows that mauryan empire overview is linked to causal factor number 10. A exception clause is also mentioned in the same passage. The document keeps the explanation focused on the leader use case.,"The key point is that mauryan empire overview is linked to causal factor number 10, and the passage also mentions a exception clause.","The key point is that mauryan empire overview is not linked to causal factor number 10; instead, it is linked to the opposite outcome.",Contradiction,High,Low,The answer directly conflicts with the information in the retrieved context.,knowledge base article
129,Finance,banking,loan repayment,"According to the provided context, what is the key point about loan repayment?",The context indicates that loan repayment is linked to increase number 3. A best practice is also mentioned in the same passage. The document keeps the explanation focused on the banking use case.,"The key point is that loan repayment is linked to increase number 3, and the passage also mentions a best practice.","The key point is that loan repayment is linked to increase number 3, but the supporting reference points to another passage.",Wrong Citation,Medium,Medium,"The answer may be correct, but the cited source or evidence reference is incorrect or mismatched.",policy memo
130,Travel,booking,cancellation policy benchmark,"According to the provided context, what is the key point about cancellation policy benchmark?",The context indicates that cancellation policy benchmark is linked to guideline number 2. A required step is also mentioned in the same passage. The document keeps the explanation focused on the booking use case.,"The key point is that cancellation policy benchmark is linked to guideline number 2, and the passage also mentions a required step.","The key point is that cancellation policy benchmark is linked to guideline number 2, and the passage also mentions a required step.",No Failure,Low,High,The answer is supported by the retrieved context and matches the expected response.,knowledge base article
131,Legal,compliance,record keeping guidance,What does the document say about record keeping guidance?,The source says that record keeping guidance is linked to causal factor number 3. A weekly review is also mentioned in the same passage. The document keeps the explanation focused on the compliance use case.,"The key point is that record keeping guidance is linked to causal factor number 3, and the passage also mentions a weekly review.",The answer concerns an unrelated topic and says that record keeping guidance is mostly about a different domain.,Retrieval Failure,High,Low,The retrieved context is not relevant enough to answer the question well.,FAQ excerpt
132,Education,concept,machine learning workflow,What is the correct answer regarding machine learning workflow?,The evidence shows that machine learning workflow is linked to recommended action number 2. A follow-up action is also mentioned in the same passage. The document keeps the explanation focused on the concept use case.,"The key point is that machine learning workflow is linked to recommended action number 2, and the passage also mentions a follow-up action.","The key point is that machine learning workflow is linked to recommended action number 2, and it also causes a completely unsupported major issue.",Hallucination,High,Low,The model adds an unsupported detail that does not appear in the retrieved context.,FAQ excerpt
133,History,event,industrial revolution,What does the document say about industrial revolution?,The evidence shows that industrial revolution is linked to decrease number 10. A priority order is also mentioned in the same passage. The document keeps the explanation focused on the event use case.,"The key point is that industrial revolution is linked to decrease number 10, and the passage also mentions a priority order.","The key point is that industrial revolution is linked to decrease number 10, but the supporting reference points to another passage.",Wrong Citation,Medium,Medium,"The answer may be correct, but the cited source or evidence reference is incorrect or mismatched.",support ticket
134,Science,earth science,climate patterns benchmark,What is the correct answer regarding climate patterns benchmark?,The context indicates that climate patterns benchmark is linked to comparison number 17. A required step is also mentioned in the same passage. The document keeps the explanation focused on the earth science use case.,"The key point is that climate patterns benchmark is linked to comparison number 17, and the passage also mentions a required step.",The context does not provide enough information to answer confidently.,Missing Context,Medium,Medium,The answer ignores useful evidence that is present in the retrieved context.,support ticket
135,Food,nutrition,protein intake policy,What is the correct answer regarding protein intake policy?,The document explains that protein intake policy is linked to deadline number 9. A verification step is also mentioned in the same passage. The document keeps the explanation focused on the nutrition use case.,"The key point is that protein intake policy is linked to deadline number 9, and the passage also mentions a verification step.",The key point is that protein intake policy is linked to deadline number 9.,Partial Answer,Medium,Medium,The response captures the core idea but leaves out an important supporting detail.,FAQ excerpt
136,Healthcare,treatment,hypertension benchmark,Which detail is supported by the context for hypertension benchmark?,The evidence shows that hypertension benchmark is linked to decrease number 10. A time window is also mentioned in the same passage. The document keeps the explanation focused on the treatment use case.,"The key point is that hypertension benchmark is linked to decrease number 10, and the passage also mentions a time window.","The key point is that hypertension benchmark is linked to decrease number 10, but the supporting reference points to another passage.",Wrong Citation,Medium,Medium,"The answer may be correct, but the cited source or evidence reference is incorrect or mismatched.",FAQ excerpt
137,Education,exam prep,linear algebra policy,What is the correct answer regarding linear algebra policy?,The context indicates that linear algebra policy is linked to increase number 1. A estimated cost is also mentioned in the same passage. The document keeps the explanation focused on the exam prep use case.,"The key point is that linear algebra policy is linked to increase number 1, and the passage also mentions a estimated cost.",The answer concerns an unrelated topic and says that linear algebra policy is mostly about a different domain.,Retrieval Failure,High,Low,The retrieved context is not relevant enough to answer the question well.,knowledge base article
138,History,leader,mauryan empire,What does the document say about mauryan empire?,The evidence shows that mauryan empire is linked to deadline number 16. A estimated cost is also mentioned in the same passage. The document keeps the explanation focused on the leader use case.,"The key point is that mauryan empire is linked to deadline number 16, and the passage also mentions a estimated cost.",The answer concerns an unrelated topic and says that mauryan empire is mostly about a different domain.,Retrieval Failure,High,Low,The retrieved context is not relevant enough to answer the question well.,support ticket
139,Environment,wildlife,habitat loss workflow,Summarize the main fact about habitat loss workflow from the passage.,The document explains that habitat loss workflow is linked to increase number 9. A required step is also mentioned in the same passage. The document keeps the explanation focused on the wildlife use case.,"The key point is that habitat loss workflow is linked to increase number 9, and the passage also mentions a required step.","The key point is that habitat loss workflow is linked to increase number 9, but the supporting reference points to another passage.",Wrong Citation,Medium,Medium,"The answer may be correct, but the cited source or evidence reference is incorrect or mismatched.",training note
140,Technology,networking,latency,What is the correct answer regarding latency?,The source says that latency is linked to decrease number 15. A weekly review is also mentioned in the same passage. The document keeps the explanation focused on the networking use case.,"The key point is that latency is linked to decrease number 15, and the passage also mentions a weekly review.",The context does not provide enough information to answer confidently.,Missing Context,Medium,Medium,The answer ignores useful evidence that is present in the retrieved context.,training note
141,Food,cooking,spices policy,Summarize the main fact about spices policy from the passage.,The passage states that spices policy is linked to guideline number 17. A weekly review is also mentioned in the same passage. The document keeps the explanation focused on the cooking use case.,"The key point is that spices policy is linked to guideline number 17, and the passage also mentions a weekly review.",The key point is that spices policy is linked to guideline number 17.,Partial Answer,Medium,Medium,The response captures the core idea but leaves out an important supporting detail.,support ticket
142,Healthcare,prevention,influenza policy,What does the document say about influenza policy?,The document explains that influenza policy is linked to guideline number 12. A estimated cost is also mentioned in the same passage. The document keeps the explanation focused on the prevention use case.,"The key point is that influenza policy is linked to guideline number 12, and the passage also mentions a estimated cost.","The key point is that influenza policy is not linked to guideline number 12; instead, it is linked to the opposite outcome.",Contradiction,High,Low,The answer directly conflicts with the information in the retrieved context.,support ticket
143,Sports,team strategy,set pieces overview,What is the correct answer regarding set pieces overview?,The source says that set pieces overview is linked to warning sign number 11. A weekly review is also mentioned in the same passage. The document keeps the explanation focused on the team strategy use case.,"The key point is that set pieces overview is linked to warning sign number 11, and the passage also mentions a weekly review.",The answer concerns an unrelated topic and says that set pieces overview is mostly about a different domain.,Retrieval Failure,High,Low,The retrieved context is not relevant enough to answer the question well.,training note
144,Legal,contract clause,termination guidance,What does the document say about termination guidance?,The evidence shows that termination guidance is linked to warning sign number 10. A required step is also mentioned in the same passage. The document keeps the explanation focused on the contract clause use case.,"The key point is that termination guidance is linked to warning sign number 10, and the passage also mentions a required step.",The answer concerns an unrelated topic and says that termination guidance is mostly about a different domain.,Retrieval Failure,High,Low,The retrieved context is not relevant enough to answer the question well.,training note
145,Sports,training,recovery workflow,What does the document say about recovery workflow?,The source says that recovery workflow is linked to warning sign number 13. A follow-up action is also mentioned in the same passage. The document keeps the explanation focused on the training use case.,"The key point is that recovery workflow is linked to warning sign number 13, and the passage also mentions a follow-up action.","The key point is that recovery workflow is linked to warning sign number 13, but the supporting reference points to another passage.",Wrong Citation,Medium,Medium,"The answer may be correct, but the cited source or evidence reference is incorrect or mismatched.",training note
146,Science,physics,force and motion guidance,Which detail is supported by the context for force and motion guidance?,The passage states that force and motion guidance is linked to recommended action number 4. A priority order is also mentioned in the same passage. The document keeps the explanation focused on the physics use case.,"The key point is that force and motion guidance is linked to recommended action number 4, and the passage also mentions a priority order.",The key point is that force and motion guidance is linked to recommended action number 4.,Partial Answer,Medium,Medium,The response captures the core idea but leaves out an important supporting detail.,support ticket
147,Legal,employment,notice period,Which detail is supported by the context for notice period?,The source says that notice period is linked to decrease number 8. A verification step is also mentioned in the same passage. The document keeps the explanation focused on the employment use case.,"The key point is that notice period is linked to decrease number 8, and the passage also mentions a verification step.","The key point is that notice period is linked to decrease number 8, and it also causes a completely unsupported major issue.",Hallucination,High,Low,The model adds an unsupported detail that does not appear in the retrieved context.,FAQ excerpt
148,Environment,wildlife,habitat loss,What is the correct answer regarding habitat loss?,The context indicates that habitat loss is linked to procedure number 16. A weekly review is also mentioned in the same passage. The document keeps the explanation focused on the wildlife use case.,"The key point is that habitat loss is linked to procedure number 16, and the passage also mentions a weekly review.","Since habitat loss mentions a weekly review, the model concludes an unrelated extra result that does not follow.",Reasoning Error,Medium,Medium,The model uses the available evidence but reaches an incorrect inference.,support ticket
149,History,culture,trade routes,"According to the provided context, what is the key point about trade routes?",The source says that trade routes is linked to deadline number 17. A risk factor is also mentioned in the same passage. The document keeps the explanation focused on the culture use case.,"The key point is that trade routes is linked to deadline number 17, and the passage also mentions a risk factor.","The key point is that trade routes is linked to deadline number 17, and the passage also mentions a risk factor.",No Failure,Low,High,The answer is supported by the retrieved context and matches the expected response.,FAQ excerpt
150,Business,marketing,customer retention,Which detail is supported by the context for customer retention?,The source says that customer retention is linked to increase number 5. A risk factor is also mentioned in the same passage. The document keeps the explanation focused on the marketing use case.,"The key point is that customer retention is linked to increase number 5, and the passage also mentions a risk factor.","Since customer retention mentions a risk factor, the model concludes an unrelated extra result that does not follow.",Reasoning Error,Medium,Medium,The model uses the available evidence but reaches an incorrect inference.,knowledge base article
151,Legal,privacy,data retention guidance,What is the correct answer regarding data retention guidance?,The passage states that data retention guidance is linked to decrease number 16. A best practice is also mentioned in the same passage. The document keeps the explanation focused on the privacy use case.,"The key point is that data retention guidance is linked to decrease number 16, and the passage also mentions a best practice.","The key point is that data retention guidance is linked to decrease number 16, and it also causes a completely unsupported major issue.",Hallucination,High,Low,The model adds an unsupported detail that does not appear in the retrieved context.,policy memo
152,Travel,safety,emergency contacts,"According to the provided context, what is the key point about emergency contacts?",The evidence shows that emergency contacts is linked to comparison number 11. A priority order is also mentioned in the same passage. The document keeps the explanation focused on the safety use case.,"The key point is that emergency contacts is linked to comparison number 11, and the passage also mentions a priority order.","The key point is that emergency contacts is linked to comparison number 11, and the passage also mentions a priority order.",No Failure,Low,High,The answer is supported by the retrieved context and matches the expected response.,support ticket
153,Business,strategy,market positioning guidance,What is the correct answer regarding market positioning guidance?,The context indicates that market positioning guidance is linked to deadline number 2. A time window is also mentioned in the same passage. The document keeps the explanation focused on the strategy use case.,"The key point is that market positioning guidance is linked to deadline number 2, and the passage also mentions a time window.",The context does not provide enough information to answer confidently.,Missing Context,Medium,Medium,The answer ignores useful evidence that is present in the retrieved context.,support ticket
154,Travel,budget travel,daily spending,"According to the provided context, what is the key point about daily spending?",The context indicates that daily spending is linked to guideline number 1. A follow-up action is also mentioned in the same passage. The document keeps the explanation focused on the budget travel use case.,"The key point is that daily spending is linked to guideline number 1, and the passage also mentions a follow-up action.","The key point is that daily spending is linked to guideline number 1, but the supporting reference points to another passage.",Wrong Citation,Medium,Medium,"The answer may be correct, but the cited source or evidence reference is incorrect or mismatched.",policy memo
155,Finance,budgeting,monthly expenses policy,"According to the provided context, what is the key point about monthly expenses policy?",The passage states that monthly expenses policy is linked to causal factor number 2. A risk factor is also mentioned in the same passage. The document keeps the explanation focused on the budgeting use case.,"The key point is that monthly expenses policy is linked to causal factor number 2, and the passage also mentions a risk factor.","The key point is that monthly expenses policy is linked to causal factor number 2, and the passage also mentions a risk factor.",No Failure,Low,High,The answer is supported by the retrieved context and matches the expected response.,training note
156,Legal,employment,notice period,What is the correct answer regarding notice period?,The evidence shows that notice period is linked to comparison number 3. A best practice is also mentioned in the same passage. The document keeps the explanation focused on the employment use case.,"The key point is that notice period is linked to comparison number 3, and the passage also mentions a best practice.","The key point is that notice period is not linked to comparison number 3; instead, it is linked to the opposite outcome.",Contradiction,High,Low,The answer directly conflicts with the information in the retrieved context.,support ticket
157,Finance,budgeting,monthly expenses,"According to the provided context, what is the key point about monthly expenses?",The evidence shows that monthly expenses is linked to procedure number 4. A weekly review is also mentioned in the same passage. The document keeps the explanation focused on the budgeting use case.,"The key point is that monthly expenses is linked to procedure number 4, and the passage also mentions a weekly review.","The key point is that monthly expenses is linked to procedure number 4, but the supporting reference points to another passage.",Wrong Citation,Medium,Medium,"The answer may be correct, but the cited source or evidence reference is incorrect or mismatched.",FAQ excerpt
158,Environment,waste,recycling guidance,Summarize the main fact about recycling guidance from the passage.,The evidence shows that recycling guidance is linked to decrease number 11. A best practice is also mentioned in the same passage. The document keeps the explanation focused on the waste use case.,"The key point is that recycling guidance is linked to decrease number 11, and the passage also mentions a best practice.","The key point is that recycling guidance is linked to decrease number 11, and the passage also mentions a best practice.",No Failure,Low,High,The answer is supported by the retrieved context and matches the expected response.,FAQ excerpt
159,Travel,budget travel,daily spending workflow,Summarize the main fact about daily spending workflow from the passage.,The context indicates that daily spending workflow is linked to comparison number 15. A risk factor is also mentioned in the same passage. The document keeps the explanation focused on the budget travel use case.,"The key point is that daily spending workflow is linked to comparison number 15, and the passage also mentions a risk factor.","The key point is that daily spending workflow is linked to comparison number 15, and the passage also mentions a risk factor.",No Failure,Low,High,The answer is supported by the retrieved context and matches the expected response.,training note
160,Sports,statistics,win rate,What is the correct answer regarding win rate?,The passage states that win rate is linked to decrease number 7. A estimated cost is also mentioned in the same passage. The document keeps the explanation focused on the statistics use case.,"The key point is that win rate is linked to decrease number 7, and the passage also mentions a estimated cost.","The key point is that win rate is not linked to decrease number 7; instead, it is linked to the opposite outcome.",Contradiction,High,Low,The answer directly conflicts with the information in the retrieved context.,training note
161,Healthcare,prevention,influenza guidance,Summarize the main fact about influenza guidance from the passage.,The evidence shows that influenza guidance is linked to decrease number 14. A risk factor is also mentioned in the same passage. The document keeps the explanation focused on the prevention use case.,"The key point is that influenza guidance is linked to decrease number 14, and the passage also mentions a risk factor.","Since influenza guidance mentions a risk factor, the model concludes an unrelated extra result that does not follow.",Reasoning Error,Medium,Medium,The model uses the available evidence but reaches an incorrect inference.,policy memo
162,Education,assignment,research methods workflow,"According to the provided context, what is the key point about research methods workflow?",The evidence shows that research methods workflow is linked to guideline number 7. A exception clause is also mentioned in the same passage. The document keeps the explanation focused on the assignment use case.,"The key point is that research methods workflow is linked to guideline number 7, and the passage also mentions a exception clause.","The key point is that research methods workflow is linked to guideline number 7, and the passage also mentions a exception clause.",No Failure,Low,High,The answer is supported by the retrieved context and matches the expected response.,support ticket
163,Business,operations,inventory turnover guidance,Summarize the main fact about inventory turnover guidance from the passage.,The source says that inventory turnover guidance is linked to guideline number 10. A risk factor is also mentioned in the same passage. The document keeps the explanation focused on the operations use case.,"The key point is that inventory turnover guidance is linked to guideline number 10, and the passage also mentions a risk factor.",The context does not provide enough information to answer confidently.,Missing Context,Medium,Medium,The answer ignores useful evidence that is present in the retrieved context.,policy memo
164,Legal,privacy,data retention benchmark,Which detail is supported by the context for data retention benchmark?,The source says that data retention benchmark is linked to threshold number 13. A risk factor is also mentioned in the same passage. The document keeps the explanation focused on the privacy use case.,"The key point is that data retention benchmark is linked to threshold number 13, and the passage also mentions a risk factor.","Since data retention benchmark mentions a risk factor, the model concludes an unrelated extra result that does not follow.",Reasoning Error,Medium,Medium,The model uses the available evidence but reaches an incorrect inference.,support ticket
165,Finance,banking,loan repayment,What is the correct answer regarding loan repayment?,The document explains that loan repayment is linked to increase number 14. A best practice is also mentioned in the same passage. The document keeps the explanation focused on the banking use case.,"The key point is that loan repayment is linked to increase number 14, and the passage also mentions a best practice.",The context does not provide enough information to answer confidently.,Missing Context,Medium,Medium,The answer ignores useful evidence that is present in the retrieved context.,support ticket
166,Finance,tax,capital gains,What is the correct answer regarding capital gains?,The document explains that capital gains is linked to causal factor number 8. A risk factor is also mentioned in the same passage. The document keeps the explanation focused on the tax use case.,"The key point is that capital gains is linked to causal factor number 8, and the passage also mentions a risk factor.","The key point is that capital gains is linked to causal factor number 8, and it also causes a completely unsupported major issue.",Hallucination,High,Low,The model adds an unsupported detail that does not appear in the retrieved context.,policy memo
167,Education,exam prep,linear algebra benchmark,"According to the provided context, what is the key point about linear algebra benchmark?",The evidence shows that linear algebra benchmark is linked to threshold number 1. A risk factor is also mentioned in the same passage. The document keeps the explanation focused on the exam prep use case.,"The key point is that linear algebra benchmark is linked to threshold number 1, and the passage also mentions a risk factor.","The key point is that linear algebra benchmark is not linked to threshold number 1; instead, it is linked to the opposite outcome.",Contradiction,High,Low,The answer directly conflicts with the information in the retrieved context.,FAQ excerpt
168,Education,exam prep,linear algebra policy,"According to the provided context, what is the key point about linear algebra policy?",The document explains that linear algebra policy is linked to guideline number 9. A estimated cost is also mentioned in the same passage. The document keeps the explanation focused on the exam prep use case.,"The key point is that linear algebra policy is linked to guideline number 9, and the passage also mentions a estimated cost.",The context does not provide enough information to answer confidently.,Missing Context,Medium,Medium,The answer ignores useful evidence that is present in the retrieved context.,support ticket
169,Travel,transport,rail schedules,Which detail is supported by the context for rail schedules?,The source says that rail schedules is linked to decrease number 4. A follow-up action is also mentioned in the same passage. The document keeps the explanation focused on the transport use case.,"The key point is that rail schedules is linked to decrease number 4, and the passage also mentions a follow-up action.","The key point is that rail schedules is linked to decrease number 4, but the supporting reference points to another passage.",Wrong Citation,Medium,Medium,"The answer may be correct, but the cited source or evidence reference is incorrect or mismatched.",FAQ excerpt
170,History,leader,mauryan empire,Which detail is supported by the context for mauryan empire?,The source says that mauryan empire is linked to causal factor number 4. A required step is also mentioned in the same passage. The document keeps the explanation focused on the leader use case.,"The key point is that mauryan empire is linked to causal factor number 4, and the passage also mentions a required step.","Since mauryan empire mentions a required step, the model concludes an unrelated extra result that does not follow.",Reasoning Error,Medium,Medium,The model uses the available evidence but reaches an incorrect inference.,FAQ excerpt
171,Sports,player performance,stamina policy,"According to the provided context, what is the key point about stamina policy?",The evidence shows that stamina policy is linked to comparison number 4. A priority order is also mentioned in the same passage. The document keeps the explanation focused on the player performance use case.,"The key point is that stamina policy is linked to comparison number 4, and the passage also mentions a priority order.","The key point is that stamina policy is not linked to comparison number 4; instead, it is linked to the opposite outcome.",Contradiction,High,Low,The answer directly conflicts with the information in the retrieved context.,support ticket
172,History,culture,trade routes guidance,What does the document say about trade routes guidance?,The evidence shows that trade routes guidance is linked to procedure number 11. A follow-up action is also mentioned in the same passage. The document keeps the explanation focused on the culture use case.,"The key point is that trade routes guidance is linked to procedure number 11, and the passage also mentions a follow-up action.",The context does not provide enough information to answer confidently.,Missing Context,Medium,Medium,The answer ignores useful evidence that is present in the retrieved context.,knowledge base article
173,Education,study plan,final revision guidance,What is the correct answer regarding final revision guidance?,The document explains that final revision guidance is linked to recommended action number 6. A best practice is also mentioned in the same passage. The document keeps the explanation focused on the study plan use case.,"The key point is that final revision guidance is linked to recommended action number 6, and the passage also mentions a best practice.","The key point is that final revision guidance is linked to recommended action number 6, and it also causes a completely unsupported major issue.",Hallucination,High,Low,The model adds an unsupported detail that does not appear in the retrieved context.,knowledge base article
174,History,culture,trade routes,What does the document say about trade routes?,The passage states that trade routes is linked to guideline number 15. A follow-up action is also mentioned in the same passage. The document keeps the explanation focused on the culture use case.,"The key point is that trade routes is linked to guideline number 15, and the passage also mentions a follow-up action.","The key point is that trade routes is linked to guideline number 15, and the passage also mentions a follow-up action.",No Failure,Low,High,The answer is supported by the retrieved context and matches the expected response.,training note
175,Science,biology,photosynthesis policy,Which detail is supported by the context for photosynthesis policy?,The source says that photosynthesis policy is linked to deadline number 14. A exception clause is also mentioned in the same passage. The document keeps the explanation focused on the biology use case.,"The key point is that photosynthesis policy is linked to deadline number 14, and the passage also mentions a exception clause.","The key point is that photosynthesis policy is linked to deadline number 14, and the passage also mentions a exception clause.",No Failure,Low,High,The answer is supported by the retrieved context and matches the expected response.,FAQ excerpt
176,Technology,machine learning,overfitting guidance,What does the document say about overfitting guidance?,The context indicates that overfitting guidance is linked to warning sign number 1. A weekly review is also mentioned in the same passage. The document keeps the explanation focused on the machine learning use case.,"The key point is that overfitting guidance is linked to warning sign number 1, and the passage also mentions a weekly review.","The key point is that overfitting guidance is linked to warning sign number 1, and the passage also mentions a weekly review.",No Failure,Low,High,The answer is supported by the retrieved context and matches the expected response.,policy memo
177,Education,concept,machine learning benchmark,What does the document say about machine learning benchmark?,The document explains that machine learning benchmark is linked to procedure number 5. A priority order is also mentioned in the same passage. The document keeps the explanation focused on the concept use case.,"The key point is that machine learning benchmark is linked to procedure number 5, and the passage also mentions a priority order.","The key point is that machine learning benchmark is linked to procedure number 5, but the supporting reference points to another passage.",Wrong Citation,Medium,Medium,"The answer may be correct, but the cited source or evidence reference is incorrect or mismatched.",support ticket
178,Travel,budget travel,daily spending workflow,"According to the provided context, what is the key point about daily spending workflow?",The context indicates that daily spending workflow is linked to increase number 17. A risk factor is also mentioned in the same passage. The document keeps the explanation focused on the budget travel use case.,"The key point is that daily spending workflow is linked to increase number 17, and the passage also mentions a risk factor.",The context does not provide enough information to answer confidently.,Missing Context,Medium,Medium,The answer ignores useful evidence that is present in the retrieved context.,policy memo
179,Technology,machine learning,overfitting,What does the document say about overfitting?,The context indicates that overfitting is linked to warning sign number 15. A required step is also mentioned in the same passage. The document keeps the explanation focused on the machine learning use case.,"The key point is that overfitting is linked to warning sign number 15, and the passage also mentions a required step.",The answer concerns an unrelated topic and says that overfitting is mostly about a different domain.,Retrieval Failure,High,Low,The retrieved context is not relevant enough to answer the question well.,knowledge base article
180,Travel,safety,emergency contacts,Summarize the main fact about emergency contacts from the passage.,The source says that emergency contacts is linked to increase number 8. A risk factor is also mentioned in the same passage. The document keeps the explanation focused on the safety use case.,"The key point is that emergency contacts is linked to increase number 8, and the passage also mentions a risk factor.","The key point is that emergency contacts is linked to increase number 8, but the supporting reference points to another passage.",Wrong Citation,Medium,Medium,"The answer may be correct, but the cited source or evidence reference is incorrect or mismatched.",policy memo
181,Environment,climate,carbon emissions,What is the correct answer regarding carbon emissions?,The document explains that carbon emissions is linked to deadline number 12. A time window is also mentioned in the same passage. The document keeps the explanation focused on the climate use case.,"The key point is that carbon emissions is linked to deadline number 12, and the passage also mentions a time window.",The answer concerns an unrelated topic and says that carbon emissions is mostly about a different domain.,Retrieval Failure,High,Low,The retrieved context is not relevant enough to answer the question well.,policy memo
182,History,conflict,world war II,What is the correct answer regarding world war II?,The document explains that world war II is linked to threshold number 3. A estimated cost is also mentioned in the same passage. The document keeps the explanation focused on the conflict use case.,"The key point is that world war II is linked to threshold number 3, and the passage also mentions a estimated cost.","The key point is that world war II is not linked to threshold number 3; instead, it is linked to the opposite outcome.",Contradiction,High,Low,The answer directly conflicts with the information in the retrieved context.,training note
183,Education,learning strategy,note taking,Summarize the main fact about note taking from the passage.,The context indicates that note taking is linked to increase number 4. A verification step is also mentioned in the same passage. The document keeps the explanation focused on the learning strategy use case.,"The key point is that note taking is linked to increase number 4, and the passage also mentions a verification step.","The key point is that note taking is linked to increase number 4, and it also causes a completely unsupported major issue.",Hallucination,High,Low,The model adds an unsupported detail that does not appear in the retrieved context.,policy memo
184,Environment,air quality,particulate matter workflow,What does the document say about particulate matter workflow?,The evidence shows that particulate matter workflow is linked to deadline number 17. A risk factor is also mentioned in the same passage. The document keeps the explanation focused on the air quality use case.,"The key point is that particulate matter workflow is linked to deadline number 17, and the passage also mentions a risk factor.",The answer concerns an unrelated topic and says that particulate matter workflow is mostly about a different domain.,Retrieval Failure,High,Low,The retrieved context is not relevant enough to answer the question well.,support ticket
185,Science,chemistry,reaction rate,What does the document say about reaction rate?,The passage states that reaction rate is linked to warning sign number 7. A risk factor is also mentioned in the same passage. The document keeps the explanation focused on the chemistry use case.,"The key point is that reaction rate is linked to warning sign number 7, and the passage also mentions a risk factor.",The key point is that reaction rate is linked to warning sign number 7.,Partial Answer,Medium,Medium,The response captures the core idea but leaves out an important supporting detail.,policy memo
186,Sports,player performance,stamina,What is the correct answer regarding stamina?,The evidence shows that stamina is linked to warning sign number 3. A priority order is also mentioned in the same passage. The document keeps the explanation focused on the player performance use case.,"The key point is that stamina is linked to warning sign number 3, and the passage also mentions a priority order.",The context does not provide enough information to answer confidently.,Missing Context,Medium,Medium,The answer ignores useful evidence that is present in the retrieved context.,support ticket
187,Finance,risk,emergency fund workflow,What is the correct answer regarding emergency fund workflow?,The source says that emergency fund workflow is linked to threshold number 10. A estimated cost is also mentioned in the same passage. The document keeps the explanation focused on the risk use case.,"The key point is that emergency fund workflow is linked to threshold number 10, and the passage also mentions a estimated cost.","The key point is that emergency fund workflow is linked to threshold number 10, and the passage also mentions a estimated cost.",No Failure,Low,High,The answer is supported by the retrieved context and matches the expected response.,policy memo
188,History,leader,mauryan empire,"According to the provided context, what is the key point about mauryan empire?",The passage states that mauryan empire is linked to threshold number 17. A weekly review is also mentioned in the same passage. The document keeps the explanation focused on the leader use case.,"The key point is that mauryan empire is linked to threshold number 17, and the passage also mentions a weekly review.",The context does not provide enough information to answer confidently.,Missing Context,Medium,Medium,The answer ignores useful evidence that is present in the retrieved context.,policy memo
189,Education,study plan,final revision,"According to the provided context, what is the key point about final revision?",The document explains that final revision is linked to recommended action number 6. A estimated cost is also mentioned in the same passage. The document keeps the explanation focused on the study plan use case.,"The key point is that final revision is linked to recommended action number 6, and the passage also mentions a estimated cost.",The answer concerns an unrelated topic and says that final revision is mostly about a different domain.,Retrieval Failure,High,Low,The retrieved context is not relevant enough to answer the question well.,policy memo
190,Technology,cloud,auto scaling,Summarize the main fact about auto scaling from the passage.,The evidence shows that auto scaling is linked to procedure number 1. A risk factor is also mentioned in the same passage. The document keeps the explanation focused on the cloud use case.,"The key point is that auto scaling is linked to procedure number 1, and the passage also mentions a risk factor.",The key point is that auto scaling is linked to procedure number 1.,Partial Answer,Medium,Medium,The response captures the core idea but leaves out an important supporting detail.,FAQ excerpt
191,Healthcare,symptoms,migraine workflow,"According to the provided context, what is the key point about migraine workflow?",The evidence shows that migraine workflow is linked to comparison number 4. A estimated cost is also mentioned in the same passage. The document keeps the explanation focused on the symptoms use case.,"The key point is that migraine workflow is linked to comparison number 4, and the passage also mentions a estimated cost.","The key point is that migraine workflow is linked to comparison number 4, but the supporting reference points to another passage.",Wrong Citation,Medium,Medium,"The answer may be correct, but the cited source or evidence reference is incorrect or mismatched.",training note
192,Business,sales,conversion rate,What is the correct answer regarding conversion rate?,The context indicates that conversion rate is linked to threshold number 8. A required step is also mentioned in the same passage. The document keeps the explanation focused on the sales use case.,"The key point is that conversion rate is linked to threshold number 8, and the passage also mentions a required step.","The key point is that conversion rate is linked to threshold number 8, and it also causes a completely unsupported major issue.",Hallucination,High,Low,The model adds an unsupported detail that does not appear in the retrieved context.,training note
193,Business,HR,employee onboarding,"According to the provided context, what is the key point about employee onboarding?",The passage states that employee onboarding is linked to threshold number 14. A time window is also mentioned in the same passage. The document keeps the explanation focused on the HR use case.,"The key point is that employee onboarding is linked to threshold number 14, and the passage also mentions a time window.","The key point is that employee onboarding is not linked to threshold number 14; instead, it is linked to the opposite outcome.",Contradiction,High,Low,The answer directly conflicts with the information in the retrieved context.,support ticket
194,Sports,team strategy,set pieces,"According to the provided context, what is the key point about set pieces?",The context indicates that set pieces is linked to warning sign number 13. A exception clause is also mentioned in the same passage. The document keeps the explanation focused on the team strategy use case.,"The key point is that set pieces is linked to warning sign number 13, and the passage also mentions a exception clause.",The context does not provide enough information to answer confidently.,Missing Context,Medium,Medium,The answer ignores useful evidence that is present in the retrieved context.,policy memo
195,Science,physics,force and motion overview,Summarize the main fact about force and motion overview from the passage.,The evidence shows that force and motion overview is linked to deadline number 13. A time window is also mentioned in the same passage. The document keeps the explanation focused on the physics use case.,"The key point is that force and motion overview is linked to deadline number 13, and the passage also mentions a time window.",The context does not provide enough information to answer confidently.,Missing Context,Medium,Medium,The answer ignores useful evidence that is present in the retrieved context.,support ticket
196,Science,biology,photosynthesis workflow,Summarize the main fact about photosynthesis workflow from the passage.,The context indicates that photosynthesis workflow is linked to comparison number 3. A priority order is also mentioned in the same passage. The document keeps the explanation focused on the biology use case.,"The key point is that photosynthesis workflow is linked to comparison number 3, and the passage also mentions a priority order.","The key point is that photosynthesis workflow is not linked to comparison number 3; instead, it is linked to the opposite outcome.",Contradiction,High,Low,The answer directly conflicts with the information in the retrieved context.,knowledge base article
197,Finance,investment,index funds,Which detail is supported by the context for index funds?,The evidence shows that index funds is linked to warning sign number 1. A verification step is also mentioned in the same passage. The document keeps the explanation focused on the investment use case.,"The key point is that index funds is linked to warning sign number 1, and the passage also mentions a verification step.",The answer concerns an unrelated topic and says that index funds is mostly about a different domain.,Retrieval Failure,High,Low,The retrieved context is not relevant enough to answer the question well.,policy memo
198,Legal,consumer rights,refund policy workflow,Summarize the main fact about refund policy workflow from the passage.,The source says that refund policy workflow is linked to causal factor number 10. A follow-up action is also mentioned in the same passage. The document keeps the explanation focused on the consumer rights use case.,"The key point is that refund policy workflow is linked to causal factor number 10, and the passage also mentions a follow-up action.","The key point is that refund policy workflow is not linked to causal factor number 10; instead, it is linked to the opposite outcome.",Contradiction,High,Low,The answer directly conflicts with the information in the retrieved context.,support ticket
199,Environment,air quality,particulate matter,What does the document say about particulate matter?,The evidence shows that particulate matter is linked to causal factor number 10. A follow-up action is also mentioned in the same passage. The document keeps the explanation focused on the air quality use case.,"The key point is that particulate matter is linked to causal factor number 10, and the passage also mentions a follow-up action.","The key point is that particulate matter is linked to causal factor number 10, and it also causes a completely unsupported major issue.",Hallucination,High,Low,The model adds an unsupported detail that does not appear in the retrieved context.,FAQ excerpt
200,Technology,security,password hashing,What does the document say about password hashing?,The document explains that password hashing is linked to recommended action number 5. A time window is also mentioned in the same passage. The document keeps the explanation focused on the security use case.,"The key point is that password hashing is linked to recommended action number 5, and the passage also mentions a time window.","The key point is that password hashing is not linked to recommended action number 5; instead, it is linked to the opposite outcome.",Contradiction,High,Low,The answer directly conflicts with the information in the retrieved context.,FAQ excerpt
201,Environment,waste,recycling policy,"According to the provided context, what is the key point about recycling policy?",The evidence shows that recycling policy is linked to deadline number 14. A estimated cost is also mentioned in the same passage. The document keeps the explanation focused on the waste use case.,"The key point is that recycling policy is linked to deadline number 14, and the passage also mentions a estimated cost.","The key point is that recycling policy is not linked to deadline number 14; instead, it is linked to the opposite outcome.",Contradiction,High,Low,The answer directly conflicts with the information in the retrieved context.,support ticket
202,Healthcare,medication,asthma overview,What is the correct answer regarding asthma overview?,The context indicates that asthma overview is linked to recommended action number 3. A follow-up action is also mentioned in the same passage. The document keeps the explanation focused on the medication use case.,"The key point is that asthma overview is linked to recommended action number 3, and the passage also mentions a follow-up action.",The key point is that asthma overview is linked to recommended action number 3.,Partial Answer,Medium,Medium,The response captures the core idea but leaves out an important supporting detail.,knowledge base article
203,Education,assignment,research methods,What does the document say about research methods?,The evidence shows that research methods is linked to decrease number 15. A verification step is also mentioned in the same passage. The document keeps the explanation focused on the assignment use case.,"The key point is that research methods is linked to decrease number 15, and the passage also mentions a verification step.","The key point is that research methods is linked to decrease number 15, and it also causes a completely unsupported major issue.",Hallucination,High,Low,The model adds an unsupported detail that does not appear in the retrieved context.,support ticket
204,Sports,tactics,pressing,"According to the provided context, what is the key point about pressing?",The document explains that pressing is linked to deadline number 1. A estimated cost is also mentioned in the same passage. The document keeps the explanation focused on the tactics use case.,"The key point is that pressing is linked to deadline number 1, and the passage also mentions a estimated cost.","The key point is that pressing is linked to deadline number 1, and the passage also mentions a estimated cost.",No Failure,Low,High,The answer is supported by the retrieved context and matches the expected response.,training note
205,Finance,budgeting,monthly expenses workflow,Which detail is supported by the context for monthly expenses workflow?,The source says that monthly expenses workflow is linked to guideline number 17. A estimated cost is also mentioned in the same passage. The document keeps the explanation focused on the budgeting use case.,"The key point is that monthly expenses workflow is linked to guideline number 17, and the passage also mentions a estimated cost.",The answer concerns an unrelated topic and says that monthly expenses workflow is mostly about a different domain.,Retrieval Failure,High,Low,The retrieved context is not relevant enough to answer the question well.,FAQ excerpt
206,Business,product,feature prioritization workflow,Summarize the main fact about feature prioritization workflow from the passage.,The source says that feature prioritization workflow is linked to recommended action number 6. A weekly review is also mentioned in the same passage. The document keeps the explanation focused on the product use case.,"The key point is that feature prioritization workflow is linked to recommended action number 6, and the passage also mentions a weekly review.","The key point is that feature prioritization workflow is linked to recommended action number 6, and it also causes a completely unsupported major issue.",Hallucination,High,Low,The model adds an unsupported detail that does not appear in the retrieved context.,knowledge base article
207,Science,astronomy,exoplanets workflow,Which detail is supported by the context for exoplanets workflow?,The evidence shows that exoplanets workflow is linked to warning sign number 4. A required step is also mentioned in the same passage. The document keeps the explanation focused on the astronomy use case.,"The key point is that exoplanets workflow is linked to warning sign number 4, and the passage also mentions a required step.","The key point is that exoplanets workflow is linked to warning sign number 4, and the passage also mentions a required step.",No Failure,Low,High,The answer is supported by the retrieved context and matches the expected response.,support ticket
208,Healthcare,medication,asthma,Summarize the main fact about asthma from the passage.,The document explains that asthma is linked to procedure number 4. A best practice is also mentioned in the same passage. The document keeps the explanation focused on the medication use case.,"The key point is that asthma is linked to procedure number 4, and the passage also mentions a best practice.",The answer concerns an unrelated topic and says that asthma is mostly about a different domain.,Retrieval Failure,High,Low,The retrieved context is not relevant enough to answer the question well.,knowledge base article
209,Environment,air quality,particulate matter,Which detail is supported by the context for particulate matter?,The source says that particulate matter is linked to warning sign number 12. A best practice is also mentioned in the same passage. The document keeps the explanation focused on the air quality use case.,"The key point is that particulate matter is linked to warning sign number 12, and the passage also mentions a best practice.",The answer concerns an unrelated topic and says that particulate matter is mostly about a different domain.,Retrieval Failure,High,Low,The retrieved context is not relevant enough to answer the question well.,training note
210,Science,astronomy,exoplanets overview,What does the document say about exoplanets overview?,The source says that exoplanets overview is linked to increase number 1. A risk factor is also mentioned in the same passage. The document keeps the explanation focused on the astronomy use case.,"The key point is that exoplanets overview is linked to increase number 1, and the passage also mentions a risk factor.","Since exoplanets overview mentions a risk factor, the model concludes an unrelated extra result that does not follow.",Reasoning Error,Medium,Medium,The model uses the available evidence but reaches an incorrect inference.,support ticket
211,History,conflict,world war II,What does the document say about world war II?,The source says that world war II is linked to comparison number 8. A exception clause is also mentioned in the same passage. The document keeps the explanation focused on the conflict use case.,"The key point is that world war II is linked to comparison number 8, and the passage also mentions a exception clause.","The key point is that world war II is not linked to comparison number 8; instead, it is linked to the opposite outcome.",Contradiction,High,Low,The answer directly conflicts with the information in the retrieved context.,FAQ excerpt
212,Technology,cloud,auto scaling,Which detail is supported by the context for auto scaling?,The passage states that auto scaling is linked to warning sign number 12. A weekly review is also mentioned in the same passage. The document keeps the explanation focused on the cloud use case.,"The key point is that auto scaling is linked to warning sign number 12, and the passage also mentions a weekly review.","The key point is that auto scaling is not linked to warning sign number 12; instead, it is linked to the opposite outcome.",Contradiction,High,Low,The answer directly conflicts with the information in the retrieved context.,FAQ excerpt
213,Environment,waste,recycling guidance,"According to the provided context, what is the key point about recycling guidance?",The context indicates that recycling guidance is linked to decrease number 5. A best practice is also mentioned in the same passage. The document keeps the explanation focused on the waste use case.,"The key point is that recycling guidance is linked to decrease number 5, and the passage also mentions a best practice.","The key point is that recycling guidance is not linked to decrease number 5; instead, it is linked to the opposite outcome.",Contradiction,High,Low,The answer directly conflicts with the information in the retrieved context.,support ticket
214,Travel,local rules,visa requirements guidance,What is the correct answer regarding visa requirements guidance?,The document explains that visa requirements guidance is linked to increase number 15. A required step is also mentioned in the same passage. The document keeps the explanation focused on the local rules use case.,"The key point is that visa requirements guidance is linked to increase number 15, and the passage also mentions a required step.","The key point is that visa requirements guidance is linked to increase number 15, and it also causes a completely unsupported major issue.",Hallucination,High,Low,The model adds an unsupported detail that does not appear in the retrieved context.,knowledge base article
215,Food,recipe,baking,What does the document say about baking?,The source says that baking is linked to threshold number 15. A exception clause is also mentioned in the same passage. The document keeps the explanation focused on the recipe use case.,"The key point is that baking is linked to threshold number 15, and the passage also mentions a exception clause.",The context does not provide enough information to answer confidently.,Missing Context,Medium,Medium,The answer ignores useful evidence that is present in the retrieved context.,support ticket
216,Business,sales,conversion rate,"According to the provided context, what is the key point about conversion rate?",The source says that conversion rate is linked to guideline number 10. A verification step is also mentioned in the same passage. The document keeps the explanation focused on the sales use case.,"The key point is that conversion rate is linked to guideline number 10, and the passage also mentions a verification step.",The answer concerns an unrelated topic and says that conversion rate is mostly about a different domain.,Retrieval Failure,High,Low,The retrieved context is not relevant enough to answer the question well.,support ticket
217,Travel,booking,cancellation policy,"According to the provided context, what is the key point about cancellation policy?",The evidence shows that cancellation policy is linked to causal factor number 5. A priority order is also mentioned in the same passage. The document keeps the explanation focused on the booking use case.,"The key point is that cancellation policy is linked to causal factor number 5, and the passage also mentions a priority order.",The context does not provide enough information to answer confidently.,Missing Context,Medium,Medium,The answer ignores useful evidence that is present in the retrieved context.,FAQ excerpt
218,Legal,compliance,record keeping benchmark,Which detail is supported by the context for record keeping benchmark?,The document explains that record keeping benchmark is linked to causal factor number 2. A best practice is also mentioned in the same passage. The document keeps the explanation focused on the compliance use case.,"The key point is that record keeping benchmark is linked to causal factor number 2, and the passage also mentions a best practice.",The key point is that record keeping benchmark is linked to causal factor number 2.,Partial Answer,Medium,Medium,The response captures the core idea but leaves out an important supporting detail.,FAQ excerpt
219,Travel,transport,rail schedules guidance,What does the document say about rail schedules guidance?,The document explains that rail schedules guidance is linked to deadline number 10. A time window is also mentioned in the same passage. The document keeps the explanation focused on the transport use case.,"The key point is that rail schedules guidance is linked to deadline number 10, and the passage also mentions a time window.","The key point is that rail schedules guidance is not linked to deadline number 10; instead, it is linked to the opposite outcome.",Contradiction,High,Low,The answer directly conflicts with the information in the retrieved context.,knowledge base article
220,Technology,cloud,auto scaling overview,What is the correct answer regarding auto scaling overview?,The context indicates that auto scaling overview is linked to increase number 13. A risk factor is also mentioned in the same passage. The document keeps the explanation focused on the cloud use case.,"The key point is that auto scaling overview is linked to increase number 13, and the passage also mentions a risk factor.",The key point is that auto scaling overview is linked to increase number 13.,Partial Answer,Medium,Medium,The response captures the core idea but leaves out an important supporting detail.,training note
221,Sports,training,recovery overview,Summarize the main fact about recovery overview from the passage.,The context indicates that recovery overview is linked to guideline number 17. A time window is also mentioned in the same passage. The document keeps the explanation focused on the training use case.,"The key point is that recovery overview is linked to guideline number 17, and the passage also mentions a time window.",The key point is that recovery overview is linked to guideline number 17.,Partial Answer,Medium,Medium,The response captures the core idea but leaves out an important supporting detail.,support ticket
222,Sports,player performance,stamina,Summarize the main fact about stamina from the passage.,The document explains that stamina is linked to warning sign number 1. A best practice is also mentioned in the same passage. The document keeps the explanation focused on the player performance use case.,"The key point is that stamina is linked to warning sign number 1, and the passage also mentions a best practice.","Since stamina mentions a best practice, the model concludes an unrelated extra result that does not follow.",Reasoning Error,Medium,Medium,The model uses the available evidence but reaches an incorrect inference.,policy memo
223,Legal,consumer rights,refund policy overview,Summarize the main fact about refund policy overview from the passage.,The passage states that refund policy overview is linked to increase number 5. A estimated cost is also mentioned in the same passage. The document keeps the explanation focused on the consumer rights use case.,"The key point is that refund policy overview is linked to increase number 5, and the passage also mentions a estimated cost.","The key point is that refund policy overview is linked to increase number 5, and it also causes a completely unsupported major issue.",Hallucination,High,Low,The model adds an unsupported detail that does not appear in the retrieved context.,FAQ excerpt
224,Food,diet,fiber,What does the document say about fiber?,The context indicates that fiber is linked to deadline number 6. A verification step is also mentioned in the same passage. The document keeps the explanation focused on the diet use case.,"The key point is that fiber is linked to deadline number 6, and the passage also mentions a verification step.","The key point is that fiber is linked to deadline number 6, and the passage also mentions a verification step.",No Failure,Low,High,The answer is supported by the retrieved context and matches the expected response.,policy memo
225,Healthcare,diagnosis,type 2 diabetes overview,What does the document say about type 2 diabetes overview?,The evidence shows that type 2 diabetes overview is linked to comparison number 5. A risk factor is also mentioned in the same passage. The document keeps the explanation focused on the diagnosis use case.,"The key point is that type 2 diabetes overview is linked to comparison number 5, and the passage also mentions a risk factor.","The key point is that type 2 diabetes overview is linked to comparison number 5, and it also causes a completely unsupported major issue.",Hallucination,High,Low,The model adds an unsupported detail that does not appear in the retrieved context.,policy memo
226,Science,environmental science,water quality,What does the document say about water quality?,The context indicates that water quality is linked to causal factor number 16. A verification step is also mentioned in the same passage. The document keeps the explanation focused on the environmental science use case.,"The key point is that water quality is linked to causal factor number 16, and the passage also mentions a verification step.",The answer concerns an unrelated topic and says that water quality is mostly about a different domain.,Retrieval Failure,High,Low,The retrieved context is not relevant enough to answer the question well.,training note
227,Food,recipe,baking policy,"According to the provided context, what is the key point about baking policy?",The context indicates that baking policy is linked to guideline number 8. A exception clause is also mentioned in the same passage. The document keeps the explanation focused on the recipe use case.,"The key point is that baking policy is linked to guideline number 8, and the passage also mentions a exception clause.",The key point is that baking policy is linked to guideline number 8.,Partial Answer,Medium,Medium,The response captures the core idea but leaves out an important supporting detail.,knowledge base article
228,Business,product,feature prioritization workflow,"According to the provided context, what is the key point about feature prioritization workflow?",The context indicates that feature prioritization workflow is linked to guideline number 11. A required step is also mentioned in the same passage. The document keeps the explanation focused on the product use case.,"The key point is that feature prioritization workflow is linked to guideline number 11, and the passage also mentions a required step.","The key point is that feature prioritization workflow is linked to guideline number 11, and it also causes a completely unsupported major issue.",Hallucination,High,Low,The model adds an unsupported detail that does not appear in the retrieved context.,training note
229,Finance,investment,index funds policy,Which detail is supported by the context for index funds policy?,The source says that index funds policy is linked to guideline number 12. A time window is also mentioned in the same passage. The document keeps the explanation focused on the investment use case.,"The key point is that index funds policy is linked to guideline number 12, and the passage also mentions a time window.",The key point is that index funds policy is linked to guideline number 12.,Partial Answer,Medium,Medium,The response captures the core idea but leaves out an important supporting detail.,knowledge base article
230,Legal,contract clause,termination,"According to the provided context, what is the key point about termination?",The passage states that termination is linked to comparison number 10. A weekly review is also mentioned in the same passage. The document keeps the explanation focused on the contract clause use case.,"The key point is that termination is linked to comparison number 10, and the passage also mentions a weekly review.","The key point is that termination is linked to comparison number 10, and it also causes a completely unsupported major issue.",Hallucination,High,Low,The model adds an unsupported detail that does not appear in the retrieved context.,knowledge base article
231,Education,learning strategy,note taking overview,Summarize the main fact about note taking overview from the passage.,The evidence shows that note taking overview is linked to threshold number 6. A estimated cost is also mentioned in the same passage. The document keeps the explanation focused on the learning strategy use case.,"The key point is that note taking overview is linked to threshold number 6, and the passage also mentions a estimated cost.","The key point is that note taking overview is linked to threshold number 6, and it also causes a completely unsupported major issue.",Hallucination,High,Low,The model adds an unsupported detail that does not appear in the retrieved context.,FAQ excerpt
232,Environment,energy,solar adoption benchmark,What is the correct answer regarding solar adoption benchmark?,The context indicates that solar adoption benchmark is linked to increase number 4. A follow-up action is also mentioned in the same passage. The document keeps the explanation focused on the energy use case.,"The key point is that solar adoption benchmark is linked to increase number 4, and the passage also mentions a follow-up action.",The key point is that solar adoption benchmark is linked to increase number 4.,Partial Answer,Medium,Medium,The response captures the core idea but leaves out an important supporting detail.,knowledge base article
233,Science,chemistry,reaction rate,What is the correct answer regarding reaction rate?,The passage states that reaction rate is linked to procedure number 16. A weekly review is also mentioned in the same passage. The document keeps the explanation focused on the chemistry use case.,"The key point is that reaction rate is linked to procedure number 16, and the passage also mentions a weekly review.","The key point is that reaction rate is linked to procedure number 16, but the supporting reference points to another passage.",Wrong Citation,Medium,Medium,"The answer may be correct, but the cited source or evidence reference is incorrect or mismatched.",policy memo
234,Food,diet,fiber benchmark,What does the document say about fiber benchmark?,The passage states that fiber benchmark is linked to increase number 5. A verification step is also mentioned in the same passage. The document keeps the explanation focused on the diet use case.,"The key point is that fiber benchmark is linked to increase number 5, and the passage also mentions a verification step.","The key point is that fiber benchmark is not linked to increase number 5; instead, it is linked to the opposite outcome.",Contradiction,High,Low,The answer directly conflicts with the information in the retrieved context.,knowledge base article
235,Legal,compliance,record keeping benchmark,"According to the provided context, what is the key point about record keeping benchmark?",The evidence shows that record keeping benchmark is linked to procedure number 6. A risk factor is also mentioned in the same passage. The document keeps the explanation focused on the compliance use case.,"The key point is that record keeping benchmark is linked to procedure number 6, and the passage also mentions a risk factor.",The key point is that record keeping benchmark is linked to procedure number 6.,Partial Answer,Medium,Medium,The response captures the core idea but leaves out an important supporting detail.,knowledge base article
236,Education,learning strategy,note taking,What does the document say about note taking?,The context indicates that note taking is linked to increase number 17. A estimated cost is also mentioned in the same passage. The document keeps the explanation focused on the learning strategy use case.,"The key point is that note taking is linked to increase number 17, and the passage also mentions a estimated cost.","The key point is that note taking is linked to increase number 17, and the passage also mentions a estimated cost.",No Failure,Low,High,The answer is supported by the retrieved context and matches the expected response.,support ticket
237,Finance,banking,loan repayment,Summarize the main fact about loan repayment from the passage.,The evidence shows that loan repayment is linked to increase number 2. A best practice is also mentioned in the same passage. The document keeps the explanation focused on the banking use case.,"The key point is that loan repayment is linked to increase number 2, and the passage also mentions a best practice.",The context does not provide enough information to answer confidently.,Missing Context,Medium,Medium,The answer ignores useful evidence that is present in the retrieved context.,knowledge base article
238,Legal,privacy,data retention benchmark,Which detail is supported by the context for data retention benchmark?,The evidence shows that data retention benchmark is linked to causal factor number 4. A risk factor is also mentioned in the same passage. The document keeps the explanation focused on the privacy use case.,"The key point is that data retention benchmark is linked to causal factor number 4, and the passage also mentions a risk factor.",The answer concerns an unrelated topic and says that data retention benchmark is mostly about a different domain.,Retrieval Failure,High,Low,The retrieved context is not relevant enough to answer the question well.,knowledge base article
239,Travel,budget travel,daily spending workflow,"According to the provided context, what is the key point about daily spending workflow?",The passage states that daily spending workflow is linked to deadline number 13. A best practice is also mentioned in the same passage. The document keeps the explanation focused on the budget travel use case.,"The key point is that daily spending workflow is linked to deadline number 13, and the passage also mentions a best practice.",The key point is that daily spending workflow is linked to deadline number 13.,Partial Answer,Medium,Medium,The response captures the core idea but leaves out an important supporting detail.,knowledge base article
240,Business,marketing,customer retention,What does the document say about customer retention?,The passage states that customer retention is linked to threshold number 10. A verification step is also mentioned in the same passage. The document keeps the explanation focused on the marketing use case.,"The key point is that customer retention is linked to threshold number 10, and the passage also mentions a verification step.","The key point is that customer retention is not linked to threshold number 10; instead, it is linked to the opposite outcome.",Contradiction,High,Low,The answer directly conflicts with the information in the retrieved context.,policy memo
241,Healthcare,lab results,anemia,What does the document say about anemia?,The evidence shows that anemia is linked to increase number 6. A time window is also mentioned in the same passage. The document keeps the explanation focused on the lab results use case.,"The key point is that anemia is linked to increase number 6, and the passage also mentions a time window.","The key point is that anemia is linked to increase number 6, and the passage also mentions a time window.",No Failure,Low,High,The answer is supported by the retrieved context and matches the expected response.,training note
242,Environment,air quality,particulate matter workflow,What is the correct answer regarding particulate matter workflow?,The document explains that particulate matter workflow is linked to recommended action number 15. A exception clause is also mentioned in the same passage. The document keeps the explanation focused on the air quality use case.,"The key point is that particulate matter workflow is linked to recommended action number 15, and the passage also mentions a exception clause.","Since particulate matter workflow mentions a exception clause, the model concludes an unrelated extra result that does not follow.",Reasoning Error,Medium,Medium,The model uses the available evidence but reaches an incorrect inference.,support ticket
243,Finance,tax,capital gains,What is the correct answer regarding capital gains?,The passage states that capital gains is linked to decrease number 9. A risk factor is also mentioned in the same passage. The document keeps the explanation focused on the tax use case.,"The key point is that capital gains is linked to decrease number 9, and the passage also mentions a risk factor.","The key point is that capital gains is not linked to decrease number 9; instead, it is linked to the opposite outcome.",Contradiction,High,Low,The answer directly conflicts with the information in the retrieved context.,training note
244,Technology,machine learning,overfitting guidance,What is the correct answer regarding overfitting guidance?,The evidence shows that overfitting guidance is linked to comparison number 11. A time window is also mentioned in the same passage. The document keeps the explanation focused on the machine learning use case.,"The key point is that overfitting guidance is linked to comparison number 11, and the passage also mentions a time window.","The key point is that overfitting guidance is linked to comparison number 11, and it also causes a completely unsupported major issue.",Hallucination,High,Low,The model adds an unsupported detail that does not appear in the retrieved context.,knowledge base article
245,Business,strategy,market positioning guidance,What is the correct answer regarding market positioning guidance?,The document explains that market positioning guidance is linked to procedure number 12. A verification step is also mentioned in the same passage. The document keeps the explanation focused on the strategy use case.,"The key point is that market positioning guidance is linked to procedure number 12, and the passage also mentions a verification step.","The key point is that market positioning guidance is linked to procedure number 12, and it also causes a completely unsupported major issue.",Hallucination,High,Low,The model adds an unsupported detail that does not appear in the retrieved context.,knowledge base article
246,Travel,booking,cancellation policy,"According to the provided context, what is the key point about cancellation policy?",The evidence shows that cancellation policy is linked to decrease number 3. A best practice is also mentioned in the same passage. The document keeps the explanation focused on the booking use case.,"The key point is that cancellation policy is linked to decrease number 3, and the passage also mentions a best practice.","Since cancellation policy mentions a best practice, the model concludes an unrelated extra result that does not follow.",Reasoning Error,Medium,Medium,The model uses the available evidence but reaches an incorrect inference.,knowledge base article
247,Food,food safety,storage temperature,Summarize the main fact about storage temperature from the passage.,The passage states that storage temperature is linked to guideline number 13. A exception clause is also mentioned in the same passage. The document keeps the explanation focused on the food safety use case.,"The key point is that storage temperature is linked to guideline number 13, and the passage also mentions a exception clause.","The key point is that storage temperature is linked to guideline number 13, and the passage also mentions a exception clause.",No Failure,Low,High,The answer is supported by the retrieved context and matches the expected response.,training note
248,Finance,investment,index funds guidance,What does the document say about index funds guidance?,The context indicates that index funds guidance is linked to increase number 5. A exception clause is also mentioned in the same passage. The document keeps the explanation focused on the investment use case.,"The key point is that index funds guidance is linked to increase number 5, and the passage also mentions a exception clause.","The key point is that index funds guidance is linked to increase number 5, but the supporting reference points to another passage.",Wrong Citation,Medium,Medium,"The answer may be correct, but the cited source or evidence reference is incorrect or mismatched.",FAQ excerpt
249,Finance,banking,loan repayment overview,"According to the provided context, what is the key point about loan repayment overview?",The evidence shows that loan repayment overview is linked to recommended action number 2. A best practice is also mentioned in the same passage. The document keeps the explanation focused on the banking use case.,"The key point is that loan repayment overview is linked to recommended action number 2, and the passage also mentions a best practice.","The key point is that loan repayment overview is linked to recommended action number 2, but the supporting reference points to another passage.",Wrong Citation,Medium,Medium,"The answer may be correct, but the cited source or evidence reference is incorrect or mismatched.",training note
250,Sports,tactics,pressing,What is the correct answer regarding pressing?,The passage states that pressing is linked to recommended action number 10. A verification step is also mentioned in the same passage. The document keeps the explanation focused on the tactics use case.,"The key point is that pressing is linked to recommended action number 10, and the passage also mentions a verification step.","The key point is that pressing is not linked to recommended action number 10; instead, it is linked to the opposite outcome.",Contradiction,High,Low,The answer directly conflicts with the information in the retrieved context.,policy memo
251,Legal,intellectual property,copyright,"According to the provided context, what is the key point about copyright?",The passage states that copyright is linked to deadline number 10. A best practice is also mentioned in the same passage. The document keeps the explanation focused on the intellectual property use case.,"The key point is that copyright is linked to deadline number 10, and the passage also mentions a best practice.",The answer concerns an unrelated topic and says that copyright is mostly about a different domain.,Retrieval Failure,High,Low,The retrieved context is not relevant enough to answer the question well.,training note
252,Science,earth science,climate patterns benchmark,Which detail is supported by the context for climate patterns benchmark?,The evidence shows that climate patterns benchmark is linked to causal factor number 16. A time window is also mentioned in the same passage. The document keeps the explanation focused on the earth science use case.,"The key point is that climate patterns benchmark is linked to causal factor number 16, and the passage also mentions a time window.","The key point is that climate patterns benchmark is linked to causal factor number 16, and the passage also mentions a time window.",No Failure,Low,High,The answer is supported by the retrieved context and matches the expected response.,FAQ excerpt
253,Science,biology,photosynthesis,What does the document say about photosynthesis?,The evidence shows that photosynthesis is linked to increase number 9. A weekly review is also mentioned in the same passage. The document keeps the explanation focused on the biology use case.,"The key point is that photosynthesis is linked to increase number 9, and the passage also mentions a weekly review.","The key point is that photosynthesis is linked to increase number 9, and it also causes a completely unsupported major issue.",Hallucination,High,Low,The model adds an unsupported detail that does not appear in the retrieved context.,FAQ excerpt
254,Education,course selection,statistics,"According to the provided context, what is the key point about statistics?",The passage states that statistics is linked to recommended action number 5. A follow-up action is also mentioned in the same passage. The document keeps the explanation focused on the course selection use case.,"The key point is that statistics is linked to recommended action number 5, and the passage also mentions a follow-up action.",The context does not provide enough information to answer confidently.,Missing Context,Medium,Medium,The answer ignores useful evidence that is present in the retrieved context.,FAQ excerpt
255,Food,diet,fiber,"According to the provided context, what is the key point about fiber?",The source says that fiber is linked to guideline number 2. A best practice is also mentioned in the same passage. The document keeps the explanation focused on the diet use case.,"The key point is that fiber is linked to guideline number 2, and the passage also mentions a best practice.",The key point is that fiber is linked to guideline number 2.,Partial Answer,Medium,Medium,The response captures the core idea but leaves out an important supporting detail.,support ticket
256,Food,recipe,baking guidance,What is the correct answer regarding baking guidance?,The evidence shows that baking guidance is linked to warning sign number 7. A follow-up action is also mentioned in the same passage. The document keeps the explanation focused on the recipe use case.,"The key point is that baking guidance is linked to warning sign number 7, and the passage also mentions a follow-up action.",The key point is that baking guidance is linked to warning sign number 7.,Partial Answer,Medium,Medium,The response captures the core idea but leaves out an important supporting detail.,knowledge base article
257,Environment,wildlife,habitat loss,Which detail is supported by the context for habitat loss?,The evidence shows that habitat loss is linked to decrease number 6. A required step is also mentioned in the same passage. The document keeps the explanation focused on the wildlife use case.,"The key point is that habitat loss is linked to decrease number 6, and the passage also mentions a required step.",The key point is that habitat loss is linked to decrease number 6.,Partial Answer,Medium,Medium,The response captures the core idea but leaves out an important supporting detail.,policy memo
258,Education,exam prep,linear algebra,Which detail is supported by the context for linear algebra?,The evidence shows that linear algebra is linked to causal factor number 9. A priority order is also mentioned in the same passage. The document keeps the explanation focused on the exam prep use case.,"The key point is that linear algebra is linked to causal factor number 9, and the passage also mentions a priority order.","The key point is that linear algebra is linked to causal factor number 9, and it also causes a completely unsupported major issue.",Hallucination,High,Low,The model adds an unsupported detail that does not appear in the retrieved context.,policy memo
259,Food,food safety,storage temperature,Which detail is supported by the context for storage temperature?,The context indicates that storage temperature is linked to guideline number 8. A weekly review is also mentioned in the same passage. The document keeps the explanation focused on the food safety use case.,"The key point is that storage temperature is linked to guideline number 8, and the passage also mentions a weekly review.","Since storage temperature mentions a weekly review, the model concludes an unrelated extra result that does not follow.",Reasoning Error,Medium,Medium,The model uses the available evidence but reaches an incorrect inference.,support ticket
260,Food,nutrition,protein intake benchmark,What is the correct answer regarding protein intake benchmark?,The passage states that protein intake benchmark is linked to causal factor number 8. A exception clause is also mentioned in the same passage. The document keeps the explanation focused on the nutrition use case.,"The key point is that protein intake benchmark is linked to causal factor number 8, and the passage also mentions a exception clause.",The context does not provide enough information to answer confidently.,Missing Context,Medium,Medium,The answer ignores useful evidence that is present in the retrieved context.,policy memo
261,Legal,intellectual property,copyright benchmark,What does the document say about copyright benchmark?,The passage states that copyright benchmark is linked to recommended action number 10. A exception clause is also mentioned in the same passage. The document keeps the explanation focused on the intellectual property use case.,"The key point is that copyright benchmark is linked to recommended action number 10, and the passage also mentions a exception clause.","The key point is that copyright benchmark is linked to recommended action number 10, and it also causes a completely unsupported major issue.",Hallucination,High,Low,The model adds an unsupported detail that does not appear in the retrieved context.,support ticket
262,Travel,transport,rail schedules guidance,What is the correct answer regarding rail schedules guidance?,The passage states that rail schedules guidance is linked to decrease number 3. A best practice is also mentioned in the same passage. The document keeps the explanation focused on the transport use case.,"The key point is that rail schedules guidance is linked to decrease number 3, and the passage also mentions a best practice.",The context does not provide enough information to answer confidently.,Missing Context,Medium,Medium,The answer ignores useful evidence that is present in the retrieved context.,support ticket
263,Finance,investment,index funds,"According to the provided context, what is the key point about index funds?",The context indicates that index funds is linked to deadline number 1. A priority order is also mentioned in the same passage. The document keeps the explanation focused on the investment use case.,"The key point is that index funds is linked to deadline number 1, and the passage also mentions a priority order.","The key point is that index funds is not linked to deadline number 1; instead, it is linked to the opposite outcome.",Contradiction,High,Low,The answer directly conflicts with the information in the retrieved context.,training note
264,Education,study plan,final revision workflow,Summarize the main fact about final revision workflow from the passage.,The context indicates that final revision workflow is linked to guideline number 4. A best practice is also mentioned in the same passage. The document keeps the explanation focused on the study plan use case.,"The key point is that final revision workflow is linked to guideline number 4, and the passage also mentions a best practice.","Since final revision workflow mentions a best practice, the model concludes an unrelated extra result that does not follow.",Reasoning Error,Medium,Medium,The model uses the available evidence but reaches an incorrect inference.,training note
265,Education,concept,machine learning,What is the correct answer regarding machine learning?,The source says that machine learning is linked to increase number 14. A follow-up action is also mentioned in the same passage. The document keeps the explanation focused on the concept use case.,"The key point is that machine learning is linked to increase number 14, and the passage also mentions a follow-up action.","The key point is that machine learning is linked to increase number 14, and the passage also mentions a follow-up action.",No Failure,Low,High,The answer is supported by the retrieved context and matches the expected response.,knowledge base article
266,Travel,booking,cancellation policy,Which detail is supported by the context for cancellation policy?,The context indicates that cancellation policy is linked to increase number 13. A exception clause is also mentioned in the same passage. The document keeps the explanation focused on the booking use case.,"The key point is that cancellation policy is linked to increase number 13, and the passage also mentions a exception clause.","The key point is that cancellation policy is linked to increase number 13, and it also causes a completely unsupported major issue.",Hallucination,High,Low,The model adds an unsupported detail that does not appear in the retrieved context.,policy memo
267,Food,meal planning,portion control,"According to the provided context, what is the key point about portion control?",The document explains that portion control is linked to threshold number 2. A risk factor is also mentioned in the same passage. The document keeps the explanation focused on the meal planning use case.,"The key point is that portion control is linked to threshold number 2, and the passage also mentions a risk factor.",The context does not provide enough information to answer confidently.,Missing Context,Medium,Medium,The answer ignores useful evidence that is present in the retrieved context.,knowledge base article
268,Technology,networking,latency guidance,What is the correct answer regarding latency guidance?,The source says that latency guidance is linked to recommended action number 5. A best practice is also mentioned in the same passage. The document keeps the explanation focused on the networking use case.,"The key point is that latency guidance is linked to recommended action number 5, and the passage also mentions a best practice.","Since latency guidance mentions a best practice, the model concludes an unrelated extra result that does not follow.",Reasoning Error,Medium,Medium,The model uses the available evidence but reaches an incorrect inference.,FAQ excerpt
269,Healthcare,medication,asthma workflow,What does the document say about asthma workflow?,The evidence shows that asthma workflow is linked to comparison number 13. A priority order is also mentioned in the same passage. The document keeps the explanation focused on the medication use case.,"The key point is that asthma workflow is linked to comparison number 13, and the passage also mentions a priority order.","Since asthma workflow mentions a priority order, the model concludes an unrelated extra result that does not follow.",Reasoning Error,Medium,Medium,The model uses the available evidence but reaches an incorrect inference.,support ticket
270,Legal,privacy,data retention,"According to the provided context, what is the key point about data retention?",The passage states that data retention is linked to warning sign number 2. A exception clause is also mentioned in the same passage. The document keeps the explanation focused on the privacy use case.,"The key point is that data retention is linked to warning sign number 2, and the passage also mentions a exception clause.",The answer concerns an unrelated topic and says that data retention is mostly about a different domain.,Retrieval Failure,High,Low,The retrieved context is not relevant enough to answer the question well.,FAQ excerpt
271,Food,recipe,baking,Which detail is supported by the context for baking?,The evidence shows that baking is linked to threshold number 14. A estimated cost is also mentioned in the same passage. The document keeps the explanation focused on the recipe use case.,"The key point is that baking is linked to threshold number 14, and the passage also mentions a estimated cost.","Since baking mentions a estimated cost, the model concludes an unrelated extra result that does not follow.",Reasoning Error,Medium,Medium,The model uses the available evidence but reaches an incorrect inference.,training note
272,Business,operations,inventory turnover,Which detail is supported by the context for inventory turnover?,The context indicates that inventory turnover is linked to increase number 9. A verification step is also mentioned in the same passage. The document keeps the explanation focused on the operations use case.,"The key point is that inventory turnover is linked to increase number 9, and the passage also mentions a verification step.","The key point is that inventory turnover is linked to increase number 9, and it also causes a completely unsupported major issue.",Hallucination,High,Low,The model adds an unsupported detail that does not appear in the retrieved context.,policy memo
273,Environment,climate,carbon emissions,What does the document say about carbon emissions?,The source says that carbon emissions is linked to recommended action number 2. A exception clause is also mentioned in the same passage. The document keeps the explanation focused on the climate use case.,"The key point is that carbon emissions is linked to recommended action number 2, and the passage also mentions a exception clause.","Since carbon emissions mentions a exception clause, the model concludes an unrelated extra result that does not follow.",Reasoning Error,Medium,Medium,The model uses the available evidence but reaches an incorrect inference.,policy memo
274,Technology,machine learning,overfitting benchmark,Summarize the main fact about overfitting benchmark from the passage.,The document explains that overfitting benchmark is linked to threshold number 16. A follow-up action is also mentioned in the same passage. The document keeps the explanation focused on the machine learning use case.,"The key point is that overfitting benchmark is linked to threshold number 16, and the passage also mentions a follow-up action.","The key point is that overfitting benchmark is linked to threshold number 16, and the passage also mentions a follow-up action.",No Failure,Low,High,The answer is supported by the retrieved context and matches the expected response.,knowledge base article
275,Travel,transport,rail schedules,Which detail is supported by the context for rail schedules?,The source says that rail schedules is linked to procedure number 12. A follow-up action is also mentioned in the same passage. The document keeps the explanation focused on the transport use case.,"The key point is that rail schedules is linked to procedure number 12, and the passage also mentions a follow-up action.",The key point is that rail schedules is linked to procedure number 12.,Partial Answer,Medium,Medium,The response captures the core idea but leaves out an important supporting detail.,FAQ excerpt
276,Business,product,feature prioritization guidance,Which detail is supported by the context for feature prioritization guidance?,The context indicates that feature prioritization guidance is linked to threshold number 12. A risk factor is also mentioned in the same passage. The document keeps the explanation focused on the product use case.,"The key point is that feature prioritization guidance is linked to threshold number 12, and the passage also mentions a risk factor.","Since feature prioritization guidance mentions a risk factor, the model concludes an unrelated extra result that does not follow.",Reasoning Error,Medium,Medium,The model uses the available evidence but reaches an incorrect inference.,knowledge base article
277,Technology,security,password hashing,"According to the provided context, what is the key point about password hashing?",The context indicates that password hashing is linked to warning sign number 8. A priority order is also mentioned in the same passage. The document keeps the explanation focused on the security use case.,"The key point is that password hashing is linked to warning sign number 8, and the passage also mentions a priority order.","Since password hashing mentions a priority order, the model concludes an unrelated extra result that does not follow.",Reasoning Error,Medium,Medium,The model uses the available evidence but reaches an incorrect inference.,training note
278,Travel,transport,rail schedules,Which detail is supported by the context for rail schedules?,The context indicates that rail schedules is linked to recommended action number 6. A best practice is also mentioned in the same passage. The document keeps the explanation focused on the transport use case.,"The key point is that rail schedules is linked to recommended action number 6, and the passage also mentions a best practice.","The key point is that rail schedules is linked to recommended action number 6, but the supporting reference points to another passage.",Wrong Citation,Medium,Medium,"The answer may be correct, but the cited source or evidence reference is incorrect or mismatched.",training note
279,Education,concept,machine learning,What is the correct answer regarding machine learning?,The passage states that machine learning is linked to procedure number 14. A required step is also mentioned in the same passage. The document keeps the explanation focused on the concept use case.,"The key point is that machine learning is linked to procedure number 14, and the passage also mentions a required step.",The context does not provide enough information to answer confidently.,Missing Context,Medium,Medium,The answer ignores useful evidence that is present in the retrieved context.,policy memo
280,Healthcare,lab results,anemia benchmark,"According to the provided context, what is the key point about anemia benchmark?",The evidence shows that anemia benchmark is linked to comparison number 13. A best practice is also mentioned in the same passage. The document keeps the explanation focused on the lab results use case.,"The key point is that anemia benchmark is linked to comparison number 13, and the passage also mentions a best practice.","Since anemia benchmark mentions a best practice, the model concludes an unrelated extra result that does not follow.",Reasoning Error,Medium,Medium,The model uses the available evidence but reaches an incorrect inference.,policy memo
281,Food,meal planning,portion control,What does the document say about portion control?,The document explains that portion control is linked to guideline number 17. A time window is also mentioned in the same passage. The document keeps the explanation focused on the meal planning use case.,"The key point is that portion control is linked to guideline number 17, and the passage also mentions a time window.","The key point is that portion control is linked to guideline number 17, and it also causes a completely unsupported major issue.",Hallucination,High,Low,The model adds an unsupported detail that does not appear in the retrieved context.,knowledge base article
282,Legal,contract clause,termination overview,Summarize the main fact about termination overview from the passage.,The evidence shows that termination overview is linked to causal factor number 16. A risk factor is also mentioned in the same passage. The document keeps the explanation focused on the contract clause use case.,"The key point is that termination overview is linked to causal factor number 16, and the passage also mentions a risk factor.","The key point is that termination overview is linked to causal factor number 16, but the supporting reference points to another passage.",Wrong Citation,Medium,Medium,"The answer may be correct, but the cited source or evidence reference is incorrect or mismatched.",FAQ excerpt
283,Finance,credit,credit score,What does the document say about credit score?,The evidence shows that credit score is linked to threshold number 6. A follow-up action is also mentioned in the same passage. The document keeps the explanation focused on the credit use case.,"The key point is that credit score is linked to threshold number 6, and the passage also mentions a follow-up action.",The context does not provide enough information to answer confidently.,Missing Context,Medium,Medium,The answer ignores useful evidence that is present in the retrieved context.,policy memo
284,Business,operations,inventory turnover workflow,What is the correct answer regarding inventory turnover workflow?,The document explains that inventory turnover workflow is linked to warning sign number 14. A follow-up action is also mentioned in the same passage. The document keeps the explanation focused on the operations use case.,"The key point is that inventory turnover workflow is linked to warning sign number 14, and the passage also mentions a follow-up action.",The answer concerns an unrelated topic and says that inventory turnover workflow is mostly about a different domain.,Retrieval Failure,High,Low,The retrieved context is not relevant enough to answer the question well.,knowledge base article
285,History,conflict,world war II workflow,What does the document say about world war II workflow?,The document explains that world war II workflow is linked to recommended action number 5. A priority order is also mentioned in the same passage. The document keeps the explanation focused on the conflict use case.,"The key point is that world war II workflow is linked to recommended action number 5, and the passage also mentions a priority order.","The key point is that world war II workflow is linked to recommended action number 5, and it also causes a completely unsupported major issue.",Hallucination,High,Low,The model adds an unsupported detail that does not appear in the retrieved context.,training note
286,Environment,air quality,particulate matter workflow,What does the document say about particulate matter workflow?,The evidence shows that particulate matter workflow is linked to deadline number 9. A follow-up action is also mentioned in the same passage. The document keeps the explanation focused on the air quality use case.,"The key point is that particulate matter workflow is linked to deadline number 9, and the passage also mentions a follow-up action.","Since particulate matter workflow mentions a follow-up action, the model concludes an unrelated extra result that does not follow.",Reasoning Error,Medium,Medium,The model uses the available evidence but reaches an incorrect inference.,training note
287,Legal,privacy,data retention,Summarize the main fact about data retention from the passage.,The passage states that data retention is linked to recommended action number 12. A required step is also mentioned in the same passage. The document keeps the explanation focused on the privacy use case.,"The key point is that data retention is linked to recommended action number 12, and the passage also mentions a required step.",The answer concerns an unrelated topic and says that data retention is mostly about a different domain.,Retrieval Failure,High,Low,The retrieved context is not relevant enough to answer the question well.,policy memo
288,Sports,team strategy,set pieces workflow,Which detail is supported by the context for set pieces workflow?,The context indicates that set pieces workflow is linked to procedure number 11. A verification step is also mentioned in the same passage. The document keeps the explanation focused on the team strategy use case.,"The key point is that set pieces workflow is linked to procedure number 11, and the passage also mentions a verification step.",The context does not provide enough information to answer confidently.,Missing Context,Medium,Medium,The answer ignores useful evidence that is present in the retrieved context.,knowledge base article
289,Sports,team strategy,set pieces,Summarize the main fact about set pieces from the passage.,The context indicates that set pieces is linked to deadline number 12. A priority order is also mentioned in the same passage. The document keeps the explanation focused on the team strategy use case.,"The key point is that set pieces is linked to deadline number 12, and the passage also mentions a priority order.","The key point is that set pieces is linked to deadline number 12, but the supporting reference points to another passage.",Wrong Citation,Medium,Medium,"The answer may be correct, but the cited source or evidence reference is incorrect or mismatched.",support ticket
290,Sports,tactics,pressing,"According to the provided context, what is the key point about pressing?",The source says that pressing is linked to procedure number 9. A best practice is also mentioned in the same passage. The document keeps the explanation focused on the tactics use case.,"The key point is that pressing is linked to procedure number 9, and the passage also mentions a best practice.",The answer concerns an unrelated topic and says that pressing is mostly about a different domain.,Retrieval Failure,High,Low,The retrieved context is not relevant enough to answer the question well.,training note
291,Environment,climate,carbon emissions,Which detail is supported by the context for carbon emissions?,The evidence shows that carbon emissions is linked to deadline number 11. A best practice is also mentioned in the same passage. The document keeps the explanation focused on the climate use case.,"The key point is that carbon emissions is linked to deadline number 11, and the passage also mentions a best practice.","The key point is that carbon emissions is linked to deadline number 11, and it also causes a completely unsupported major issue.",Hallucination,High,Low,The model adds an unsupported detail that does not appear in the retrieved context.,FAQ excerpt
292,Food,cooking,spices workflow,What is the correct answer regarding spices workflow?,The evidence shows that spices workflow is linked to decrease number 17. A time window is also mentioned in the same passage. The document keeps the explanation focused on the cooking use case.,"The key point is that spices workflow is linked to decrease number 17, and the passage also mentions a time window.","The key point is that spices workflow is linked to decrease number 17, and the passage also mentions a time window.",No Failure,Low,High,The answer is supported by the retrieved context and matches the expected response.,support ticket
293,Legal,privacy,data retention benchmark,Which detail is supported by the context for data retention benchmark?,The evidence shows that data retention benchmark is linked to recommended action number 15. A required step is also mentioned in the same passage. The document keeps the explanation focused on the privacy use case.,"The key point is that data retention benchmark is linked to recommended action number 15, and the passage also mentions a required step.",The answer concerns an unrelated topic and says that data retention benchmark is mostly about a different domain.,Retrieval Failure,High,Low,The retrieved context is not relevant enough to answer the question well.,knowledge base article
294,Technology,software design,API rate limiting,What is the correct answer regarding API rate limiting?,The source says that API rate limiting is linked to decrease number 7. A required step is also mentioned in the same passage. The document keeps the explanation focused on the software design use case.,"The key point is that API rate limiting is linked to decrease number 7, and the passage also mentions a required step.","The key point is that API rate limiting is linked to decrease number 7, and the passage also mentions a required step.",No Failure,Low,High,The answer is supported by the retrieved context and matches the expected response.,support ticket
295,Technology,cloud,auto scaling,Summarize the main fact about auto scaling from the passage.,The passage states that auto scaling is linked to increase number 8. A risk factor is also mentioned in the same passage. The document keeps the explanation focused on the cloud use case.,"The key point is that auto scaling is linked to increase number 8, and the passage also mentions a risk factor.","The key point is that auto scaling is linked to increase number 8, but the supporting reference points to another passage.",Wrong Citation,Medium,Medium,"The answer may be correct, but the cited source or evidence reference is incorrect or mismatched.",FAQ excerpt
296,Science,biology,photosynthesis,What does the document say about photosynthesis?,The source says that photosynthesis is linked to decrease number 12. A exception clause is also mentioned in the same passage. The document keeps the explanation focused on the biology use case.,"The key point is that photosynthesis is linked to decrease number 12, and the passage also mentions a exception clause.","The key point is that photosynthesis is linked to decrease number 12, and it also causes a completely unsupported major issue.",Hallucination,High,Low,The model adds an unsupported detail that does not appear in the retrieved context.,knowledge base article
297,Science,physics,force and motion overview,Which detail is supported by the context for force and motion overview?,The passage states that force and motion overview is linked to deadline number 9. A exception clause is also mentioned in the same passage. The document keeps the explanation focused on the physics use case.,"The key point is that force and motion overview is linked to deadline number 9, and the passage also mentions a exception clause.","The key point is that force and motion overview is linked to deadline number 9, and the passage also mentions a exception clause.",No Failure,Low,High,The answer is supported by the retrieved context and matches the expected response.,FAQ excerpt
298,Legal,employment,notice period,Which detail is supported by the context for notice period?,The passage states that notice period is linked to increase number 9. A verification step is also mentioned in the same passage. The document keeps the explanation focused on the employment use case.,"The key point is that notice period is linked to increase number 9, and the passage also mentions a verification step.","Since notice period mentions a verification step, the model concludes an unrelated extra result that does not follow.",Reasoning Error,Medium,Medium,The model uses the available evidence but reaches an incorrect inference.,FAQ excerpt
299,Sports,statistics,win rate guidance,"According to the provided context, what is the key point about win rate guidance?",The document explains that win rate guidance is linked to causal factor number 13. A follow-up action is also mentioned in the same passage. The document keeps the explanation focused on the statistics use case.,"The key point is that win rate guidance is linked to causal factor number 13, and the passage also mentions a follow-up action.","The key point is that win rate guidance is linked to causal factor number 13, but the supporting reference points to another passage.",Wrong Citation,Medium,Medium,"The answer may be correct, but the cited source or evidence reference is incorrect or mismatched.",training note
300,Travel,safety,emergency contacts,Summarize the main fact about emergency contacts from the passage.,The source says that emergency contacts is linked to threshold number 12. A follow-up action is also mentioned in the same passage. The document keeps the explanation focused on the safety use case.,"The key point is that emergency contacts is linked to threshold number 12, and the passage also mentions a follow-up action.","The key point is that emergency contacts is linked to threshold number 12, but the supporting reference points to another passage.",Wrong Citation,Medium,Medium,"The answer may be correct, but the cited source or evidence reference is incorrect or mismatched.",knowledge base article
301,Science,astronomy,exoplanets,"According to the provided context, what is the key point about exoplanets?",The document explains that exoplanets is linked to causal factor number 15. A verification step is also mentioned in the same passage. The document keeps the explanation focused on the astronomy use case.,"The key point is that exoplanets is linked to causal factor number 15, and the passage also mentions a verification step.","The key point is that exoplanets is linked to causal factor number 15, but the supporting reference points to another passage.",Wrong Citation,Medium,Medium,"The answer may be correct, but the cited source or evidence reference is incorrect or mismatched.",support ticket
302,Sports,team strategy,set pieces,Summarize the main fact about set pieces from the passage.,The evidence shows that set pieces is linked to increase number 7. A risk factor is also mentioned in the same passage. The document keeps the explanation focused on the team strategy use case.,"The key point is that set pieces is linked to increase number 7, and the passage also mentions a risk factor.","The key point is that set pieces is linked to increase number 7, but the supporting reference points to another passage.",Wrong Citation,Medium,Medium,"The answer may be correct, but the cited source or evidence reference is incorrect or mismatched.",FAQ excerpt
303,Legal,compliance,record keeping guidance,Summarize the main fact about record keeping guidance from the passage.,The context indicates that record keeping guidance is linked to recommended action number 5. A time window is also mentioned in the same passage. The document keeps the explanation focused on the compliance use case.,"The key point is that record keeping guidance is linked to recommended action number 5, and the passage also mentions a time window.",The key point is that record keeping guidance is linked to recommended action number 5.,Partial Answer,Medium,Medium,The response captures the core idea but leaves out an important supporting detail.,support ticket
304,Technology,cloud,auto scaling,Which detail is supported by the context for auto scaling?,The source says that auto scaling is linked to decrease number 12. A required step is also mentioned in the same passage. The document keeps the explanation focused on the cloud use case.,"The key point is that auto scaling is linked to decrease number 12, and the passage also mentions a required step.","Since auto scaling mentions a required step, the model concludes an unrelated extra result that does not follow.",Reasoning Error,Medium,Medium,The model uses the available evidence but reaches an incorrect inference.,policy memo
305,Science,biology,photosynthesis guidance,What does the document say about photosynthesis guidance?,The passage states that photosynthesis guidance is linked to comparison number 8. A follow-up action is also mentioned in the same passage. The document keeps the explanation focused on the biology use case.,"The key point is that photosynthesis guidance is linked to comparison number 8, and the passage also mentions a follow-up action.",The key point is that photosynthesis guidance is linked to comparison number 8.,Partial Answer,Medium,Medium,The response captures the core idea but leaves out an important supporting detail.,knowledge base article
306,Food,recipe,baking guidance,Which detail is supported by the context for baking guidance?,The context indicates that baking guidance is linked to increase number 17. A follow-up action is also mentioned in the same passage. The document keeps the explanation focused on the recipe use case.,"The key point is that baking guidance is linked to increase number 17, and the passage also mentions a follow-up action.","The key point is that baking guidance is not linked to increase number 17; instead, it is linked to the opposite outcome.",Contradiction,High,Low,The answer directly conflicts with the information in the retrieved context.,FAQ excerpt
307,Travel,local rules,visa requirements,Which detail is supported by the context for visa requirements?,The passage states that visa requirements is linked to warning sign number 10. A estimated cost is also mentioned in the same passage. The document keeps the explanation focused on the local rules use case.,"The key point is that visa requirements is linked to warning sign number 10, and the passage also mentions a estimated cost.","The key point is that visa requirements is linked to warning sign number 10, and it also causes a completely unsupported major issue.",Hallucination,High,Low,The model adds an unsupported detail that does not appear in the retrieved context.,FAQ excerpt
308,Environment,water,contamination workflow,What is the correct answer regarding contamination workflow?,The source says that contamination workflow is linked to increase number 14. A follow-up action is also mentioned in the same passage. The document keeps the explanation focused on the water use case.,"The key point is that contamination workflow is linked to increase number 14, and the passage also mentions a follow-up action.",The answer concerns an unrelated topic and says that contamination workflow is mostly about a different domain.,Retrieval Failure,High,Low,The retrieved context is not relevant enough to answer the question well.,knowledge base article
309,Technology,security,password hashing overview,"According to the provided context, what is the key point about password hashing overview?",The evidence shows that password hashing overview is linked to causal factor number 9. A verification step is also mentioned in the same passage. The document keeps the explanation focused on the security use case.,"The key point is that password hashing overview is linked to causal factor number 9, and the passage also mentions a verification step.",The answer concerns an unrelated topic and says that password hashing overview is mostly about a different domain.,Retrieval Failure,High,Low,The retrieved context is not relevant enough to answer the question well.,support ticket
310,Technology,machine learning,overfitting,Which detail is supported by the context for overfitting?,The source says that overfitting is linked to causal factor number 6. A required step is also mentioned in the same passage. The document keeps the explanation focused on the machine learning use case.,"The key point is that overfitting is linked to causal factor number 6, and the passage also mentions a required step.","Since overfitting mentions a required step, the model concludes an unrelated extra result that does not follow.",Reasoning Error,Medium,Medium,The model uses the available evidence but reaches an incorrect inference.,policy memo
311,Technology,networking,latency,"According to the provided context, what is the key point about latency?",The source says that latency is linked to threshold number 8. A exception clause is also mentioned in the same passage. The document keeps the explanation focused on the networking use case.,"The key point is that latency is linked to threshold number 8, and the passage also mentions a exception clause.","The key point is that latency is linked to threshold number 8, and the passage also mentions a exception clause.",No Failure,Low,High,The answer is supported by the retrieved context and matches the expected response.,support ticket
312,Travel,booking,cancellation policy policy,Which detail is supported by the context for cancellation policy policy?,The context indicates that cancellation policy policy is linked to increase number 11. A time window is also mentioned in the same passage. The document keeps the explanation focused on the booking use case.,"The key point is that cancellation policy policy is linked to increase number 11, and the passage also mentions a time window.","The key point is that cancellation policy policy is linked to increase number 11, but the supporting reference points to another passage.",Wrong Citation,Medium,Medium,"The answer may be correct, but the cited source or evidence reference is incorrect or mismatched.",training note
313,Technology,databases,indexing workflow,Which detail is supported by the context for indexing workflow?,The document explains that indexing workflow is linked to comparison number 8. A risk factor is also mentioned in the same passage. The document keeps the explanation focused on the databases use case.,"The key point is that indexing workflow is linked to comparison number 8, and the passage also mentions a risk factor.","The key point is that indexing workflow is not linked to comparison number 8; instead, it is linked to the opposite outcome.",Contradiction,High,Low,The answer directly conflicts with the information in the retrieved context.,training note
314,Technology,security,password hashing guidance,"According to the provided context, what is the key point about password hashing guidance?",The source says that password hashing guidance is linked to recommended action number 5. A weekly review is also mentioned in the same passage. The document keeps the explanation focused on the security use case.,"The key point is that password hashing guidance is linked to recommended action number 5, and the passage also mentions a weekly review.",The key point is that password hashing guidance is linked to recommended action number 5.,Partial Answer,Medium,Medium,The response captures the core idea but leaves out an important supporting detail.,FAQ excerpt
315,Technology,software design,API rate limiting,"According to the provided context, what is the key point about API rate limiting?",The source says that API rate limiting is linked to deadline number 8. A required step is also mentioned in the same passage. The document keeps the explanation focused on the software design use case.,"The key point is that API rate limiting is linked to deadline number 8, and the passage also mentions a required step.","The key point is that API rate limiting is linked to deadline number 8, and it also causes a completely unsupported major issue.",Hallucination,High,Low,The model adds an unsupported detail that does not appear in the retrieved context.,training note
316,Business,strategy,market positioning,What is the correct answer regarding market positioning?,The passage states that market positioning is linked to recommended action number 16. A exception clause is also mentioned in the same passage. The document keeps the explanation focused on the strategy use case.,"The key point is that market positioning is linked to recommended action number 16, and the passage also mentions a exception clause.",The answer concerns an unrelated topic and says that market positioning is mostly about a different domain.,Retrieval Failure,High,Low,The retrieved context is not relevant enough to answer the question well.,support ticket
317,Technology,networking,latency workflow,Which detail is supported by the context for latency workflow?,The context indicates that latency workflow is linked to causal factor number 8. A best practice is also mentioned in the same passage. The document keeps the explanation focused on the networking use case.,"The key point is that latency workflow is linked to causal factor number 8, and the passage also mentions a best practice.","The key point is that latency workflow is linked to causal factor number 8, and it also causes a completely unsupported major issue.",Hallucination,High,Low,The model adds an unsupported detail that does not appear in the retrieved context.,support ticket
318,Technology,databases,indexing benchmark,What is the correct answer regarding indexing benchmark?,The passage states that indexing benchmark is linked to decrease number 10. A estimated cost is also mentioned in the same passage. The document keeps the explanation focused on the databases use case.,"The key point is that indexing benchmark is linked to decrease number 10, and the passage also mentions a estimated cost.","The key point is that indexing benchmark is linked to decrease number 10, and the passage also mentions a estimated cost.",No Failure,Low,High,The answer is supported by the retrieved context and matches the expected response.,training note
319,Food,meal planning,portion control,Which detail is supported by the context for portion control?,The document explains that portion control is linked to comparison number 5. A required step is also mentioned in the same passage. The document keeps the explanation focused on the meal planning use case.,"The key point is that portion control is linked to comparison number 5, and the passage also mentions a required step.","The key point is that portion control is linked to comparison number 5, but the supporting reference points to another passage.",Wrong Citation,Medium,Medium,"The answer may be correct, but the cited source or evidence reference is incorrect or mismatched.",FAQ excerpt
320,Healthcare,symptoms,migraine workflow,Which detail is supported by the context for migraine workflow?,The document explains that migraine workflow is linked to comparison number 10. A verification step is also mentioned in the same passage. The document keeps the explanation focused on the symptoms use case.,"The key point is that migraine workflow is linked to comparison number 10, and the passage also mentions a verification step.",The context does not provide enough information to answer confidently.,Missing Context,Medium,Medium,The answer ignores useful evidence that is present in the retrieved context.,training note
321,Travel,safety,emergency contacts,Summarize the main fact about emergency contacts from the passage.,The passage states that emergency contacts is linked to recommended action number 12. A estimated cost is also mentioned in the same passage. The document keeps the explanation focused on the safety use case.,"The key point is that emergency contacts is linked to recommended action number 12, and the passage also mentions a estimated cost.","The key point is that emergency contacts is not linked to recommended action number 12; instead, it is linked to the opposite outcome.",Contradiction,High,Low,The answer directly conflicts with the information in the retrieved context.,support ticket
322,Travel,budget travel,daily spending guidance,Which detail is supported by the context for daily spending guidance?,The source says that daily spending guidance is linked to threshold number 15. A exception clause is also mentioned in the same passage. The document keeps the explanation focused on the budget travel use case.,"The key point is that daily spending guidance is linked to threshold number 15, and the passage also mentions a exception clause.",The context does not provide enough information to answer confidently.,Missing Context,Medium,Medium,The answer ignores useful evidence that is present in the retrieved context.,policy memo
323,Environment,water,contamination,"According to the provided context, what is the key point about contamination?",The source says that contamination is linked to decrease number 8. A follow-up action is also mentioned in the same passage. The document keeps the explanation focused on the water use case.,"The key point is that contamination is linked to decrease number 8, and the passage also mentions a follow-up action.","The key point is that contamination is linked to decrease number 8, but the supporting reference points to another passage.",Wrong Citation,Medium,Medium,"The answer may be correct, but the cited source or evidence reference is incorrect or mismatched.",policy memo
324,Healthcare,treatment,hypertension,Summarize the main fact about hypertension from the passage.,The evidence shows that hypertension is linked to recommended action number 17. A time window is also mentioned in the same passage. The document keeps the explanation focused on the treatment use case.,"The key point is that hypertension is linked to recommended action number 17, and the passage also mentions a time window.","The key point is that hypertension is linked to recommended action number 17, but the supporting reference points to another passage.",Wrong Citation,Medium,Medium,"The answer may be correct, but the cited source or evidence reference is incorrect or mismatched.",support ticket
325,Finance,banking,loan repayment,What is the correct answer regarding loan repayment?,The document explains that loan repayment is linked to warning sign number 14. A time window is also mentioned in the same passage. The document keeps the explanation focused on the banking use case.,"The key point is that loan repayment is linked to warning sign number 14, and the passage also mentions a time window.",The key point is that loan repayment is linked to warning sign number 14.,Partial Answer,Medium,Medium,The response captures the core idea but leaves out an important supporting detail.,training note
326,Technology,machine learning,overfitting policy,What is the correct answer regarding overfitting policy?,The source says that overfitting policy is linked to guideline number 3. A best practice is also mentioned in the same passage. The document keeps the explanation focused on the machine learning use case.,"The key point is that overfitting policy is linked to guideline number 3, and the passage also mentions a best practice.",The key point is that overfitting policy is linked to guideline number 3.,Partial Answer,Medium,Medium,The response captures the core idea but leaves out an important supporting detail.,FAQ excerpt
327,Science,biology,photosynthesis,Which detail is supported by the context for photosynthesis?,The passage states that photosynthesis is linked to comparison number 13. A best practice is also mentioned in the same passage. The document keeps the explanation focused on the biology use case.,"The key point is that photosynthesis is linked to comparison number 13, and the passage also mentions a best practice.","The key point is that photosynthesis is linked to comparison number 13, and the passage also mentions a best practice.",No Failure,Low,High,The answer is supported by the retrieved context and matches the expected response.,training note
328,Technology,databases,indexing,What does the document say about indexing?,The evidence shows that indexing is linked to threshold number 5. A follow-up action is also mentioned in the same passage. The document keeps the explanation focused on the databases use case.,"The key point is that indexing is linked to threshold number 5, and the passage also mentions a follow-up action.","The key point is that indexing is linked to threshold number 5, and the passage also mentions a follow-up action.",No Failure,Low,High,The answer is supported by the retrieved context and matches the expected response.,policy memo
329,Food,food safety,storage temperature benchmark,"According to the provided context, what is the key point about storage temperature benchmark?",The passage states that storage temperature benchmark is linked to decrease number 14. A required step is also mentioned in the same passage. The document keeps the explanation focused on the food safety use case.,"The key point is that storage temperature benchmark is linked to decrease number 14, and the passage also mentions a required step.",The answer concerns an unrelated topic and says that storage temperature benchmark is mostly about a different domain.,Retrieval Failure,High,Low,The retrieved context is not relevant enough to answer the question well.,training note
330,Business,strategy,market positioning benchmark,Which detail is supported by the context for market positioning benchmark?,The context indicates that market positioning benchmark is linked to increase number 16. A follow-up action is also mentioned in the same passage. The document keeps the explanation focused on the strategy use case.,"The key point is that market positioning benchmark is linked to increase number 16, and the passage also mentions a follow-up action.","The key point is that market positioning benchmark is linked to increase number 16, but the supporting reference points to another passage.",Wrong Citation,Medium,Medium,"The answer may be correct, but the cited source or evidence reference is incorrect or mismatched.",support ticket
331,Food,nutrition,protein intake,What is the correct answer regarding protein intake?,The evidence shows that protein intake is linked to warning sign number 5. A exception clause is also mentioned in the same passage. The document keeps the explanation focused on the nutrition use case.,"The key point is that protein intake is linked to warning sign number 5, and the passage also mentions a exception clause.","The key point is that protein intake is not linked to warning sign number 5; instead, it is linked to the opposite outcome.",Contradiction,High,Low,The answer directly conflicts with the information in the retrieved context.,policy memo
332,Education,course selection,statistics,What is the correct answer regarding statistics?,The document explains that statistics is linked to guideline number 8. A verification step is also mentioned in the same passage. The document keeps the explanation focused on the course selection use case.,"The key point is that statistics is linked to guideline number 8, and the passage also mentions a verification step.","The key point is that statistics is linked to guideline number 8, and the passage also mentions a verification step.",No Failure,Low,High,The answer is supported by the retrieved context and matches the expected response.,FAQ excerpt
333,Science,chemistry,reaction rate,"According to the provided context, what is the key point about reaction rate?",The document explains that reaction rate is linked to threshold number 13. A weekly review is also mentioned in the same passage. The document keeps the explanation focused on the chemistry use case.,"The key point is that reaction rate is linked to threshold number 13, and the passage also mentions a weekly review.",The context does not provide enough information to answer confidently.,Missing Context,Medium,Medium,The answer ignores useful evidence that is present in the retrieved context.,support ticket
334,Travel,transport,rail schedules,Which detail is supported by the context for rail schedules?,The source says that rail schedules is linked to causal factor number 8. A verification step is also mentioned in the same passage. The document keeps the explanation focused on the transport use case.,"The key point is that rail schedules is linked to causal factor number 8, and the passage also mentions a verification step.","The key point is that rail schedules is linked to causal factor number 8, and it also causes a completely unsupported major issue.",Hallucination,High,Low,The model adds an unsupported detail that does not appear in the retrieved context.,support ticket
335,Environment,water,contamination,Summarize the main fact about contamination from the passage.,The source says that contamination is linked to increase number 9. A time window is also mentioned in the same passage. The document keeps the explanation focused on the water use case.,"The key point is that contamination is linked to increase number 9, and the passage also mentions a time window.",The answer concerns an unrelated topic and says that contamination is mostly about a different domain.,Retrieval Failure,High,Low,The retrieved context is not relevant enough to answer the question well.,support ticket
336,Education,course selection,statistics workflow,"According to the provided context, what is the key point about statistics workflow?",The evidence shows that statistics workflow is linked to increase number 13. A verification step is also mentioned in the same passage. The document keeps the explanation focused on the course selection use case.,"The key point is that statistics workflow is linked to increase number 13, and the passage also mentions a verification step.","The key point is that statistics workflow is not linked to increase number 13; instead, it is linked to the opposite outcome.",Contradiction,High,Low,The answer directly conflicts with the information in the retrieved context.,FAQ excerpt
337,Environment,water,contamination workflow,"According to the provided context, what is the key point about contamination workflow?",The context indicates that contamination workflow is linked to deadline number 6. A estimated cost is also mentioned in the same passage. The document keeps the explanation focused on the water use case.,"The key point is that contamination workflow is linked to deadline number 6, and the passage also mentions a estimated cost.","The key point is that contamination workflow is not linked to deadline number 6; instead, it is linked to the opposite outcome.",Contradiction,High,Low,The answer directly conflicts with the information in the retrieved context.,policy memo
338,Science,astronomy,exoplanets overview,"According to the provided context, what is the key point about exoplanets overview?",The context indicates that exoplanets overview is linked to comparison number 4. A time window is also mentioned in the same passage. The document keeps the explanation focused on the astronomy use case.,"The key point is that exoplanets overview is linked to comparison number 4, and the passage also mentions a time window.","The key point is that exoplanets overview is linked to comparison number 4, and it also causes a completely unsupported major issue.",Hallucination,High,Low,The model adds an unsupported detail that does not appear in the retrieved context.,policy memo
339,Travel,booking,cancellation policy,What does the document say about cancellation policy?,The passage states that cancellation policy is linked to increase number 12. A weekly review is also mentioned in the same passage. The document keeps the explanation focused on the booking use case.,"The key point is that cancellation policy is linked to increase number 12, and the passage also mentions a weekly review.",The context does not provide enough information to answer confidently.,Missing Context,Medium,Medium,The answer ignores useful evidence that is present in the retrieved context.,FAQ excerpt
340,Technology,cloud,auto scaling,What does the document say about auto scaling?,The source says that auto scaling is linked to threshold number 11. A follow-up action is also mentioned in the same passage. The document keeps the explanation focused on the cloud use case.,"The key point is that auto scaling is linked to threshold number 11, and the passage also mentions a follow-up action.","The key point is that auto scaling is linked to threshold number 11, but the supporting reference points to another passage.",Wrong Citation,Medium,Medium,"The answer may be correct, but the cited source or evidence reference is incorrect or mismatched.",support ticket
341,Food,diet,fiber,Summarize the main fact about fiber from the passage.,The context indicates that fiber is linked to recommended action number 1. A time window is also mentioned in the same passage. The document keeps the explanation focused on the diet use case.,"The key point is that fiber is linked to recommended action number 1, and the passage also mentions a time window.",The answer concerns an unrelated topic and says that fiber is mostly about a different domain.,Retrieval Failure,High,Low,The retrieved context is not relevant enough to answer the question well.,support ticket
342,Travel,budget travel,daily spending,"According to the provided context, what is the key point about daily spending?",The document explains that daily spending is linked to deadline number 1. A required step is also mentioned in the same passage. The document keeps the explanation focused on the budget travel use case.,"The key point is that daily spending is linked to deadline number 1, and the passage also mentions a required step.","The key point is that daily spending is linked to deadline number 1, and the passage also mentions a required step.",No Failure,Low,High,The answer is supported by the retrieved context and matches the expected response.,support ticket
343,History,leader,mauryan empire overview,What is the correct answer regarding mauryan empire overview?,The source says that mauryan empire overview is linked to recommended action number 11. A best practice is also mentioned in the same passage. The document keeps the explanation focused on the leader use case.,"The key point is that mauryan empire overview is linked to recommended action number 11, and the passage also mentions a best practice.","The key point is that mauryan empire overview is linked to recommended action number 11, and it also causes a completely unsupported major issue.",Hallucination,High,Low,The model adds an unsupported detail that does not appear in the retrieved context.,FAQ excerpt
344,Education,study plan,final revision,"According to the provided context, what is the key point about final revision?",The document explains that final revision is linked to causal factor number 9. A required step is also mentioned in the same passage. The document keeps the explanation focused on the study plan use case.,"The key point is that final revision is linked to causal factor number 9, and the passage also mentions a required step.","The key point is that final revision is linked to causal factor number 9, but the supporting reference points to another passage.",Wrong Citation,Medium,Medium,"The answer may be correct, but the cited source or evidence reference is incorrect or mismatched.",support ticket
345,Technology,cloud,auto scaling,Summarize the main fact about auto scaling from the passage.,The document explains that auto scaling is linked to increase number 13. A verification step is also mentioned in the same passage. The document keeps the explanation focused on the cloud use case.,"The key point is that auto scaling is linked to increase number 13, and the passage also mentions a verification step.","The key point is that auto scaling is linked to increase number 13, but the supporting reference points to another passage.",Wrong Citation,Medium,Medium,"The answer may be correct, but the cited source or evidence reference is incorrect or mismatched.",support ticket
346,Finance,credit,credit score benchmark,"According to the provided context, what is the key point about credit score benchmark?",The source says that credit score benchmark is linked to guideline number 15. A required step is also mentioned in the same passage. The document keeps the explanation focused on the credit use case.,"The key point is that credit score benchmark is linked to guideline number 15, and the passage also mentions a required step.",The key point is that credit score benchmark is linked to guideline number 15.,Partial Answer,Medium,Medium,The response captures the core idea but leaves out an important supporting detail.,policy memo
347,Legal,employment,notice period,Which detail is supported by the context for notice period?,The source says that notice period is linked to deadline number 6. A weekly review is also mentioned in the same passage. The document keeps the explanation focused on the employment use case.,"The key point is that notice period is linked to deadline number 6, and the passage also mentions a weekly review.","The key point is that notice period is not linked to deadline number 6; instead, it is linked to the opposite outcome.",Contradiction,High,Low,The answer directly conflicts with the information in the retrieved context.,training note
348,Science,environmental science,water quality policy,Summarize the main fact about water quality policy from the passage.,The passage states that water quality policy is linked to threshold number 8. A follow-up action is also mentioned in the same passage. The document keeps the explanation focused on the environmental science use case.,"The key point is that water quality policy is linked to threshold number 8, and the passage also mentions a follow-up action.","The key point is that water quality policy is linked to threshold number 8, and the passage also mentions a follow-up action.",No Failure,Low,High,The answer is supported by the retrieved context and matches the expected response.,support ticket
349,Business,sales,conversion rate workflow,What is the correct answer regarding conversion rate workflow?,The context indicates that conversion rate workflow is linked to increase number 6. A priority order is also mentioned in the same passage. The document keeps the explanation focused on the sales use case.,"The key point is that conversion rate workflow is linked to increase number 6, and the passage also mentions a priority order.","The key point is that conversion rate workflow is linked to increase number 6, but the supporting reference points to another passage.",Wrong Citation,Medium,Medium,"The answer may be correct, but the cited source or evidence reference is incorrect or mismatched.",knowledge base article
350,History,leader,mauryan empire,What does the document say about mauryan empire?,The source says that mauryan empire is linked to decrease number 7. A estimated cost is also mentioned in the same passage. The document keeps the explanation focused on the leader use case.,"The key point is that mauryan empire is linked to decrease number 7, and the passage also mentions a estimated cost.",The context does not provide enough information to answer confidently.,Missing Context,Medium,Medium,The answer ignores useful evidence that is present in the retrieved context.,knowledge base article
351,Environment,energy,solar adoption,"According to the provided context, what is the key point about solar adoption?",The source says that solar adoption is linked to threshold number 15. A estimated cost is also mentioned in the same passage. The document keeps the explanation focused on the energy use case.,"The key point is that solar adoption is linked to threshold number 15, and the passage also mentions a estimated cost.","The key point is that solar adoption is linked to threshold number 15, and the passage also mentions a estimated cost.",No Failure,Low,High,The answer is supported by the retrieved context and matches the expected response.,policy memo
352,Healthcare,treatment,hypertension overview,What does the document say about hypertension overview?,The source says that hypertension overview is linked to recommended action number 2. A priority order is also mentioned in the same passage. The document keeps the explanation focused on the treatment use case.,"The key point is that hypertension overview is linked to recommended action number 2, and the passage also mentions a priority order.","Since hypertension overview mentions a priority order, the model concludes an unrelated extra result that does not follow.",Reasoning Error,Medium,Medium,The model uses the available evidence but reaches an incorrect inference.,knowledge base article
353,Food,cooking,spices,What does the document say about spices?,The passage states that spices is linked to warning sign number 2. A follow-up action is also mentioned in the same passage. The document keeps the explanation focused on the cooking use case.,"The key point is that spices is linked to warning sign number 2, and the passage also mentions a follow-up action.","Since spices mentions a follow-up action, the model concludes an unrelated extra result that does not follow.",Reasoning Error,Medium,Medium,The model uses the available evidence but reaches an incorrect inference.,FAQ excerpt
354,Technology,databases,indexing,Which detail is supported by the context for indexing?,The source says that indexing is linked to recommended action number 14. A verification step is also mentioned in the same passage. The document keeps the explanation focused on the databases use case.,"The key point is that indexing is linked to recommended action number 14, and the passage also mentions a verification step.",The answer concerns an unrelated topic and says that indexing is mostly about a different domain.,Retrieval Failure,High,Low,The retrieved context is not relevant enough to answer the question well.,FAQ excerpt
355,Business,sales,conversion rate guidance,What is the correct answer regarding conversion rate guidance?,The context indicates that conversion rate guidance is linked to comparison number 4. A weekly review is also mentioned in the same passage. The document keeps the explanation focused on the sales use case.,"The key point is that conversion rate guidance is linked to comparison number 4, and the passage also mentions a weekly review.","The key point is that conversion rate guidance is linked to comparison number 4, and it also causes a completely unsupported major issue.",Hallucination,High,Low,The model adds an unsupported detail that does not appear in the retrieved context.,policy memo
356,Food,meal planning,portion control,Summarize the main fact about portion control from the passage.,The document explains that portion control is linked to deadline number 15. A risk factor is also mentioned in the same passage. The document keeps the explanation focused on the meal planning use case.,"The key point is that portion control is linked to deadline number 15, and the passage also mentions a risk factor.","Since portion control mentions a risk factor, the model concludes an unrelated extra result that does not follow.",Reasoning Error,Medium,Medium,The model uses the available evidence but reaches an incorrect inference.,knowledge base article
357,Food,meal planning,portion control,What does the document say about portion control?,The context indicates that portion control is linked to decrease number 3. A follow-up action is also mentioned in the same passage. The document keeps the explanation focused on the meal planning use case.,"The key point is that portion control is linked to decrease number 3, and the passage also mentions a follow-up action.",The answer concerns an unrelated topic and says that portion control is mostly about a different domain.,Retrieval Failure,High,Low,The retrieved context is not relevant enough to answer the question well.,training note
358,Healthcare,medication,asthma workflow,What is the correct answer regarding asthma workflow?,The document explains that asthma workflow is linked to warning sign number 6. A required step is also mentioned in the same passage. The document keeps the explanation focused on the medication use case.,"The key point is that asthma workflow is linked to warning sign number 6, and the passage also mentions a required step.","Since asthma workflow mentions a required step, the model concludes an unrelated extra result that does not follow.",Reasoning Error,Medium,Medium,The model uses the available evidence but reaches an incorrect inference.,FAQ excerpt
359,Education,course selection,statistics guidance,"According to the provided context, what is the key point about statistics guidance?",The context indicates that statistics guidance is linked to deadline number 17. A weekly review is also mentioned in the same passage. The document keeps the explanation focused on the course selection use case.,"The key point is that statistics guidance is linked to deadline number 17, and the passage also mentions a weekly review.","The key point is that statistics guidance is linked to deadline number 17, but the supporting reference points to another passage.",Wrong Citation,Medium,Medium,"The answer may be correct, but the cited source or evidence reference is incorrect or mismatched.",knowledge base article
360,Technology,machine learning,overfitting,"According to the provided context, what is the key point about overfitting?",The context indicates that overfitting is linked to causal factor number 16. A exception clause is also mentioned in the same passage. The document keeps the explanation focused on the machine learning use case.,"The key point is that overfitting is linked to causal factor number 16, and the passage also mentions a exception clause.","The key point is that overfitting is linked to causal factor number 16, and the passage also mentions a exception clause.",No Failure,Low,High,The answer is supported by the retrieved context and matches the expected response.,training note
361,Food,cooking,spices,"According to the provided context, what is the key point about spices?",The context indicates that spices is linked to guideline number 2. A priority order is also mentioned in the same passage. The document keeps the explanation focused on the cooking use case.,"The key point is that spices is linked to guideline number 2, and the passage also mentions a priority order.",The answer concerns an unrelated topic and says that spices is mostly about a different domain.,Retrieval Failure,High,Low,The retrieved context is not relevant enough to answer the question well.,knowledge base article
362,Food,recipe,baking policy,"According to the provided context, what is the key point about baking policy?",The source says that baking policy is linked to guideline number 7. A time window is also mentioned in the same passage. The document keeps the explanation focused on the recipe use case.,"The key point is that baking policy is linked to guideline number 7, and the passage also mentions a time window.",The key point is that baking policy is linked to guideline number 7.,Partial Answer,Medium,Medium,The response captures the core idea but leaves out an important supporting detail.,knowledge base article
363,Food,diet,fiber overview,Which detail is supported by the context for fiber overview?,The document explains that fiber overview is linked to comparison number 3. A weekly review is also mentioned in the same passage. The document keeps the explanation focused on the diet use case.,"The key point is that fiber overview is linked to comparison number 3, and the passage also mentions a weekly review.","The key point is that fiber overview is linked to comparison number 3, and it also causes a completely unsupported major issue.",Hallucination,High,Low,The model adds an unsupported detail that does not appear in the retrieved context.,FAQ excerpt
364,Finance,investment,index funds overview,What is the correct answer regarding index funds overview?,The context indicates that index funds overview is linked to guideline number 16. A weekly review is also mentioned in the same passage. The document keeps the explanation focused on the investment use case.,"The key point is that index funds overview is linked to guideline number 16, and the passage also mentions a weekly review.","The key point is that index funds overview is not linked to guideline number 16; instead, it is linked to the opposite outcome.",Contradiction,High,Low,The answer directly conflicts with the information in the retrieved context.,policy memo
365,Technology,machine learning,overfitting,What is the correct answer regarding overfitting?,The evidence shows that overfitting is linked to increase number 17. A time window is also mentioned in the same passage. The document keeps the explanation focused on the machine learning use case.,"The key point is that overfitting is linked to increase number 17, and the passage also mentions a time window.",The context does not provide enough information to answer confidently.,Missing Context,Medium,Medium,The answer ignores useful evidence that is present in the retrieved context.,policy memo
366,Legal,compliance,record keeping workflow,What does the document say about record keeping workflow?,The passage states that record keeping workflow is linked to guideline number 11. A exception clause is also mentioned in the same passage. The document keeps the explanation focused on the compliance use case.,"The key point is that record keeping workflow is linked to guideline number 11, and the passage also mentions a exception clause.","Since record keeping workflow mentions a exception clause, the model concludes an unrelated extra result that does not follow.",Reasoning Error,Medium,Medium,The model uses the available evidence but reaches an incorrect inference.,knowledge base article
367,Travel,planning,itinerary overview,"According to the provided context, what is the key point about itinerary overview?",The document explains that itinerary overview is linked to threshold number 8. A best practice is also mentioned in the same passage. The document keeps the explanation focused on the planning use case.,"The key point is that itinerary overview is linked to threshold number 8, and the passage also mentions a best practice.",The key point is that itinerary overview is linked to threshold number 8.,Partial Answer,Medium,Medium,The response captures the core idea but leaves out an important supporting detail.,training note
368,Travel,safety,emergency contacts,Summarize the main fact about emergency contacts from the passage.,The document explains that emergency contacts is linked to threshold number 17. A weekly review is also mentioned in the same passage. The document keeps the explanation focused on the safety use case.,"The key point is that emergency contacts is linked to threshold number 17, and the passage also mentions a weekly review.","The key point is that emergency contacts is linked to threshold number 17, and the passage also mentions a weekly review.",No Failure,Low,High,The answer is supported by the retrieved context and matches the expected response.,policy memo
369,Sports,team strategy,set pieces,What is the correct answer regarding set pieces?,The context indicates that set pieces is linked to comparison number 17. A best practice is also mentioned in the same passage. The document keeps the explanation focused on the team strategy use case.,"The key point is that set pieces is linked to comparison number 17, and the passage also mentions a best practice.",The key point is that set pieces is linked to comparison number 17.,Partial Answer,Medium,Medium,The response captures the core idea but leaves out an important supporting detail.,knowledge base article
370,Healthcare,lab results,anemia benchmark,Summarize the main fact about anemia benchmark from the passage.,The passage states that anemia benchmark is linked to causal factor number 7. A risk factor is also mentioned in the same passage. The document keeps the explanation focused on the lab results use case.,"The key point is that anemia benchmark is linked to causal factor number 7, and the passage also mentions a risk factor.","The key point is that anemia benchmark is linked to causal factor number 7, and the passage also mentions a risk factor.",No Failure,Low,High,The answer is supported by the retrieved context and matches the expected response.,support ticket
371,Technology,networking,latency,What is the correct answer regarding latency?,The source says that latency is linked to guideline number 1. A risk factor is also mentioned in the same passage. The document keeps the explanation focused on the networking use case.,"The key point is that latency is linked to guideline number 1, and the passage also mentions a risk factor.","The key point is that latency is linked to guideline number 1, but the supporting reference points to another passage.",Wrong Citation,Medium,Medium,"The answer may be correct, but the cited source or evidence reference is incorrect or mismatched.",support ticket
372,Environment,water,contamination,"According to the provided context, what is the key point about contamination?",The passage states that contamination is linked to comparison number 6. A priority order is also mentioned in the same passage. The document keeps the explanation focused on the water use case.,"The key point is that contamination is linked to comparison number 6, and the passage also mentions a priority order.",The key point is that contamination is linked to comparison number 6.,Partial Answer,Medium,Medium,The response captures the core idea but leaves out an important supporting detail.,FAQ excerpt
373,Environment,energy,solar adoption overview,What does the document say about solar adoption overview?,The source says that solar adoption overview is linked to causal factor number 13. A time window is also mentioned in the same passage. The document keeps the explanation focused on the energy use case.,"The key point is that solar adoption overview is linked to causal factor number 13, and the passage also mentions a time window.",The key point is that solar adoption overview is linked to causal factor number 13.,Partial Answer,Medium,Medium,The response captures the core idea but leaves out an important supporting detail.,support ticket
374,Environment,water,contamination policy,Which detail is supported by the context for contamination policy?,The evidence shows that contamination policy is linked to guideline number 7. A verification step is also mentioned in the same passage. The document keeps the explanation focused on the water use case.,"The key point is that contamination policy is linked to guideline number 7, and the passage also mentions a verification step.","The key point is that contamination policy is not linked to guideline number 7; instead, it is linked to the opposite outcome.",Contradiction,High,Low,The answer directly conflicts with the information in the retrieved context.,FAQ excerpt
375,Legal,compliance,record keeping guidance,Summarize the main fact about record keeping guidance from the passage.,The evidence shows that record keeping guidance is linked to guideline number 1. A exception clause is also mentioned in the same passage. The document keeps the explanation focused on the compliance use case.,"The key point is that record keeping guidance is linked to guideline number 1, and the passage also mentions a exception clause.","The key point is that record keeping guidance is linked to guideline number 1, and the passage also mentions a exception clause.",No Failure,Low,High,The answer is supported by the retrieved context and matches the expected response.,FAQ excerpt
376,Finance,banking,loan repayment,Which detail is supported by the context for loan repayment?,The source says that loan repayment is linked to warning sign number 5. A priority order is also mentioned in the same passage. The document keeps the explanation focused on the banking use case.,"The key point is that loan repayment is linked to warning sign number 5, and the passage also mentions a priority order.",The answer concerns an unrelated topic and says that loan repayment is mostly about a different domain.,Retrieval Failure,High,Low,The retrieved context is not relevant enough to answer the question well.,training note
377,Business,operations,inventory turnover policy,Which detail is supported by the context for inventory turnover policy?,The context indicates that inventory turnover policy is linked to guideline number 9. A time window is also mentioned in the same passage. The document keeps the explanation focused on the operations use case.,"The key point is that inventory turnover policy is linked to guideline number 9, and the passage also mentions a time window.","The key point is that inventory turnover policy is linked to guideline number 9, but the supporting reference points to another passage.",Wrong Citation,Medium,Medium,"The answer may be correct, but the cited source or evidence reference is incorrect or mismatched.",training note
378,Sports,match analysis,possession policy,What does the document say about possession policy?,The document explains that possession policy is linked to recommended action number 5. A exception clause is also mentioned in the same passage. The document keeps the explanation focused on the match analysis use case.,"The key point is that possession policy is linked to recommended action number 5, and the passage also mentions a exception clause.","The key point is that possession policy is not linked to recommended action number 5; instead, it is linked to the opposite outcome.",Contradiction,High,Low,The answer directly conflicts with the information in the retrieved context.,support ticket
379,History,conflict,world war II policy,"According to the provided context, what is the key point about world war II policy?",The passage states that world war II policy is linked to increase number 9. A exception clause is also mentioned in the same passage. The document keeps the explanation focused on the conflict use case.,"The key point is that world war II policy is linked to increase number 9, and the passage also mentions a exception clause.",The key point is that world war II policy is linked to increase number 9.,Partial Answer,Medium,Medium,The response captures the core idea but leaves out an important supporting detail.,support ticket
380,Technology,networking,latency,What is the correct answer regarding latency?,The source says that latency is linked to recommended action number 3. A weekly review is also mentioned in the same passage. The document keeps the explanation focused on the networking use case.,"The key point is that latency is linked to recommended action number 3, and the passage also mentions a weekly review.",The answer concerns an unrelated topic and says that latency is mostly about a different domain.,Retrieval Failure,High,Low,The retrieved context is not relevant enough to answer the question well.,training note
381,Business,strategy,market positioning,What does the document say about market positioning?,The source says that market positioning is linked to increase number 9. A weekly review is also mentioned in the same passage. The document keeps the explanation focused on the strategy use case.,"The key point is that market positioning is linked to increase number 9, and the passage also mentions a weekly review.","The key point is that market positioning is not linked to increase number 9; instead, it is linked to the opposite outcome.",Contradiction,High,Low,The answer directly conflicts with the information in the retrieved context.,FAQ excerpt
382,Legal,consumer rights,refund policy overview,What is the correct answer regarding refund policy overview?,The context indicates that refund policy overview is linked to recommended action number 14. A risk factor is also mentioned in the same passage. The document keeps the explanation focused on the consumer rights use case.,"The key point is that refund policy overview is linked to recommended action number 14, and the passage also mentions a risk factor.","The key point is that refund policy overview is linked to recommended action number 14, and it also causes a completely unsupported major issue.",Hallucination,High,Low,The model adds an unsupported detail that does not appear in the retrieved context.,policy memo
383,Food,food safety,storage temperature,Which detail is supported by the context for storage temperature?,The document explains that storage temperature is linked to comparison number 7. A time window is also mentioned in the same passage. The document keeps the explanation focused on the food safety use case.,"The key point is that storage temperature is linked to comparison number 7, and the passage also mentions a time window.",The key point is that storage temperature is linked to comparison number 7.,Partial Answer,Medium,Medium,The response captures the core idea but leaves out an important supporting detail.,FAQ excerpt
384,Food,recipe,baking,What does the document say about baking?,The document explains that baking is linked to decrease number 6. A required step is also mentioned in the same passage. The document keeps the explanation focused on the recipe use case.,"The key point is that baking is linked to decrease number 6, and the passage also mentions a required step.","Since baking mentions a required step, the model concludes an unrelated extra result that does not follow.",Reasoning Error,Medium,Medium,The model uses the available evidence but reaches an incorrect inference.,training note
385,History,conflict,world war II,What does the document say about world war II?,The evidence shows that world war II is linked to procedure number 7. A follow-up action is also mentioned in the same passage. The document keeps the explanation focused on the conflict use case.,"The key point is that world war II is linked to procedure number 7, and the passage also mentions a follow-up action.","The key point is that world war II is linked to procedure number 7, but the supporting reference points to another passage.",Wrong Citation,Medium,Medium,"The answer may be correct, but the cited source or evidence reference is incorrect or mismatched.",knowledge base article
386,Science,biology,photosynthesis,Which detail is supported by the context for photosynthesis?,The evidence shows that photosynthesis is linked to procedure number 12. A weekly review is also mentioned in the same passage. The document keeps the explanation focused on the biology use case.,"The key point is that photosynthesis is linked to procedure number 12, and the passage also mentions a weekly review.","Since photosynthesis mentions a weekly review, the model concludes an unrelated extra result that does not follow.",Reasoning Error,Medium,Medium,The model uses the available evidence but reaches an incorrect inference.,support ticket
387,Travel,budget travel,daily spending,What does the document say about daily spending?,The document explains that daily spending is linked to procedure number 10. A weekly review is also mentioned in the same passage. The document keeps the explanation focused on the budget travel use case.,"The key point is that daily spending is linked to procedure number 10, and the passage also mentions a weekly review.",The key point is that daily spending is linked to procedure number 10.,Partial Answer,Medium,Medium,The response captures the core idea but leaves out an important supporting detail.,training note
388,Sports,statistics,win rate overview,Which detail is supported by the context for win rate overview?,The source says that win rate overview is linked to decrease number 7. A estimated cost is also mentioned in the same passage. The document keeps the explanation focused on the statistics use case.,"The key point is that win rate overview is linked to decrease number 7, and the passage also mentions a estimated cost.","The key point is that win rate overview is linked to decrease number 7, but the supporting reference points to another passage.",Wrong Citation,Medium,Medium,"The answer may be correct, but the cited source or evidence reference is incorrect or mismatched.",training note
389,Travel,planning,itinerary benchmark,What is the correct answer regarding itinerary benchmark?,The passage states that itinerary benchmark is linked to decrease number 1. A time window is also mentioned in the same passage. The document keeps the explanation focused on the planning use case.,"The key point is that itinerary benchmark is linked to decrease number 1, and the passage also mentions a time window.","The key point is that itinerary benchmark is linked to decrease number 1, but the supporting reference points to another passage.",Wrong Citation,Medium,Medium,"The answer may be correct, but the cited source or evidence reference is incorrect or mismatched.",training note
390,Education,concept,machine learning workflow,"According to the provided context, what is the key point about machine learning workflow?",The passage states that machine learning workflow is linked to guideline number 9. A exception clause is also mentioned in the same passage. The document keeps the explanation focused on the concept use case.,"The key point is that machine learning workflow is linked to guideline number 9, and the passage also mentions a exception clause.","The key point is that machine learning workflow is not linked to guideline number 9; instead, it is linked to the opposite outcome.",Contradiction,High,Low,The answer directly conflicts with the information in the retrieved context.,knowledge base article
391,Business,strategy,market positioning,"According to the provided context, what is the key point about market positioning?",The passage states that market positioning is linked to warning sign number 2. A follow-up action is also mentioned in the same passage. The document keeps the explanation focused on the strategy use case.,"The key point is that market positioning is linked to warning sign number 2, and the passage also mentions a follow-up action.","The key point is that market positioning is linked to warning sign number 2, and the passage also mentions a follow-up action.",No Failure,Low,High,The answer is supported by the retrieved context and matches the expected response.,policy memo
392,Food,cooking,spices,"According to the provided context, what is the key point about spices?",The context indicates that spices is linked to decrease number 6. A estimated cost is also mentioned in the same passage. The document keeps the explanation focused on the cooking use case.,"The key point is that spices is linked to decrease number 6, and the passage also mentions a estimated cost.","The key point is that spices is linked to decrease number 6, and the passage also mentions a estimated cost.",No Failure,Low,High,The answer is supported by the retrieved context and matches the expected response.,knowledge base article
393,Education,assignment,research methods workflow,Which detail is supported by the context for research methods workflow?,The document explains that research methods workflow is linked to threshold number 15. A required step is also mentioned in the same passage. The document keeps the explanation focused on the assignment use case.,"The key point is that research methods workflow is linked to threshold number 15, and the passage also mentions a required step.",The answer concerns an unrelated topic and says that research methods workflow is mostly about a different domain.,Retrieval Failure,High,Low,The retrieved context is not relevant enough to answer the question well.,FAQ excerpt
394,Legal,employment,notice period,"According to the provided context, what is the key point about notice period?",The passage states that notice period is linked to warning sign number 13. A estimated cost is also mentioned in the same passage. The document keeps the explanation focused on the employment use case.,"The key point is that notice period is linked to warning sign number 13, and the passage also mentions a estimated cost.",The context does not provide enough information to answer confidently.,Missing Context,Medium,Medium,The answer ignores useful evidence that is present in the retrieved context.,training note
395,Healthcare,prevention,influenza,Which detail is supported by the context for influenza?,The document explains that influenza is linked to deadline number 15. A best practice is also mentioned in the same passage. The document keeps the explanation focused on the prevention use case.,"The key point is that influenza is linked to deadline number 15, and the passage also mentions a best practice.",The answer concerns an unrelated topic and says that influenza is mostly about a different domain.,Retrieval Failure,High,Low,The retrieved context is not relevant enough to answer the question well.,support ticket
396,Healthcare,diagnosis,type 2 diabetes,"According to the provided context, what is the key point about type 2 diabetes?",The source says that type 2 diabetes is linked to causal factor number 2. A estimated cost is also mentioned in the same passage. The document keeps the explanation focused on the diagnosis use case.,"The key point is that type 2 diabetes is linked to causal factor number 2, and the passage also mentions a estimated cost.","The key point is that type 2 diabetes is not linked to causal factor number 2; instead, it is linked to the opposite outcome.",Contradiction,High,Low,The answer directly conflicts with the information in the retrieved context.,FAQ excerpt
397,Science,physics,force and motion guidance,What is the correct answer regarding force and motion guidance?,The evidence shows that force and motion guidance is linked to recommended action number 6. A exception clause is also mentioned in the same passage. The document keeps the explanation focused on the physics use case.,"The key point is that force and motion guidance is linked to recommended action number 6, and the passage also mentions a exception clause.",The key point is that force and motion guidance is linked to recommended action number 6.,Partial Answer,Medium,Medium,The response captures the core idea but leaves out an important supporting detail.,support ticket
398,Environment,air quality,particulate matter,Which detail is supported by the context for particulate matter?,The evidence shows that particulate matter is linked to causal factor number 7. A best practice is also mentioned in the same passage. The document keeps the explanation focused on the air quality use case.,"The key point is that particulate matter is linked to causal factor number 7, and the passage also mentions a best practice.",The context does not provide enough information to answer confidently.,Missing Context,Medium,Medium,The answer ignores useful evidence that is present in the retrieved context.,FAQ excerpt
399,Education,assignment,research methods,Which detail is supported by the context for research methods?,The passage states that research methods is linked to warning sign number 11. A verification step is also mentioned in the same passage. The document keeps the explanation focused on the assignment use case.,"The key point is that research methods is linked to warning sign number 11, and the passage also mentions a verification step.",The key point is that research methods is linked to warning sign number 11.,Partial Answer,Medium,Medium,The response captures the core idea but leaves out an important supporting detail.,training note
400,History,leader,mauryan empire,Summarize the main fact about mauryan empire from the passage.,The evidence shows that mauryan empire is linked to guideline number 3. A risk factor is also mentioned in the same passage. The document keeps the explanation focused on the leader use case.,"The key point is that mauryan empire is linked to guideline number 3, and the passage also mentions a risk factor.",The context does not provide enough information to answer confidently.,Missing Context,Medium,Medium,The answer ignores useful evidence that is present in the retrieved context.,FAQ excerpt
401,Technology,machine learning,overfitting,What is the correct answer regarding overfitting?,The source says that overfitting is linked to increase number 17. A follow-up action is also mentioned in the same passage. The document keeps the explanation focused on the machine learning use case.,"The key point is that overfitting is linked to increase number 17, and the passage also mentions a follow-up action.","Since overfitting mentions a follow-up action, the model concludes an unrelated extra result that does not follow.",Reasoning Error,Medium,Medium,The model uses the available evidence but reaches an incorrect inference.,knowledge base article
402,Sports,player performance,stamina,"According to the provided context, what is the key point about stamina?",The context indicates that stamina is linked to decrease number 13. A exception clause is also mentioned in the same passage. The document keeps the explanation focused on the player performance use case.,"The key point is that stamina is linked to decrease number 13, and the passage also mentions a exception clause.","The key point is that stamina is linked to decrease number 13, and it also causes a completely unsupported major issue.",Hallucination,High,Low,The model adds an unsupported detail that does not appear in the retrieved context.,training note
403,Technology,software design,API rate limiting,"According to the provided context, what is the key point about API rate limiting?",The document explains that API rate limiting is linked to threshold number 15. A best practice is also mentioned in the same passage. The document keeps the explanation focused on the software design use case.,"The key point is that API rate limiting is linked to threshold number 15, and the passage also mentions a best practice.","The key point is that API rate limiting is linked to threshold number 15, and the passage also mentions a best practice.",No Failure,Low,High,The answer is supported by the retrieved context and matches the expected response.,knowledge base article
404,Environment,air quality,particulate matter benchmark,Which detail is supported by the context for particulate matter benchmark?,The passage states that particulate matter benchmark is linked to recommended action number 16. A follow-up action is also mentioned in the same passage. The document keeps the explanation focused on the air quality use case.,"The key point is that particulate matter benchmark is linked to recommended action number 16, and the passage also mentions a follow-up action.","Since particulate matter benchmark mentions a follow-up action, the model concludes an unrelated extra result that does not follow.",Reasoning Error,Medium,Medium,The model uses the available evidence but reaches an incorrect inference.,FAQ excerpt
405,Science,earth science,climate patterns,What is the correct answer regarding climate patterns?,The context indicates that climate patterns is linked to guideline number 12. A best practice is also mentioned in the same passage. The document keeps the explanation focused on the earth science use case.,"The key point is that climate patterns is linked to guideline number 12, and the passage also mentions a best practice.",The key point is that climate patterns is linked to guideline number 12.,Partial Answer,Medium,Medium,The response captures the core idea but leaves out an important supporting detail.,FAQ excerpt
406,Travel,safety,emergency contacts,Which detail is supported by the context for emergency contacts?,The source says that emergency contacts is linked to comparison number 11. A follow-up action is also mentioned in the same passage. The document keeps the explanation focused on the safety use case.,"The key point is that emergency contacts is linked to comparison number 11, and the passage also mentions a follow-up action.","Since emergency contacts mentions a follow-up action, the model concludes an unrelated extra result that does not follow.",Reasoning Error,Medium,Medium,The model uses the available evidence but reaches an incorrect inference.,knowledge base article
407,Science,earth science,climate patterns benchmark,What is the correct answer regarding climate patterns benchmark?,The passage states that climate patterns benchmark is linked to causal factor number 9. A best practice is also mentioned in the same passage. The document keeps the explanation focused on the earth science use case.,"The key point is that climate patterns benchmark is linked to causal factor number 9, and the passage also mentions a best practice.",The context does not provide enough information to answer confidently.,Missing Context,Medium,Medium,The answer ignores useful evidence that is present in the retrieved context.,policy memo
408,History,event,industrial revolution guidance,What is the correct answer regarding industrial revolution guidance?,The document explains that industrial revolution guidance is linked to increase number 7. A weekly review is also mentioned in the same passage. The document keeps the explanation focused on the event use case.,"The key point is that industrial revolution guidance is linked to increase number 7, and the passage also mentions a weekly review.",The key point is that industrial revolution guidance is linked to increase number 7.,Partial Answer,Medium,Medium,The response captures the core idea but leaves out an important supporting detail.,FAQ excerpt
409,Healthcare,prevention,influenza,Summarize the main fact about influenza from the passage.,The source says that influenza is linked to decrease number 10. A risk factor is also mentioned in the same passage. The document keeps the explanation focused on the prevention use case.,"The key point is that influenza is linked to decrease number 10, and the passage also mentions a risk factor.",The key point is that influenza is linked to decrease number 10.,Partial Answer,Medium,Medium,The response captures the core idea but leaves out an important supporting detail.,FAQ excerpt
410,Legal,employment,notice period,What does the document say about notice period?,The evidence shows that notice period is linked to comparison number 2. A time window is also mentioned in the same passage. The document keeps the explanation focused on the employment use case.,"The key point is that notice period is linked to comparison number 2, and the passage also mentions a time window.",The key point is that notice period is linked to comparison number 2.,Partial Answer,Medium,Medium,The response captures the core idea but leaves out an important supporting detail.,knowledge base article
411,Environment,climate,carbon emissions,What is the correct answer regarding carbon emissions?,The context indicates that carbon emissions is linked to increase number 9. A verification step is also mentioned in the same passage. The document keeps the explanation focused on the climate use case.,"The key point is that carbon emissions is linked to increase number 9, and the passage also mentions a verification step.",The key point is that carbon emissions is linked to increase number 9.,Partial Answer,Medium,Medium,The response captures the core idea but leaves out an important supporting detail.,support ticket
412,Legal,employment,notice period,What does the document say about notice period?,The passage states that notice period is linked to recommended action number 6. A risk factor is also mentioned in the same passage. The document keeps the explanation focused on the employment use case.,"The key point is that notice period is linked to recommended action number 6, and the passage also mentions a risk factor.",The answer concerns an unrelated topic and says that notice period is mostly about a different domain.,Retrieval Failure,High,Low,The retrieved context is not relevant enough to answer the question well.,knowledge base article
413,Environment,air quality,particulate matter workflow,Which detail is supported by the context for particulate matter workflow?,The passage states that particulate matter workflow is linked to deadline number 11. A time window is also mentioned in the same passage. The document keeps the explanation focused on the air quality use case.,"The key point is that particulate matter workflow is linked to deadline number 11, and the passage also mentions a time window.",The context does not provide enough information to answer confidently.,Missing Context,Medium,Medium,The answer ignores useful evidence that is present in the retrieved context.,support ticket
414,Technology,networking,latency benchmark,Summarize the main fact about latency benchmark from the passage.,The document explains that latency benchmark is linked to deadline number 16. A risk factor is also mentioned in the same passage. The document keeps the explanation focused on the networking use case.,"The key point is that latency benchmark is linked to deadline number 16, and the passage also mentions a risk factor.","The key point is that latency benchmark is not linked to deadline number 16; instead, it is linked to the opposite outcome.",Contradiction,High,Low,The answer directly conflicts with the information in the retrieved context.,FAQ excerpt
415,Legal,intellectual property,copyright overview,Which detail is supported by the context for copyright overview?,The passage states that copyright overview is linked to decrease number 4. A risk factor is also mentioned in the same passage. The document keeps the explanation focused on the intellectual property use case.,"The key point is that copyright overview is linked to decrease number 4, and the passage also mentions a risk factor.","The key point is that copyright overview is not linked to decrease number 4; instead, it is linked to the opposite outcome.",Contradiction,High,Low,The answer directly conflicts with the information in the retrieved context.,knowledge base article
416,Education,concept,machine learning,Summarize the main fact about machine learning from the passage.,The source says that machine learning is linked to decrease number 12. A best practice is also mentioned in the same passage. The document keeps the explanation focused on the concept use case.,"The key point is that machine learning is linked to decrease number 12, and the passage also mentions a best practice.","The key point is that machine learning is not linked to decrease number 12; instead, it is linked to the opposite outcome.",Contradiction,High,Low,The answer directly conflicts with the information in the retrieved context.,training note
417,Finance,budgeting,monthly expenses guidance,What does the document say about monthly expenses guidance?,The passage states that monthly expenses guidance is linked to deadline number 2. A follow-up action is also mentioned in the same passage. The document keeps the explanation focused on the budgeting use case.,"The key point is that monthly expenses guidance is linked to deadline number 2, and the passage also mentions a follow-up action.","The key point is that monthly expenses guidance is linked to deadline number 2, but the supporting reference points to another passage.",Wrong Citation,Medium,Medium,"The answer may be correct, but the cited source or evidence reference is incorrect or mismatched.",FAQ excerpt
418,Business,product,feature prioritization policy,What does the document say about feature prioritization policy?,The document explains that feature prioritization policy is linked to procedure number 3. A risk factor is also mentioned in the same passage. The document keeps the explanation focused on the product use case.,"The key point is that feature prioritization policy is linked to procedure number 3, and the passage also mentions a risk factor.","The key point is that feature prioritization policy is not linked to procedure number 3; instead, it is linked to the opposite outcome.",Contradiction,High,Low,The answer directly conflicts with the information in the retrieved context.,knowledge base article
419,Business,strategy,market positioning,Which detail is supported by the context for market positioning?,The evidence shows that market positioning is linked to decrease number 8. A weekly review is also mentioned in the same passage. The document keeps the explanation focused on the strategy use case.,"The key point is that market positioning is linked to decrease number 8, and the passage also mentions a weekly review.","The key point is that market positioning is linked to decrease number 8, but the supporting reference points to another passage.",Wrong Citation,Medium,Medium,"The answer may be correct, but the cited source or evidence reference is incorrect or mismatched.",training note
420,History,culture,trade routes,Summarize the main fact about trade routes from the passage.,The passage states that trade routes is linked to guideline number 13. A verification step is also mentioned in the same passage. The document keeps the explanation focused on the culture use case.,"The key point is that trade routes is linked to guideline number 13, and the passage also mentions a verification step.",The context does not provide enough information to answer confidently.,Missing Context,Medium,Medium,The answer ignores useful evidence that is present in the retrieved context.,knowledge base article
421,Sports,tactics,pressing policy,Which detail is supported by the context for pressing policy?,The source says that pressing policy is linked to deadline number 8. A estimated cost is also mentioned in the same passage. The document keeps the explanation focused on the tactics use case.,"The key point is that pressing policy is linked to deadline number 8, and the passage also mentions a estimated cost.","The key point is that pressing policy is not linked to deadline number 8; instead, it is linked to the opposite outcome.",Contradiction,High,Low,The answer directly conflicts with the information in the retrieved context.,FAQ excerpt
422,Technology,cloud,auto scaling,Summarize the main fact about auto scaling from the passage.,The document explains that auto scaling is linked to procedure number 17. A time window is also mentioned in the same passage. The document keeps the explanation focused on the cloud use case.,"The key point is that auto scaling is linked to procedure number 17, and the passage also mentions a time window.","The key point is that auto scaling is linked to procedure number 17, and it also causes a completely unsupported major issue.",Hallucination,High,Low,The model adds an unsupported detail that does not appear in the retrieved context.,training note
423,Food,nutrition,protein intake benchmark,What is the correct answer regarding protein intake benchmark?,The source says that protein intake benchmark is linked to guideline number 8. A exception clause is also mentioned in the same passage. The document keeps the explanation focused on the nutrition use case.,"The key point is that protein intake benchmark is linked to guideline number 8, and the passage also mentions a exception clause.",The context does not provide enough information to answer confidently.,Missing Context,Medium,Medium,The answer ignores useful evidence that is present in the retrieved context.,support ticket
424,History,movement,civil rights overview,"According to the provided context, what is the key point about civil rights overview?",The source says that civil rights overview is linked to comparison number 6. A risk factor is also mentioned in the same passage. The document keeps the explanation focused on the movement use case.,"The key point is that civil rights overview is linked to comparison number 6, and the passage also mentions a risk factor.","The key point is that civil rights overview is linked to comparison number 6, but the supporting reference points to another passage.",Wrong Citation,Medium,Medium,"The answer may be correct, but the cited source or evidence reference is incorrect or mismatched.",FAQ excerpt
425,Travel,budget travel,daily spending,Summarize the main fact about daily spending from the passage.,The passage states that daily spending is linked to deadline number 11. A estimated cost is also mentioned in the same passage. The document keeps the explanation focused on the budget travel use case.,"The key point is that daily spending is linked to deadline number 11, and the passage also mentions a estimated cost.",The answer concerns an unrelated topic and says that daily spending is mostly about a different domain.,Retrieval Failure,High,Low,The retrieved context is not relevant enough to answer the question well.,policy memo
426,Healthcare,medication,asthma,Summarize the main fact about asthma from the passage.,The evidence shows that asthma is linked to procedure number 5. A priority order is also mentioned in the same passage. The document keeps the explanation focused on the medication use case.,"The key point is that asthma is linked to procedure number 5, and the passage also mentions a priority order.",The key point is that asthma is linked to procedure number 5.,Partial Answer,Medium,Medium,The response captures the core idea but leaves out an important supporting detail.,knowledge base article
427,Education,course selection,statistics benchmark,What is the correct answer regarding statistics benchmark?,The context indicates that statistics benchmark is linked to guideline number 16. A time window is also mentioned in the same passage. The document keeps the explanation focused on the course selection use case.,"The key point is that statistics benchmark is linked to guideline number 16, and the passage also mentions a time window.","The key point is that statistics benchmark is linked to guideline number 16, and it also causes a completely unsupported major issue.",Hallucination,High,Low,The model adds an unsupported detail that does not appear in the retrieved context.,support ticket
428,Technology,networking,latency,Summarize the main fact about latency from the passage.,The source says that latency is linked to warning sign number 5. A estimated cost is also mentioned in the same passage. The document keeps the explanation focused on the networking use case.,"The key point is that latency is linked to warning sign number 5, and the passage also mentions a estimated cost.","The key point is that latency is linked to warning sign number 5, but the supporting reference points to another passage.",Wrong Citation,Medium,Medium,"The answer may be correct, but the cited source or evidence reference is incorrect or mismatched.",knowledge base article
429,Travel,safety,emergency contacts,Summarize the main fact about emergency contacts from the passage.,The evidence shows that emergency contacts is linked to recommended action number 9. A priority order is also mentioned in the same passage. The document keeps the explanation focused on the safety use case.,"The key point is that emergency contacts is linked to recommended action number 9, and the passage also mentions a priority order.",The key point is that emergency contacts is linked to recommended action number 9.,Partial Answer,Medium,Medium,The response captures the core idea but leaves out an important supporting detail.,knowledge base article
430,Science,physics,force and motion overview,Which detail is supported by the context for force and motion overview?,The evidence shows that force and motion overview is linked to comparison number 11. A risk factor is also mentioned in the same passage. The document keeps the explanation focused on the physics use case.,"The key point is that force and motion overview is linked to comparison number 11, and the passage also mentions a risk factor.","The key point is that force and motion overview is linked to comparison number 11, and the passage also mentions a risk factor.",No Failure,Low,High,The answer is supported by the retrieved context and matches the expected response.,policy memo
431,Finance,banking,loan repayment guidance,What does the document say about loan repayment guidance?,The source says that loan repayment guidance is linked to causal factor number 10. A time window is also mentioned in the same passage. The document keeps the explanation focused on the banking use case.,"The key point is that loan repayment guidance is linked to causal factor number 10, and the passage also mentions a time window.",The answer concerns an unrelated topic and says that loan repayment guidance is mostly about a different domain.,Retrieval Failure,High,Low,The retrieved context is not relevant enough to answer the question well.,FAQ excerpt
432,Legal,privacy,data retention,Summarize the main fact about data retention from the passage.,The document explains that data retention is linked to causal factor number 12. A weekly review is also mentioned in the same passage. The document keeps the explanation focused on the privacy use case.,"The key point is that data retention is linked to causal factor number 12, and the passage also mentions a weekly review.","The key point is that data retention is linked to causal factor number 12, and it also causes a completely unsupported major issue.",Hallucination,High,Low,The model adds an unsupported detail that does not appear in the retrieved context.,training note
433,Legal,consumer rights,refund policy policy,What does the document say about refund policy policy?,The context indicates that refund policy policy is linked to deadline number 17. A estimated cost is also mentioned in the same passage. The document keeps the explanation focused on the consumer rights use case.,"The key point is that refund policy policy is linked to deadline number 17, and the passage also mentions a estimated cost.",The key point is that refund policy policy is linked to deadline number 17.,Partial Answer,Medium,Medium,The response captures the core idea but leaves out an important supporting detail.,knowledge base article
434,Travel,budget travel,daily spending,What does the document say about daily spending?,The context indicates that daily spending is linked to deadline number 3. A follow-up action is also mentioned in the same passage. The document keeps the explanation focused on the budget travel use case.,"The key point is that daily spending is linked to deadline number 3, and the passage also mentions a follow-up action.",The key point is that daily spending is linked to deadline number 3.,Partial Answer,Medium,Medium,The response captures the core idea but leaves out an important supporting detail.,knowledge base article
435,Education,study plan,final revision policy,"According to the provided context, what is the key point about final revision policy?",The document explains that final revision policy is linked to warning sign number 7. A risk factor is also mentioned in the same passage. The document keeps the explanation focused on the study plan use case.,"The key point is that final revision policy is linked to warning sign number 7, and the passage also mentions a risk factor.","Since final revision policy mentions a risk factor, the model concludes an unrelated extra result that does not follow.",Reasoning Error,Medium,Medium,The model uses the available evidence but reaches an incorrect inference.,support ticket
436,Food,meal planning,portion control,"According to the provided context, what is the key point about portion control?",The context indicates that portion control is linked to decrease number 16. A weekly review is also mentioned in the same passage. The document keeps the explanation focused on the meal planning use case.,"The key point is that portion control is linked to decrease number 16, and the passage also mentions a weekly review.",The key point is that portion control is linked to decrease number 16.,Partial Answer,Medium,Medium,The response captures the core idea but leaves out an important supporting detail.,knowledge base article
437,Finance,investment,index funds,What does the document say about index funds?,The source says that index funds is linked to decrease number 14. A verification step is also mentioned in the same passage. The document keeps the explanation focused on the investment use case.,"The key point is that index funds is linked to decrease number 14, and the passage also mentions a verification step.","Since index funds mentions a verification step, the model concludes an unrelated extra result that does not follow.",Reasoning Error,Medium,Medium,The model uses the available evidence but reaches an incorrect inference.,support ticket
438,Education,exam prep,linear algebra workflow,What does the document say about linear algebra workflow?,The source says that linear algebra workflow is linked to causal factor number 13. A verification step is also mentioned in the same passage. The document keeps the explanation focused on the exam prep use case.,"The key point is that linear algebra workflow is linked to causal factor number 13, and the passage also mentions a verification step.","Since linear algebra workflow mentions a verification step, the model concludes an unrelated extra result that does not follow.",Reasoning Error,Medium,Medium,The model uses the available evidence but reaches an incorrect inference.,FAQ excerpt
439,Education,exam prep,linear algebra,Summarize the main fact about linear algebra from the passage.,The context indicates that linear algebra is linked to threshold number 9. A risk factor is also mentioned in the same passage. The document keeps the explanation focused on the exam prep use case.,"The key point is that linear algebra is linked to threshold number 9, and the passage also mentions a risk factor.",The answer concerns an unrelated topic and says that linear algebra is mostly about a different domain.,Retrieval Failure,High,Low,The retrieved context is not relevant enough to answer the question well.,support ticket
440,Healthcare,treatment,hypertension,Which detail is supported by the context for hypertension?,The source says that hypertension is linked to deadline number 14. A estimated cost is also mentioned in the same passage. The document keeps the explanation focused on the treatment use case.,"The key point is that hypertension is linked to deadline number 14, and the passage also mentions a estimated cost.","The key point is that hypertension is not linked to deadline number 14; instead, it is linked to the opposite outcome.",Contradiction,High,Low,The answer directly conflicts with the information in the retrieved context.,FAQ excerpt
441,Healthcare,medication,asthma overview,What does the document say about asthma overview?,The evidence shows that asthma overview is linked to recommended action number 6. A risk factor is also mentioned in the same passage. The document keeps the explanation focused on the medication use case.,"The key point is that asthma overview is linked to recommended action number 6, and the passage also mentions a risk factor.","The key point is that asthma overview is not linked to recommended action number 6; instead, it is linked to the opposite outcome.",Contradiction,High,Low,The answer directly conflicts with the information in the retrieved context.,FAQ excerpt
442,Food,nutrition,protein intake guidance,Which detail is supported by the context for protein intake guidance?,The context indicates that protein intake guidance is linked to causal factor number 11. A priority order is also mentioned in the same passage. The document keeps the explanation focused on the nutrition use case.,"The key point is that protein intake guidance is linked to causal factor number 11, and the passage also mentions a priority order.","The key point is that protein intake guidance is linked to causal factor number 11, but the supporting reference points to another passage.",Wrong Citation,Medium,Medium,"The answer may be correct, but the cited source or evidence reference is incorrect or mismatched.",support ticket
443,Finance,credit,credit score,Summarize the main fact about credit score from the passage.,The context indicates that credit score is linked to decrease number 6. A weekly review is also mentioned in the same passage. The document keeps the explanation focused on the credit use case.,"The key point is that credit score is linked to decrease number 6, and the passage also mentions a weekly review.",The key point is that credit score is linked to decrease number 6.,Partial Answer,Medium,Medium,The response captures the core idea but leaves out an important supporting detail.,support ticket
444,History,conflict,world war II,Which detail is supported by the context for world war II?,The passage states that world war II is linked to warning sign number 15. A follow-up action is also mentioned in the same passage. The document keeps the explanation focused on the conflict use case.,"The key point is that world war II is linked to warning sign number 15, and the passage also mentions a follow-up action.","The key point is that world war II is not linked to warning sign number 15; instead, it is linked to the opposite outcome.",Contradiction,High,Low,The answer directly conflicts with the information in the retrieved context.,FAQ excerpt
445,Education,assignment,research methods policy,What does the document say about research methods policy?,The source says that research methods policy is linked to increase number 3. A risk factor is also mentioned in the same passage. The document keeps the explanation focused on the assignment use case.,"The key point is that research methods policy is linked to increase number 3, and the passage also mentions a risk factor.","The key point is that research methods policy is not linked to increase number 3; instead, it is linked to the opposite outcome.",Contradiction,High,Low,The answer directly conflicts with the information in the retrieved context.,FAQ excerpt
446,Technology,machine learning,overfitting overview,Which detail is supported by the context for overfitting overview?,The context indicates that overfitting overview is linked to deadline number 10. A risk factor is also mentioned in the same passage. The document keeps the explanation focused on the machine learning use case.,"The key point is that overfitting overview is linked to deadline number 10, and the passage also mentions a risk factor.","The key point is that overfitting overview is linked to deadline number 10, and it also causes a completely unsupported major issue.",Hallucination,High,Low,The model adds an unsupported detail that does not appear in the retrieved context.,knowledge base article
447,Environment,waste,recycling benchmark,Summarize the main fact about recycling benchmark from the passage.,The source says that recycling benchmark is linked to increase number 6. A priority order is also mentioned in the same passage. The document keeps the explanation focused on the waste use case.,"The key point is that recycling benchmark is linked to increase number 6, and the passage also mentions a priority order.","The key point is that recycling benchmark is linked to increase number 6, but the supporting reference points to another passage.",Wrong Citation,Medium,Medium,"The answer may be correct, but the cited source or evidence reference is incorrect or mismatched.",training note
448,History,event,industrial revolution workflow,"According to the provided context, what is the key point about industrial revolution workflow?",The evidence shows that industrial revolution workflow is linked to threshold number 5. A verification step is also mentioned in the same passage. The document keeps the explanation focused on the event use case.,"The key point is that industrial revolution workflow is linked to threshold number 5, and the passage also mentions a verification step.","The key point is that industrial revolution workflow is linked to threshold number 5, and the passage also mentions a verification step.",No Failure,Low,High,The answer is supported by the retrieved context and matches the expected response.,FAQ excerpt
449,Science,environmental science,water quality workflow,What does the document say about water quality workflow?,The document explains that water quality workflow is linked to deadline number 11. A best practice is also mentioned in the same passage. The document keeps the explanation focused on the environmental science use case.,"The key point is that water quality workflow is linked to deadline number 11, and the passage also mentions a best practice.","The key point is that water quality workflow is linked to deadline number 11, but the supporting reference points to another passage.",Wrong Citation,Medium,Medium,"The answer may be correct, but the cited source or evidence reference is incorrect or mismatched.",knowledge base article
450,Technology,software design,API rate limiting guidance,What is the correct answer regarding API rate limiting guidance?,The context indicates that API rate limiting guidance is linked to decrease number 2. A estimated cost is also mentioned in the same passage. The document keeps the explanation focused on the software design use case.,"The key point is that API rate limiting guidance is linked to decrease number 2, and the passage also mentions a estimated cost.",The answer concerns an unrelated topic and says that API rate limiting guidance is mostly about a different domain.,Retrieval Failure,High,Low,The retrieved context is not relevant enough to answer the question well.,knowledge base article
451,Legal,intellectual property,copyright,Which detail is supported by the context for copyright?,The context indicates that copyright is linked to warning sign number 9. A time window is also mentioned in the same passage. The document keeps the explanation focused on the intellectual property use case.,"The key point is that copyright is linked to warning sign number 9, and the passage also mentions a time window.",The key point is that copyright is linked to warning sign number 9.,Partial Answer,Medium,Medium,The response captures the core idea but leaves out an important supporting detail.,knowledge base article
452,Technology,machine learning,overfitting,Which detail is supported by the context for overfitting?,The passage states that overfitting is linked to threshold number 1. A time window is also mentioned in the same passage. The document keeps the explanation focused on the machine learning use case.,"The key point is that overfitting is linked to threshold number 1, and the passage also mentions a time window.",The context does not provide enough information to answer confidently.,Missing Context,Medium,Medium,The answer ignores useful evidence that is present in the retrieved context.,support ticket
453,Healthcare,diagnosis,type 2 diabetes,Summarize the main fact about type 2 diabetes from the passage.,The evidence shows that type 2 diabetes is linked to guideline number 16. A verification step is also mentioned in the same passage. The document keeps the explanation focused on the diagnosis use case.,"The key point is that type 2 diabetes is linked to guideline number 16, and the passage also mentions a verification step.",The context does not provide enough information to answer confidently.,Missing Context,Medium,Medium,The answer ignores useful evidence that is present in the retrieved context.,training note
454,Finance,credit,credit score guidance,Which detail is supported by the context for credit score guidance?,The document explains that credit score guidance is linked to recommended action number 8. A risk factor is also mentioned in the same passage. The document keeps the explanation focused on the credit use case.,"The key point is that credit score guidance is linked to recommended action number 8, and the passage also mentions a risk factor.","Since credit score guidance mentions a risk factor, the model concludes an unrelated extra result that does not follow.",Reasoning Error,Medium,Medium,The model uses the available evidence but reaches an incorrect inference.,FAQ excerpt
455,History,event,industrial revolution policy,Which detail is supported by the context for industrial revolution policy?,The source says that industrial revolution policy is linked to threshold number 6. A time window is also mentioned in the same passage. The document keeps the explanation focused on the event use case.,"The key point is that industrial revolution policy is linked to threshold number 6, and the passage also mentions a time window.","Since industrial revolution policy mentions a time window, the model concludes an unrelated extra result that does not follow.",Reasoning Error,Medium,Medium,The model uses the available evidence but reaches an incorrect inference.,FAQ excerpt
456,Legal,contract clause,termination,"According to the provided context, what is the key point about termination?",The document explains that termination is linked to recommended action number 14. A exception clause is also mentioned in the same passage. The document keeps the explanation focused on the contract clause use case.,"The key point is that termination is linked to recommended action number 14, and the passage also mentions a exception clause.","The key point is that termination is linked to recommended action number 14, and it also causes a completely unsupported major issue.",Hallucination,High,Low,The model adds an unsupported detail that does not appear in the retrieved context.,knowledge base article
457,Science,chemistry,reaction rate overview,Summarize the main fact about reaction rate overview from the passage.,The document explains that reaction rate overview is linked to increase number 8. A priority order is also mentioned in the same passage. The document keeps the explanation focused on the chemistry use case.,"The key point is that reaction rate overview is linked to increase number 8, and the passage also mentions a priority order.",The key point is that reaction rate overview is linked to increase number 8.,Partial Answer,Medium,Medium,The response captures the core idea but leaves out an important supporting detail.,knowledge base article
458,Science,biology,photosynthesis overview,What is the correct answer regarding photosynthesis overview?,The passage states that photosynthesis overview is linked to deadline number 14. A estimated cost is also mentioned in the same passage. The document keeps the explanation focused on the biology use case.,"The key point is that photosynthesis overview is linked to deadline number 14, and the passage also mentions a estimated cost.","Since photosynthesis overview mentions a estimated cost, the model concludes an unrelated extra result that does not follow.",Reasoning Error,Medium,Medium,The model uses the available evidence but reaches an incorrect inference.,policy memo
459,Education,assignment,research methods,What is the correct answer regarding research methods?,The passage states that research methods is linked to increase number 13. A weekly review is also mentioned in the same passage. The document keeps the explanation focused on the assignment use case.,"The key point is that research methods is linked to increase number 13, and the passage also mentions a weekly review.",The key point is that research methods is linked to increase number 13.,Partial Answer,Medium,Medium,The response captures the core idea but leaves out an important supporting detail.,FAQ excerpt
460,Sports,training,recovery,Summarize the main fact about recovery from the passage.,The context indicates that recovery is linked to threshold number 9. A follow-up action is also mentioned in the same passage. The document keeps the explanation focused on the training use case.,"The key point is that recovery is linked to threshold number 9, and the passage also mentions a follow-up action.","The key point is that recovery is linked to threshold number 9, but the supporting reference points to another passage.",Wrong Citation,Medium,Medium,"The answer may be correct, but the cited source or evidence reference is incorrect or mismatched.",training note
461,Business,sales,conversion rate,Summarize the main fact about conversion rate from the passage.,The passage states that conversion rate is linked to guideline number 3. A best practice is also mentioned in the same passage. The document keeps the explanation focused on the sales use case.,"The key point is that conversion rate is linked to guideline number 3, and the passage also mentions a best practice.",The key point is that conversion rate is linked to guideline number 3.,Partial Answer,Medium,Medium,The response captures the core idea but leaves out an important supporting detail.,knowledge base article
462,Sports,statistics,win rate,What is the correct answer regarding win rate?,The passage states that win rate is linked to causal factor number 14. A estimated cost is also mentioned in the same passage. The document keeps the explanation focused on the statistics use case.,"The key point is that win rate is linked to causal factor number 14, and the passage also mentions a estimated cost.",The answer concerns an unrelated topic and says that win rate is mostly about a different domain.,Retrieval Failure,High,Low,The retrieved context is not relevant enough to answer the question well.,knowledge base article
463,Travel,local rules,visa requirements,"According to the provided context, what is the key point about visa requirements?",The document explains that visa requirements is linked to procedure number 13. A time window is also mentioned in the same passage. The document keeps the explanation focused on the local rules use case.,"The key point is that visa requirements is linked to procedure number 13, and the passage also mentions a time window.",The context does not provide enough information to answer confidently.,Missing Context,Medium,Medium,The answer ignores useful evidence that is present in the retrieved context.,training note
464,Sports,tactics,pressing,What is the correct answer regarding pressing?,The passage states that pressing is linked to procedure number 5. A estimated cost is also mentioned in the same passage. The document keeps the explanation focused on the tactics use case.,"The key point is that pressing is linked to procedure number 5, and the passage also mentions a estimated cost.",The answer concerns an unrelated topic and says that pressing is mostly about a different domain.,Retrieval Failure,High,Low,The retrieved context is not relevant enough to answer the question well.,policy memo
465,Finance,investment,index funds,Which detail is supported by the context for index funds?,The evidence shows that index funds is linked to deadline number 15. A risk factor is also mentioned in the same passage. The document keeps the explanation focused on the investment use case.,"The key point is that index funds is linked to deadline number 15, and the passage also mentions a risk factor.","The key point is that index funds is linked to deadline number 15, and it also causes a completely unsupported major issue.",Hallucination,High,Low,The model adds an unsupported detail that does not appear in the retrieved context.,FAQ excerpt
466,Sports,team strategy,set pieces guidance,"According to the provided context, what is the key point about set pieces guidance?",The source says that set pieces guidance is linked to decrease number 6. A priority order is also mentioned in the same passage. The document keeps the explanation focused on the team strategy use case.,"The key point is that set pieces guidance is linked to decrease number 6, and the passage also mentions a priority order.",The context does not provide enough information to answer confidently.,Missing Context,Medium,Medium,The answer ignores useful evidence that is present in the retrieved context.,policy memo
467,Travel,budget travel,daily spending,What is the correct answer regarding daily spending?,The source says that daily spending is linked to recommended action number 7. A required step is also mentioned in the same passage. The document keeps the explanation focused on the budget travel use case.,"The key point is that daily spending is linked to recommended action number 7, and the passage also mentions a required step.","The key point is that daily spending is linked to recommended action number 7, but the supporting reference points to another passage.",Wrong Citation,Medium,Medium,"The answer may be correct, but the cited source or evidence reference is incorrect or mismatched.",FAQ excerpt
468,Business,HR,employee onboarding policy,Summarize the main fact about employee onboarding policy from the passage.,The source says that employee onboarding policy is linked to guideline number 13. A priority order is also mentioned in the same passage. The document keeps the explanation focused on the HR use case.,"The key point is that employee onboarding policy is linked to guideline number 13, and the passage also mentions a priority order.","Since employee onboarding policy mentions a priority order, the model concludes an unrelated extra result that does not follow.",Reasoning Error,Medium,Medium,The model uses the available evidence but reaches an incorrect inference.,policy memo
469,Legal,compliance,record keeping,What does the document say about record keeping?,The evidence shows that record keeping is linked to recommended action number 10. A weekly review is also mentioned in the same passage. The document keeps the explanation focused on the compliance use case.,"The key point is that record keeping is linked to recommended action number 10, and the passage also mentions a weekly review.","Since record keeping mentions a weekly review, the model concludes an unrelated extra result that does not follow.",Reasoning Error,Medium,Medium,The model uses the available evidence but reaches an incorrect inference.,knowledge base article
470,Business,HR,employee onboarding,"According to the provided context, what is the key point about employee onboarding?",The evidence shows that employee onboarding is linked to threshold number 7. A time window is also mentioned in the same passage. The document keeps the explanation focused on the HR use case.,"The key point is that employee onboarding is linked to threshold number 7, and the passage also mentions a time window.",The context does not provide enough information to answer confidently.,Missing Context,Medium,Medium,The answer ignores useful evidence that is present in the retrieved context.,policy memo
471,Sports,training,recovery,What is the correct answer regarding recovery?,The document explains that recovery is linked to deadline number 5. A verification step is also mentioned in the same passage. The document keeps the explanation focused on the training use case.,"The key point is that recovery is linked to deadline number 5, and the passage also mentions a verification step.",The answer concerns an unrelated topic and says that recovery is mostly about a different domain.,Retrieval Failure,High,Low,The retrieved context is not relevant enough to answer the question well.,knowledge base article
472,Environment,wildlife,habitat loss,Which detail is supported by the context for habitat loss?,The context indicates that habitat loss is linked to deadline number 1. A verification step is also mentioned in the same passage. The document keeps the explanation focused on the wildlife use case.,"The key point is that habitat loss is linked to deadline number 1, and the passage also mentions a verification step.","The key point is that habitat loss is linked to deadline number 1, but the supporting reference points to another passage.",Wrong Citation,Medium,Medium,"The answer may be correct, but the cited source or evidence reference is incorrect or mismatched.",support ticket
473,Business,HR,employee onboarding policy,Summarize the main fact about employee onboarding policy from the passage.,The document explains that employee onboarding policy is linked to threshold number 2. A exception clause is also mentioned in the same passage. The document keeps the explanation focused on the HR use case.,"The key point is that employee onboarding policy is linked to threshold number 2, and the passage also mentions a exception clause.","Since employee onboarding policy mentions a exception clause, the model concludes an unrelated extra result that does not follow.",Reasoning Error,Medium,Medium,The model uses the available evidence but reaches an incorrect inference.,training note
474,Technology,software design,API rate limiting policy,"According to the provided context, what is the key point about API rate limiting policy?",The evidence shows that API rate limiting policy is linked to threshold number 12. A follow-up action is also mentioned in the same passage. The document keeps the explanation focused on the software design use case.,"The key point is that API rate limiting policy is linked to threshold number 12, and the passage also mentions a follow-up action.",The key point is that API rate limiting policy is linked to threshold number 12.,Partial Answer,Medium,Medium,The response captures the core idea but leaves out an important supporting detail.,FAQ excerpt
475,Science,environmental science,water quality workflow,"According to the provided context, what is the key point about water quality workflow?",The context indicates that water quality workflow is linked to comparison number 12. A required step is also mentioned in the same passage. The document keeps the explanation focused on the environmental science use case.,"The key point is that water quality workflow is linked to comparison number 12, and the passage also mentions a required step.","The key point is that water quality workflow is linked to comparison number 12, and it also causes a completely unsupported major issue.",Hallucination,High,Low,The model adds an unsupported detail that does not appear in the retrieved context.,FAQ excerpt
476,Business,operations,inventory turnover,Summarize the main fact about inventory turnover from the passage.,The source says that inventory turnover is linked to recommended action number 11. A required step is also mentioned in the same passage. The document keeps the explanation focused on the operations use case.,"The key point is that inventory turnover is linked to recommended action number 11, and the passage also mentions a required step.","The key point is that inventory turnover is linked to recommended action number 11, and the passage also mentions a required step.",No Failure,Low,High,The answer is supported by the retrieved context and matches the expected response.,knowledge base article
477,Food,meal planning,portion control benchmark,"According to the provided context, what is the key point about portion control benchmark?",The source says that portion control benchmark is linked to procedure number 15. A weekly review is also mentioned in the same passage. The document keeps the explanation focused on the meal planning use case.,"The key point is that portion control benchmark is linked to procedure number 15, and the passage also mentions a weekly review.","The key point is that portion control benchmark is linked to procedure number 15, and the passage also mentions a weekly review.",No Failure,Low,High,The answer is supported by the retrieved context and matches the expected response.,support ticket
478,Travel,local rules,visa requirements,Summarize the main fact about visa requirements from the passage.,The context indicates that visa requirements is linked to decrease number 5. A best practice is also mentioned in the same passage. The document keeps the explanation focused on the local rules use case.,"The key point is that visa requirements is linked to decrease number 5, and the passage also mentions a best practice.","The key point is that visa requirements is linked to decrease number 5, and it also causes a completely unsupported major issue.",Hallucination,High,Low,The model adds an unsupported detail that does not appear in the retrieved context.,training note
479,Science,chemistry,reaction rate,What is the correct answer regarding reaction rate?,The document explains that reaction rate is linked to recommended action number 3. A follow-up action is also mentioned in the same passage. The document keeps the explanation focused on the chemistry use case.,"The key point is that reaction rate is linked to recommended action number 3, and the passage also mentions a follow-up action.","The key point is that reaction rate is linked to recommended action number 3, and the passage also mentions a follow-up action.",No Failure,Low,High,The answer is supported by the retrieved context and matches the expected response.,training note
480,History,movement,civil rights workflow,Which detail is supported by the context for civil rights workflow?,The document explains that civil rights workflow is linked to recommended action number 5. A exception clause is also mentioned in the same passage. The document keeps the explanation focused on the movement use case.,"The key point is that civil rights workflow is linked to recommended action number 5, and the passage also mentions a exception clause.",The answer concerns an unrelated topic and says that civil rights workflow is mostly about a different domain.,Retrieval Failure,High,Low,The retrieved context is not relevant enough to answer the question well.,support ticket
481,Science,physics,force and motion guidance,Which detail is supported by the context for force and motion guidance?,The document explains that force and motion guidance is linked to guideline number 13. A follow-up action is also mentioned in the same passage. The document keeps the explanation focused on the physics use case.,"The key point is that force and motion guidance is linked to guideline number 13, and the passage also mentions a follow-up action.","Since force and motion guidance mentions a follow-up action, the model concludes an unrelated extra result that does not follow.",Reasoning Error,Medium,Medium,The model uses the available evidence but reaches an incorrect inference.,knowledge base article
482,History,movement,civil rights guidance,What does the document say about civil rights guidance?,The evidence shows that civil rights guidance is linked to guideline number 1. A required step is also mentioned in the same passage. The document keeps the explanation focused on the movement use case.,"The key point is that civil rights guidance is linked to guideline number 1, and the passage also mentions a required step.","The key point is that civil rights guidance is linked to guideline number 1, and the passage also mentions a required step.",No Failure,Low,High,The answer is supported by the retrieved context and matches the expected response.,FAQ excerpt
483,Science,physics,force and motion,"According to the provided context, what is the key point about force and motion?",The source says that force and motion is linked to decrease number 16. A verification step is also mentioned in the same passage. The document keeps the explanation focused on the physics use case.,"The key point is that force and motion is linked to decrease number 16, and the passage also mentions a verification step.","The key point is that force and motion is linked to decrease number 16, but the supporting reference points to another passage.",Wrong Citation,Medium,Medium,"The answer may be correct, but the cited source or evidence reference is incorrect or mismatched.",FAQ excerpt
484,History,movement,civil rights,What is the correct answer regarding civil rights?,The evidence shows that civil rights is linked to decrease number 3. A weekly review is also mentioned in the same passage. The document keeps the explanation focused on the movement use case.,"The key point is that civil rights is linked to decrease number 3, and the passage also mentions a weekly review.","Since civil rights mentions a weekly review, the model concludes an unrelated extra result that does not follow.",Reasoning Error,Medium,Medium,The model uses the available evidence but reaches an incorrect inference.,policy memo
485,Education,course selection,statistics,What does the document say about statistics?,The document explains that statistics is linked to threshold number 8. A best practice is also mentioned in the same passage. The document keeps the explanation focused on the course selection use case.,"The key point is that statistics is linked to threshold number 8, and the passage also mentions a best practice.","The key point is that statistics is linked to threshold number 8, but the supporting reference points to another passage.",Wrong Citation,Medium,Medium,"The answer may be correct, but the cited source or evidence reference is incorrect or mismatched.",support ticket
486,Finance,credit,credit score,Which detail is supported by the context for credit score?,The source says that credit score is linked to warning sign number 17. A follow-up action is also mentioned in the same passage. The document keeps the explanation focused on the credit use case.,"The key point is that credit score is linked to warning sign number 17, and the passage also mentions a follow-up action.","The key point is that credit score is linked to warning sign number 17, but the supporting reference points to another passage.",Wrong Citation,Medium,Medium,"The answer may be correct, but the cited source or evidence reference is incorrect or mismatched.",knowledge base article
487,Finance,budgeting,monthly expenses,Summarize the main fact about monthly expenses from the passage.,The passage states that monthly expenses is linked to deadline number 13. A required step is also mentioned in the same passage. The document keeps the explanation focused on the budgeting use case.,"The key point is that monthly expenses is linked to deadline number 13, and the passage also mentions a required step.",The answer concerns an unrelated topic and says that monthly expenses is mostly about a different domain.,Retrieval Failure,High,Low,The retrieved context is not relevant enough to answer the question well.,knowledge base article
488,History,culture,trade routes workflow,What is the correct answer regarding trade routes workflow?,The source says that trade routes workflow is linked to warning sign number 17. A verification step is also mentioned in the same passage. The document keeps the explanation focused on the culture use case.,"The key point is that trade routes workflow is linked to warning sign number 17, and the passage also mentions a verification step.",The context does not provide enough information to answer confidently.,Missing Context,Medium,Medium,The answer ignores useful evidence that is present in the retrieved context.,knowledge base article
489,History,conflict,world war II overview,Which detail is supported by the context for world war II overview?,The evidence shows that world war II overview is linked to increase number 14. A follow-up action is also mentioned in the same passage. The document keeps the explanation focused on the conflict use case.,"The key point is that world war II overview is linked to increase number 14, and the passage also mentions a follow-up action.",The key point is that world war II overview is linked to increase number 14.,Partial Answer,Medium,Medium,The response captures the core idea but leaves out an important supporting detail.,training note
490,History,culture,trade routes overview,Which detail is supported by the context for trade routes overview?,The context indicates that trade routes overview is linked to decrease number 5. A weekly review is also mentioned in the same passage. The document keeps the explanation focused on the culture use case.,"The key point is that trade routes overview is linked to decrease number 5, and the passage also mentions a weekly review.",The answer concerns an unrelated topic and says that trade routes overview is mostly about a different domain.,Retrieval Failure,High,Low,The retrieved context is not relevant enough to answer the question well.,support ticket
491,Legal,contract clause,termination workflow,What does the document say about termination workflow?,The evidence shows that termination workflow is linked to recommended action number 12. A estimated cost is also mentioned in the same passage. The document keeps the explanation focused on the contract clause use case.,"The key point is that termination workflow is linked to recommended action number 12, and the passage also mentions a estimated cost.","The key point is that termination workflow is linked to recommended action number 12, and the passage also mentions a estimated cost.",No Failure,Low,High,The answer is supported by the retrieved context and matches the expected response.,training note
492,Business,operations,inventory turnover overview,"According to the provided context, what is the key point about inventory turnover overview?",The source says that inventory turnover overview is linked to threshold number 7. A risk factor is also mentioned in the same passage. The document keeps the explanation focused on the operations use case.,"The key point is that inventory turnover overview is linked to threshold number 7, and the passage also mentions a risk factor.",The key point is that inventory turnover overview is linked to threshold number 7.,Partial Answer,Medium,Medium,The response captures the core idea but leaves out an important supporting detail.,knowledge base article
493,Education,study plan,final revision benchmark,Which detail is supported by the context for final revision benchmark?,The passage states that final revision benchmark is linked to threshold number 1. A risk factor is also mentioned in the same passage. The document keeps the explanation focused on the study plan use case.,"The key point is that final revision benchmark is linked to threshold number 1, and the passage also mentions a risk factor.",The context does not provide enough information to answer confidently.,Missing Context,Medium,Medium,The answer ignores useful evidence that is present in the retrieved context.,training note
494,Legal,consumer rights,refund policy,"According to the provided context, what is the key point about refund policy?",The evidence shows that refund policy is linked to warning sign number 9. A required step is also mentioned in the same passage. The document keeps the explanation focused on the consumer rights use case.,"The key point is that refund policy is linked to warning sign number 9, and the passage also mentions a required step.",The answer concerns an unrelated topic and says that refund policy is mostly about a different domain.,Retrieval Failure,High,Low,The retrieved context is not relevant enough to answer the question well.,support ticket
495,Science,astronomy,exoplanets,Which detail is supported by the context for exoplanets?,The document explains that exoplanets is linked to comparison number 15. A best practice is also mentioned in the same passage. The document keeps the explanation focused on the astronomy use case.,"The key point is that exoplanets is linked to comparison number 15, and the passage also mentions a best practice.","The key point is that exoplanets is linked to comparison number 15, and the passage also mentions a best practice.",No Failure,Low,High,The answer is supported by the retrieved context and matches the expected response.,knowledge base article
496,Finance,banking,loan repayment guidance,Summarize the main fact about loan repayment guidance from the passage.,The evidence shows that loan repayment guidance is linked to comparison number 12. A verification step is also mentioned in the same passage. The document keeps the explanation focused on the banking use case.,"The key point is that loan repayment guidance is linked to comparison number 12, and the passage also mentions a verification step.","The key point is that loan repayment guidance is linked to comparison number 12, and the passage also mentions a verification step.",No Failure,Low,High,The answer is supported by the retrieved context and matches the expected response.,knowledge base article
497,Healthcare,medication,asthma,Summarize the main fact about asthma from the passage.,The passage states that asthma is linked to procedure number 8. A exception clause is also mentioned in the same passage. The document keeps the explanation focused on the medication use case.,"The key point is that asthma is linked to procedure number 8, and the passage also mentions a exception clause.","The key point is that asthma is linked to procedure number 8, and the passage also mentions a exception clause.",No Failure,Low,High,The answer is supported by the retrieved context and matches the expected response.,training note
498,Healthcare,medication,asthma overview,Which detail is supported by the context for asthma overview?,The passage states that asthma overview is linked to deadline number 2. A risk factor is also mentioned in the same passage. The document keeps the explanation focused on the medication use case.,"The key point is that asthma overview is linked to deadline number 2, and the passage also mentions a risk factor.",The context does not provide enough information to answer confidently.,Missing Context,Medium,Medium,The answer ignores useful evidence that is present in the retrieved context.,support ticket
499,Technology,cloud,auto scaling,What is the correct answer regarding auto scaling?,The context indicates that auto scaling is linked to procedure number 7. A required step is also mentioned in the same passage. The document keeps the explanation focused on the cloud use case.,"The key point is that auto scaling is linked to procedure number 7, and the passage also mentions a required step.",The context does not provide enough information to answer confidently.,Missing Context,Medium,Medium,The answer ignores useful evidence that is present in the retrieved context.,policy memo
500,Environment,waste,recycling,What is the correct answer regarding recycling?,The document explains that recycling is linked to decrease number 10. A estimated cost is also mentioned in the same passage. The document keeps the explanation focused on the waste use case.,"The key point is that recycling is linked to decrease number 10, and the passage also mentions a estimated cost.","The key point is that recycling is linked to decrease number 10, and the passage also mentions a estimated cost.",No Failure,Low,High,The answer is supported by the retrieved context and matches the expected response.,policy memo
501,Sports,player performance,stamina,What is the correct answer regarding stamina?,The document explains that stamina is linked to procedure number 14. A time window is also mentioned in the same passage. The document keeps the explanation focused on the player performance use case.,"The key point is that stamina is linked to procedure number 14, and the passage also mentions a time window.","The key point is that stamina is linked to procedure number 14, and it also causes a completely unsupported major issue.",Hallucination,High,Low,The model adds an unsupported detail that does not appear in the retrieved context.,policy memo
502,Science,chemistry,reaction rate workflow,What does the document say about reaction rate workflow?,The document explains that reaction rate workflow is linked to deadline number 9. A follow-up action is also mentioned in the same passage. The document keeps the explanation focused on the chemistry use case.,"The key point is that reaction rate workflow is linked to deadline number 9, and the passage also mentions a follow-up action.","The key point is that reaction rate workflow is linked to deadline number 9, but the supporting reference points to another passage.",Wrong Citation,Medium,Medium,"The answer may be correct, but the cited source or evidence reference is incorrect or mismatched.",support ticket
503,Legal,intellectual property,copyright overview,Summarize the main fact about copyright overview from the passage.,The document explains that copyright overview is linked to increase number 12. A weekly review is also mentioned in the same passage. The document keeps the explanation focused on the intellectual property use case.,"The key point is that copyright overview is linked to increase number 12, and the passage also mentions a weekly review.","The key point is that copyright overview is linked to increase number 12, but the supporting reference points to another passage.",Wrong Citation,Medium,Medium,"The answer may be correct, but the cited source or evidence reference is incorrect or mismatched.",knowledge base article
504,Food,cooking,spices guidance,Which detail is supported by the context for spices guidance?,The source says that spices guidance is linked to procedure number 8. A time window is also mentioned in the same passage. The document keeps the explanation focused on the cooking use case.,"The key point is that spices guidance is linked to procedure number 8, and the passage also mentions a time window.",The context does not provide enough information to answer confidently.,Missing Context,Medium,Medium,The answer ignores useful evidence that is present in the retrieved context.,policy memo
505,Technology,machine learning,overfitting,Which detail is supported by the context for overfitting?,The context indicates that overfitting is linked to deadline number 4. A best practice is also mentioned in the same passage. The document keeps the explanation focused on the machine learning use case.,"The key point is that overfitting is linked to deadline number 4, and the passage also mentions a best practice.","The key point is that overfitting is linked to deadline number 4, and the passage also mentions a best practice.",No Failure,Low,High,The answer is supported by the retrieved context and matches the expected response.,training note
506,Healthcare,lab results,anemia,What is the correct answer regarding anemia?,The document explains that anemia is linked to warning sign number 11. A exception clause is also mentioned in the same passage. The document keeps the explanation focused on the lab results use case.,"The key point is that anemia is linked to warning sign number 11, and the passage also mentions a exception clause.","Since anemia mentions a exception clause, the model concludes an unrelated extra result that does not follow.",Reasoning Error,Medium,Medium,The model uses the available evidence but reaches an incorrect inference.,policy memo
507,Finance,tax,capital gains,Summarize the main fact about capital gains from the passage.,The document explains that capital gains is linked to procedure number 13. A time window is also mentioned in the same passage. The document keeps the explanation focused on the tax use case.,"The key point is that capital gains is linked to procedure number 13, and the passage also mentions a time window.","The key point is that capital gains is linked to procedure number 13, and it also causes a completely unsupported major issue.",Hallucination,High,Low,The model adds an unsupported detail that does not appear in the retrieved context.,FAQ excerpt
508,Finance,tax,capital gains,Summarize the main fact about capital gains from the passage.,The context indicates that capital gains is linked to comparison number 2. A weekly review is also mentioned in the same passage. The document keeps the explanation focused on the tax use case.,"The key point is that capital gains is linked to comparison number 2, and the passage also mentions a weekly review.",The key point is that capital gains is linked to comparison number 2.,Partial Answer,Medium,Medium,The response captures the core idea but leaves out an important supporting detail.,knowledge base article
509,Finance,risk,emergency fund overview,What is the correct answer regarding emergency fund overview?,The passage states that emergency fund overview is linked to deadline number 12. A best practice is also mentioned in the same passage. The document keeps the explanation focused on the risk use case.,"The key point is that emergency fund overview is linked to deadline number 12, and the passage also mentions a best practice.",The context does not provide enough information to answer confidently.,Missing Context,Medium,Medium,The answer ignores useful evidence that is present in the retrieved context.,knowledge base article
510,Finance,budgeting,monthly expenses,"According to the provided context, what is the key point about monthly expenses?",The source says that monthly expenses is linked to guideline number 15. A best practice is also mentioned in the same passage. The document keeps the explanation focused on the budgeting use case.,"The key point is that monthly expenses is linked to guideline number 15, and the passage also mentions a best practice.","The key point is that monthly expenses is linked to guideline number 15, and it also causes a completely unsupported major issue.",Hallucination,High,Low,The model adds an unsupported detail that does not appear in the retrieved context.,knowledge base article
511,Travel,transport,rail schedules overview,Summarize the main fact about rail schedules overview from the passage.,The context indicates that rail schedules overview is linked to warning sign number 3. A estimated cost is also mentioned in the same passage. The document keeps the explanation focused on the transport use case.,"The key point is that rail schedules overview is linked to warning sign number 3, and the passage also mentions a estimated cost.",The key point is that rail schedules overview is linked to warning sign number 3.,Partial Answer,Medium,Medium,The response captures the core idea but leaves out an important supporting detail.,knowledge base article
512,History,conflict,world war II,What is the correct answer regarding world war II?,The document explains that world war II is linked to warning sign number 13. A risk factor is also mentioned in the same passage. The document keeps the explanation focused on the conflict use case.,"The key point is that world war II is linked to warning sign number 13, and the passage also mentions a risk factor.","The key point is that world war II is linked to warning sign number 13, but the supporting reference points to another passage.",Wrong Citation,Medium,Medium,"The answer may be correct, but the cited source or evidence reference is incorrect or mismatched.",FAQ excerpt
513,Environment,energy,solar adoption policy,What is the correct answer regarding solar adoption policy?,The context indicates that solar adoption policy is linked to guideline number 17. A exception clause is also mentioned in the same passage. The document keeps the explanation focused on the energy use case.,"The key point is that solar adoption policy is linked to guideline number 17, and the passage also mentions a exception clause.","The key point is that solar adoption policy is linked to guideline number 17, and the passage also mentions a exception clause.",No Failure,Low,High,The answer is supported by the retrieved context and matches the expected response.,training note
514,Science,physics,force and motion,Which detail is supported by the context for force and motion?,The document explains that force and motion is linked to guideline number 13. A verification step is also mentioned in the same passage. The document keeps the explanation focused on the physics use case.,"The key point is that force and motion is linked to guideline number 13, and the passage also mentions a verification step.","The key point is that force and motion is linked to guideline number 13, but the supporting reference points to another passage.",Wrong Citation,Medium,Medium,"The answer may be correct, but the cited source or evidence reference is incorrect or mismatched.",training note
515,Finance,risk,emergency fund,What does the document say about emergency fund?,The context indicates that emergency fund is linked to causal factor number 15. A estimated cost is also mentioned in the same passage. The document keeps the explanation focused on the risk use case.,"The key point is that emergency fund is linked to causal factor number 15, and the passage also mentions a estimated cost.",The answer concerns an unrelated topic and says that emergency fund is mostly about a different domain.,Retrieval Failure,High,Low,The retrieved context is not relevant enough to answer the question well.,FAQ excerpt
516,Science,earth science,climate patterns,What does the document say about climate patterns?,The passage states that climate patterns is linked to warning sign number 14. A follow-up action is also mentioned in the same passage. The document keeps the explanation focused on the earth science use case.,"The key point is that climate patterns is linked to warning sign number 14, and the passage also mentions a follow-up action.","The key point is that climate patterns is linked to warning sign number 14, but the supporting reference points to another passage.",Wrong Citation,Medium,Medium,"The answer may be correct, but the cited source or evidence reference is incorrect or mismatched.",support ticket
517,Legal,intellectual property,copyright,Which detail is supported by the context for copyright?,The context indicates that copyright is linked to decrease number 13. A estimated cost is also mentioned in the same passage. The document keeps the explanation focused on the intellectual property use case.,"The key point is that copyright is linked to decrease number 13, and the passage also mentions a estimated cost.","The key point is that copyright is linked to decrease number 13, and the passage also mentions a estimated cost.",No Failure,Low,High,The answer is supported by the retrieved context and matches the expected response.,training note
518,Business,HR,employee onboarding policy,"According to the provided context, what is the key point about employee onboarding policy?",The evidence shows that employee onboarding policy is linked to recommended action number 16. A best practice is also mentioned in the same passage. The document keeps the explanation focused on the HR use case.,"The key point is that employee onboarding policy is linked to recommended action number 16, and the passage also mentions a best practice.",The key point is that employee onboarding policy is linked to recommended action number 16.,Partial Answer,Medium,Medium,The response captures the core idea but leaves out an important supporting detail.,policy memo
519,Business,marketing,customer retention,Which detail is supported by the context for customer retention?,The source says that customer retention is linked to warning sign number 7. A follow-up action is also mentioned in the same passage. The document keeps the explanation focused on the marketing use case.,"The key point is that customer retention is linked to warning sign number 7, and the passage also mentions a follow-up action.","The key point is that customer retention is linked to warning sign number 7, and it also causes a completely unsupported major issue.",Hallucination,High,Low,The model adds an unsupported detail that does not appear in the retrieved context.,policy memo
520,Environment,water,contamination guidance,Which detail is supported by the context for contamination guidance?,The context indicates that contamination guidance is linked to comparison number 10. A priority order is also mentioned in the same passage. The document keeps the explanation focused on the water use case.,"The key point is that contamination guidance is linked to comparison number 10, and the passage also mentions a priority order.","Since contamination guidance mentions a priority order, the model concludes an unrelated extra result that does not follow.",Reasoning Error,Medium,Medium,The model uses the available evidence but reaches an incorrect inference.,knowledge base article
521,Sports,training,recovery workflow,Summarize the main fact about recovery workflow from the passage.,The source says that recovery workflow is linked to recommended action number 7. A required step is also mentioned in the same passage. The document keeps the explanation focused on the training use case.,"The key point is that recovery workflow is linked to recommended action number 7, and the passage also mentions a required step.","The key point is that recovery workflow is not linked to recommended action number 7; instead, it is linked to the opposite outcome.",Contradiction,High,Low,The answer directly conflicts with the information in the retrieved context.,support ticket
522,Education,learning strategy,note taking,What does the document say about note taking?,The source says that note taking is linked to guideline number 17. A follow-up action is also mentioned in the same passage. The document keeps the explanation focused on the learning strategy use case.,"The key point is that note taking is linked to guideline number 17, and the passage also mentions a follow-up action.",The key point is that note taking is linked to guideline number 17.,Partial Answer,Medium,Medium,The response captures the core idea but leaves out an important supporting detail.,support ticket
523,Technology,software design,API rate limiting,What is the correct answer regarding API rate limiting?,The document explains that API rate limiting is linked to causal factor number 14. A exception clause is also mentioned in the same passage. The document keeps the explanation focused on the software design use case.,"The key point is that API rate limiting is linked to causal factor number 14, and the passage also mentions a exception clause.","Since API rate limiting mentions a exception clause, the model concludes an unrelated extra result that does not follow.",Reasoning Error,Medium,Medium,The model uses the available evidence but reaches an incorrect inference.,FAQ excerpt
524,Legal,consumer rights,refund policy policy,"According to the provided context, what is the key point about refund policy policy?",The document explains that refund policy policy is linked to guideline number 3. A best practice is also mentioned in the same passage. The document keeps the explanation focused on the consumer rights use case.,"The key point is that refund policy policy is linked to guideline number 3, and the passage also mentions a best practice.","The key point is that refund policy policy is not linked to guideline number 3; instead, it is linked to the opposite outcome.",Contradiction,High,Low,The answer directly conflicts with the information in the retrieved context.,training note
525,Business,HR,employee onboarding,Which detail is supported by the context for employee onboarding?,The passage states that employee onboarding is linked to guideline number 4. A weekly review is also mentioned in the same passage. The document keeps the explanation focused on the HR use case.,"The key point is that employee onboarding is linked to guideline number 4, and the passage also mentions a weekly review.","The key point is that employee onboarding is linked to guideline number 4, but the supporting reference points to another passage.",Wrong Citation,Medium,Medium,"The answer may be correct, but the cited source or evidence reference is incorrect or mismatched.",support ticket
526,Finance,investment,index funds policy,Summarize the main fact about index funds policy from the passage.,The document explains that index funds policy is linked to increase number 9. A best practice is also mentioned in the same passage. The document keeps the explanation focused on the investment use case.,"The key point is that index funds policy is linked to increase number 9, and the passage also mentions a best practice.","The key point is that index funds policy is linked to increase number 9, and the passage also mentions a best practice.",No Failure,Low,High,The answer is supported by the retrieved context and matches the expected response.,FAQ excerpt
527,Finance,tax,capital gains,"According to the provided context, what is the key point about capital gains?",The passage states that capital gains is linked to procedure number 8. A priority order is also mentioned in the same passage. The document keeps the explanation focused on the tax use case.,"The key point is that capital gains is linked to procedure number 8, and the passage also mentions a priority order.","The key point is that capital gains is linked to procedure number 8, and it also causes a completely unsupported major issue.",Hallucination,High,Low,The model adds an unsupported detail that does not appear in the retrieved context.,training note
528,Food,nutrition,protein intake benchmark,Summarize the main fact about protein intake benchmark from the passage.,The passage states that protein intake benchmark is linked to procedure number 1. A best practice is also mentioned in the same passage. The document keeps the explanation focused on the nutrition use case.,"The key point is that protein intake benchmark is linked to procedure number 1, and the passage also mentions a best practice.","The key point is that protein intake benchmark is linked to procedure number 1, and it also causes a completely unsupported major issue.",Hallucination,High,Low,The model adds an unsupported detail that does not appear in the retrieved context.,policy memo
529,Science,chemistry,reaction rate benchmark,What is the correct answer regarding reaction rate benchmark?,The document explains that reaction rate benchmark is linked to threshold number 10. A verification step is also mentioned in the same passage. The document keeps the explanation focused on the chemistry use case.,"The key point is that reaction rate benchmark is linked to threshold number 10, and the passage also mentions a verification step.","The key point is that reaction rate benchmark is linked to threshold number 10, but the supporting reference points to another passage.",Wrong Citation,Medium,Medium,"The answer may be correct, but the cited source or evidence reference is incorrect or mismatched.",support ticket
530,History,culture,trade routes,Which detail is supported by the context for trade routes?,The source says that trade routes is linked to causal factor number 3. A follow-up action is also mentioned in the same passage. The document keeps the explanation focused on the culture use case.,"The key point is that trade routes is linked to causal factor number 3, and the passage also mentions a follow-up action.","The key point is that trade routes is linked to causal factor number 3, but the supporting reference points to another passage.",Wrong Citation,Medium,Medium,"The answer may be correct, but the cited source or evidence reference is incorrect or mismatched.",training note
531,History,culture,trade routes,What does the document say about trade routes?,The source says that trade routes is linked to guideline number 15. A required step is also mentioned in the same passage. The document keeps the explanation focused on the culture use case.,"The key point is that trade routes is linked to guideline number 15, and the passage also mentions a required step.","The key point is that trade routes is linked to guideline number 15, and it also causes a completely unsupported major issue.",Hallucination,High,Low,The model adds an unsupported detail that does not appear in the retrieved context.,training note
532,Legal,contract clause,termination guidance,What does the document say about termination guidance?,The evidence shows that termination guidance is linked to threshold number 8. A estimated cost is also mentioned in the same passage. The document keeps the explanation focused on the contract clause use case.,"The key point is that termination guidance is linked to threshold number 8, and the passage also mentions a estimated cost.",The answer concerns an unrelated topic and says that termination guidance is mostly about a different domain.,Retrieval Failure,High,Low,The retrieved context is not relevant enough to answer the question well.,training note
533,Business,product,feature prioritization,What is the correct answer regarding feature prioritization?,The document explains that feature prioritization is linked to comparison number 17. A risk factor is also mentioned in the same passage. The document keeps the explanation focused on the product use case.,"The key point is that feature prioritization is linked to comparison number 17, and the passage also mentions a risk factor.",The key point is that feature prioritization is linked to comparison number 17.,Partial Answer,Medium,Medium,The response captures the core idea but leaves out an important supporting detail.,policy memo
534,Science,chemistry,reaction rate benchmark,Which detail is supported by the context for reaction rate benchmark?,The source says that reaction rate benchmark is linked to guideline number 7. A estimated cost is also mentioned in the same passage. The document keeps the explanation focused on the chemistry use case.,"The key point is that reaction rate benchmark is linked to guideline number 7, and the passage also mentions a estimated cost.","Since reaction rate benchmark mentions a estimated cost, the model concludes an unrelated extra result that does not follow.",Reasoning Error,Medium,Medium,The model uses the available evidence but reaches an incorrect inference.,policy memo
535,History,leader,mauryan empire benchmark,"According to the provided context, what is the key point about mauryan empire benchmark?",The context indicates that mauryan empire benchmark is linked to procedure number 1. A estimated cost is also mentioned in the same passage. The document keeps the explanation focused on the leader use case.,"The key point is that mauryan empire benchmark is linked to procedure number 1, and the passage also mentions a estimated cost.","The key point is that mauryan empire benchmark is not linked to procedure number 1; instead, it is linked to the opposite outcome.",Contradiction,High,Low,The answer directly conflicts with the information in the retrieved context.,FAQ excerpt
536,Science,chemistry,reaction rate,"According to the provided context, what is the key point about reaction rate?",The context indicates that reaction rate is linked to causal factor number 4. A weekly review is also mentioned in the same passage. The document keeps the explanation focused on the chemistry use case.,"The key point is that reaction rate is linked to causal factor number 4, and the passage also mentions a weekly review.","The key point is that reaction rate is linked to causal factor number 4, and the passage also mentions a weekly review.",No Failure,Low,High,The answer is supported by the retrieved context and matches the expected response.,knowledge base article
537,Sports,training,recovery guidance,What does the document say about recovery guidance?,The context indicates that recovery guidance is linked to procedure number 17. A estimated cost is also mentioned in the same passage. The document keeps the explanation focused on the training use case.,"The key point is that recovery guidance is linked to procedure number 17, and the passage also mentions a estimated cost.","The key point is that recovery guidance is linked to procedure number 17, and it also causes a completely unsupported major issue.",Hallucination,High,Low,The model adds an unsupported detail that does not appear in the retrieved context.,training note
538,Finance,investment,index funds,"According to the provided context, what is the key point about index funds?",The context indicates that index funds is linked to recommended action number 17. A time window is also mentioned in the same passage. The document keeps the explanation focused on the investment use case.,"The key point is that index funds is linked to recommended action number 17, and the passage also mentions a time window.","Since index funds mentions a time window, the model concludes an unrelated extra result that does not follow.",Reasoning Error,Medium,Medium,The model uses the available evidence but reaches an incorrect inference.,policy memo
539,Education,concept,machine learning,What does the document say about machine learning?,The context indicates that machine learning is linked to deadline number 16. A weekly review is also mentioned in the same passage. The document keeps the explanation focused on the concept use case.,"The key point is that machine learning is linked to deadline number 16, and the passage also mentions a weekly review.","The key point is that machine learning is not linked to deadline number 16; instead, it is linked to the opposite outcome.",Contradiction,High,Low,The answer directly conflicts with the information in the retrieved context.,support ticket
540,History,movement,civil rights policy,Summarize the main fact about civil rights policy from the passage.,The document explains that civil rights policy is linked to guideline number 14. A priority order is also mentioned in the same passage. The document keeps the explanation focused on the movement use case.,"The key point is that civil rights policy is linked to guideline number 14, and the passage also mentions a priority order.","The key point is that civil rights policy is linked to guideline number 14, but the supporting reference points to another passage.",Wrong Citation,Medium,Medium,"The answer may be correct, but the cited source or evidence reference is incorrect or mismatched.",policy memo
541,History,movement,civil rights,What does the document say about civil rights?,The evidence shows that civil rights is linked to deadline number 11. A exception clause is also mentioned in the same passage. The document keeps the explanation focused on the movement use case.,"The key point is that civil rights is linked to deadline number 11, and the passage also mentions a exception clause.",The key point is that civil rights is linked to deadline number 11.,Partial Answer,Medium,Medium,The response captures the core idea but leaves out an important supporting detail.,policy memo
542,Environment,air quality,particulate matter,"According to the provided context, what is the key point about particulate matter?",The passage states that particulate matter is linked to comparison number 2. A required step is also mentioned in the same passage. The document keeps the explanation focused on the air quality use case.,"The key point is that particulate matter is linked to comparison number 2, and the passage also mentions a required step.","The key point is that particulate matter is linked to comparison number 2, but the supporting reference points to another passage.",Wrong Citation,Medium,Medium,"The answer may be correct, but the cited source or evidence reference is incorrect or mismatched.",training note
543,Science,physics,force and motion,Summarize the main fact about force and motion from the passage.,The passage states that force and motion is linked to guideline number 15. A required step is also mentioned in the same passage. The document keeps the explanation focused on the physics use case.,"The key point is that force and motion is linked to guideline number 15, and the passage also mentions a required step.","The key point is that force and motion is linked to guideline number 15, and it also causes a completely unsupported major issue.",Hallucination,High,Low,The model adds an unsupported detail that does not appear in the retrieved context.,support ticket
544,Finance,investment,index funds,What does the document say about index funds?,The passage states that index funds is linked to comparison number 3. A best practice is also mentioned in the same passage. The document keeps the explanation focused on the investment use case.,"The key point is that index funds is linked to comparison number 3, and the passage also mentions a best practice.","Since index funds mentions a best practice, the model concludes an unrelated extra result that does not follow.",Reasoning Error,Medium,Medium,The model uses the available evidence but reaches an incorrect inference.,support ticket
545,Food,cooking,spices,Which detail is supported by the context for spices?,The source says that spices is linked to increase number 11. A verification step is also mentioned in the same passage. The document keeps the explanation focused on the cooking use case.,"The key point is that spices is linked to increase number 11, and the passage also mentions a verification step.","The key point is that spices is not linked to increase number 11; instead, it is linked to the opposite outcome.",Contradiction,High,Low,The answer directly conflicts with the information in the retrieved context.,FAQ excerpt
546,History,conflict,world war II workflow,"According to the provided context, what is the key point about world war II workflow?",The context indicates that world war II workflow is linked to causal factor number 5. A estimated cost is also mentioned in the same passage. The document keeps the explanation focused on the conflict use case.,"The key point is that world war II workflow is linked to causal factor number 5, and the passage also mentions a estimated cost.","The key point is that world war II workflow is linked to causal factor number 5, but the supporting reference points to another passage.",Wrong Citation,Medium,Medium,"The answer may be correct, but the cited source or evidence reference is incorrect or mismatched.",knowledge base article
547,Sports,player performance,stamina,Which detail is supported by the context for stamina?,The passage states that stamina is linked to causal factor number 17. A follow-up action is also mentioned in the same passage. The document keeps the explanation focused on the player performance use case.,"The key point is that stamina is linked to causal factor number 17, and the passage also mentions a follow-up action.",The answer concerns an unrelated topic and says that stamina is mostly about a different domain.,Retrieval Failure,High,Low,The retrieved context is not relevant enough to answer the question well.,training note
548,History,leader,mauryan empire policy,Which detail is supported by the context for mauryan empire policy?,The source says that mauryan empire policy is linked to recommended action number 10. A time window is also mentioned in the same passage. The document keeps the explanation focused on the leader use case.,"The key point is that mauryan empire policy is linked to recommended action number 10, and the passage also mentions a time window.","The key point is that mauryan empire policy is linked to recommended action number 10, but the supporting reference points to another passage.",Wrong Citation,Medium,Medium,"The answer may be correct, but the cited source or evidence reference is incorrect or mismatched.",FAQ excerpt
549,Finance,budgeting,monthly expenses,Summarize the main fact about monthly expenses from the passage.,The evidence shows that monthly expenses is linked to warning sign number 15. A estimated cost is also mentioned in the same passage. The document keeps the explanation focused on the budgeting use case.,"The key point is that monthly expenses is linked to warning sign number 15, and the passage also mentions a estimated cost.","The key point is that monthly expenses is not linked to warning sign number 15; instead, it is linked to the opposite outcome.",Contradiction,High,Low,The answer directly conflicts with the information in the retrieved context.,training note
550,Legal,employment,notice period overview,What is the correct answer regarding notice period overview?,The document explains that notice period overview is linked to decrease number 16. A risk factor is also mentioned in the same passage. The document keeps the explanation focused on the employment use case.,"The key point is that notice period overview is linked to decrease number 16, and the passage also mentions a risk factor.","The key point is that notice period overview is linked to decrease number 16, and it also causes a completely unsupported major issue.",Hallucination,High,Low,The model adds an unsupported detail that does not appear in the retrieved context.,FAQ excerpt
551,History,event,industrial revolution workflow,Summarize the main fact about industrial revolution workflow from the passage.,The passage states that industrial revolution workflow is linked to increase number 10. A priority order is also mentioned in the same passage. The document keeps the explanation focused on the event use case.,"The key point is that industrial revolution workflow is linked to increase number 10, and the passage also mentions a priority order.","Since industrial revolution workflow mentions a priority order, the model concludes an unrelated extra result that does not follow.",Reasoning Error,Medium,Medium,The model uses the available evidence but reaches an incorrect inference.,support ticket
552,Sports,training,recovery workflow,Which detail is supported by the context for recovery workflow?,The passage states that recovery workflow is linked to comparison number 13. A estimated cost is also mentioned in the same passage. The document keeps the explanation focused on the training use case.,"The key point is that recovery workflow is linked to comparison number 13, and the passage also mentions a estimated cost.",The answer concerns an unrelated topic and says that recovery workflow is mostly about a different domain.,Retrieval Failure,High,Low,The retrieved context is not relevant enough to answer the question well.,FAQ excerpt
553,Finance,risk,emergency fund,"According to the provided context, what is the key point about emergency fund?",The context indicates that emergency fund is linked to recommended action number 17. A required step is also mentioned in the same passage. The document keeps the explanation focused on the risk use case.,"The key point is that emergency fund is linked to recommended action number 17, and the passage also mentions a required step.","Since emergency fund mentions a required step, the model concludes an unrelated extra result that does not follow.",Reasoning Error,Medium,Medium,The model uses the available evidence but reaches an incorrect inference.,policy memo
554,Healthcare,medication,asthma policy,Summarize the main fact about asthma policy from the passage.,The passage states that asthma policy is linked to warning sign number 9. A best practice is also mentioned in the same passage. The document keeps the explanation focused on the medication use case.,"The key point is that asthma policy is linked to warning sign number 9, and the passage also mentions a best practice.",The context does not provide enough information to answer confidently.,Missing Context,Medium,Medium,The answer ignores useful evidence that is present in the retrieved context.,training note
555,Business,product,feature prioritization,Which detail is supported by the context for feature prioritization?,The source says that feature prioritization is linked to threshold number 13. A weekly review is also mentioned in the same passage. The document keeps the explanation focused on the product use case.,"The key point is that feature prioritization is linked to threshold number 13, and the passage also mentions a weekly review.",The key point is that feature prioritization is linked to threshold number 13.,Partial Answer,Medium,Medium,The response captures the core idea but leaves out an important supporting detail.,policy memo
556,Education,concept,machine learning overview,What does the document say about machine learning overview?,The source says that machine learning overview is linked to threshold number 15. A risk factor is also mentioned in the same passage. The document keeps the explanation focused on the concept use case.,"The key point is that machine learning overview is linked to threshold number 15, and the passage also mentions a risk factor.",The key point is that machine learning overview is linked to threshold number 15.,Partial Answer,Medium,Medium,The response captures the core idea but leaves out an important supporting detail.,policy memo
557,Travel,safety,emergency contacts,Which detail is supported by the context for emergency contacts?,The passage states that emergency contacts is linked to procedure number 8. A time window is also mentioned in the same passage. The document keeps the explanation focused on the safety use case.,"The key point is that emergency contacts is linked to procedure number 8, and the passage also mentions a time window.",The context does not provide enough information to answer confidently.,Missing Context,Medium,Medium,The answer ignores useful evidence that is present in the retrieved context.,training note
558,Finance,risk,emergency fund,"According to the provided context, what is the key point about emergency fund?",The context indicates that emergency fund is linked to guideline number 3. A risk factor is also mentioned in the same passage. The document keeps the explanation focused on the risk use case.,"The key point is that emergency fund is linked to guideline number 3, and the passage also mentions a risk factor.","The key point is that emergency fund is linked to guideline number 3, but the supporting reference points to another passage.",Wrong Citation,Medium,Medium,"The answer may be correct, but the cited source or evidence reference is incorrect or mismatched.",knowledge base article
559,Education,learning strategy,note taking,"According to the provided context, what is the key point about note taking?",The passage states that note taking is linked to deadline number 11. A verification step is also mentioned in the same passage. The document keeps the explanation focused on the learning strategy use case.,"The key point is that note taking is linked to deadline number 11, and the passage also mentions a verification step.",The context does not provide enough information to answer confidently.,Missing Context,Medium,Medium,The answer ignores useful evidence that is present in the retrieved context.,policy memo
560,Legal,employment,notice period workflow,"According to the provided context, what is the key point about notice period workflow?",The evidence shows that notice period workflow is linked to causal factor number 14. A verification step is also mentioned in the same passage. The document keeps the explanation focused on the employment use case.,"The key point is that notice period workflow is linked to causal factor number 14, and the passage also mentions a verification step.","The key point is that notice period workflow is not linked to causal factor number 14; instead, it is linked to the opposite outcome.",Contradiction,High,Low,The answer directly conflicts with the information in the retrieved context.,support ticket
561,Legal,employment,notice period,What does the document say about notice period?,The passage states that notice period is linked to warning sign number 3. A required step is also mentioned in the same passage. The document keeps the explanation focused on the employment use case.,"The key point is that notice period is linked to warning sign number 3, and the passage also mentions a required step.","The key point is that notice period is linked to warning sign number 3, and the passage also mentions a required step.",No Failure,Low,High,The answer is supported by the retrieved context and matches the expected response.,knowledge base article
562,Travel,planning,itinerary,"According to the provided context, what is the key point about itinerary?",The document explains that itinerary is linked to causal factor number 3. A verification step is also mentioned in the same passage. The document keeps the explanation focused on the planning use case.,"The key point is that itinerary is linked to causal factor number 3, and the passage also mentions a verification step.",The context does not provide enough information to answer confidently.,Missing Context,Medium,Medium,The answer ignores useful evidence that is present in the retrieved context.,FAQ excerpt
563,Healthcare,lab results,anemia,What is the correct answer regarding anemia?,The document explains that anemia is linked to deadline number 6. A required step is also mentioned in the same passage. The document keeps the explanation focused on the lab results use case.,"The key point is that anemia is linked to deadline number 6, and the passage also mentions a required step.","The key point is that anemia is not linked to deadline number 6; instead, it is linked to the opposite outcome.",Contradiction,High,Low,The answer directly conflicts with the information in the retrieved context.,policy memo
564,Legal,consumer rights,refund policy guidance,Which detail is supported by the context for refund policy guidance?,The source says that refund policy guidance is linked to procedure number 15. A exception clause is also mentioned in the same passage. The document keeps the explanation focused on the consumer rights use case.,"The key point is that refund policy guidance is linked to procedure number 15, and the passage also mentions a exception clause.",The context does not provide enough information to answer confidently.,Missing Context,Medium,Medium,The answer ignores useful evidence that is present in the retrieved context.,knowledge base article
565,Environment,climate,carbon emissions workflow,"According to the provided context, what is the key point about carbon emissions workflow?",The source says that carbon emissions workflow is linked to deadline number 4. A priority order is also mentioned in the same passage. The document keeps the explanation focused on the climate use case.,"The key point is that carbon emissions workflow is linked to deadline number 4, and the passage also mentions a priority order.","The key point is that carbon emissions workflow is linked to deadline number 4, but the supporting reference points to another passage.",Wrong Citation,Medium,Medium,"The answer may be correct, but the cited source or evidence reference is incorrect or mismatched.",support ticket
566,Education,concept,machine learning,Which detail is supported by the context for machine learning?,The evidence shows that machine learning is linked to increase number 6. A risk factor is also mentioned in the same passage. The document keeps the explanation focused on the concept use case.,"The key point is that machine learning is linked to increase number 6, and the passage also mentions a risk factor.",The answer concerns an unrelated topic and says that machine learning is mostly about a different domain.,Retrieval Failure,High,Low,The retrieved context is not relevant enough to answer the question well.,knowledge base article
567,Sports,training,recovery guidance,Which detail is supported by the context for recovery guidance?,The context indicates that recovery guidance is linked to comparison number 2. A estimated cost is also mentioned in the same passage. The document keeps the explanation focused on the training use case.,"The key point is that recovery guidance is linked to comparison number 2, and the passage also mentions a estimated cost.",The answer concerns an unrelated topic and says that recovery guidance is mostly about a different domain.,Retrieval Failure,High,Low,The retrieved context is not relevant enough to answer the question well.,FAQ excerpt
568,Legal,intellectual property,copyright,Summarize the main fact about copyright from the passage.,The document explains that copyright is linked to threshold number 13. A exception clause is also mentioned in the same passage. The document keeps the explanation focused on the intellectual property use case.,"The key point is that copyright is linked to threshold number 13, and the passage also mentions a exception clause.",The answer concerns an unrelated topic and says that copyright is mostly about a different domain.,Retrieval Failure,High,Low,The retrieved context is not relevant enough to answer the question well.,support ticket
569,Education,concept,machine learning guidance,"According to the provided context, what is the key point about machine learning guidance?",The context indicates that machine learning guidance is linked to causal factor number 3. A best practice is also mentioned in the same passage. The document keeps the explanation focused on the concept use case.,"The key point is that machine learning guidance is linked to causal factor number 3, and the passage also mentions a best practice.",The context does not provide enough information to answer confidently.,Missing Context,Medium,Medium,The answer ignores useful evidence that is present in the retrieved context.,training note
570,Legal,contract clause,termination,What does the document say about termination?,The document explains that termination is linked to decrease number 2. A exception clause is also mentioned in the same passage. The document keeps the explanation focused on the contract clause use case.,"The key point is that termination is linked to decrease number 2, and the passage also mentions a exception clause.","Since termination mentions a exception clause, the model concludes an unrelated extra result that does not follow.",Reasoning Error,Medium,Medium,The model uses the available evidence but reaches an incorrect inference.,policy memo
571,Healthcare,treatment,hypertension,What does the document say about hypertension?,The document explains that hypertension is linked to recommended action number 7. A exception clause is also mentioned in the same passage. The document keeps the explanation focused on the treatment use case.,"The key point is that hypertension is linked to recommended action number 7, and the passage also mentions a exception clause.","The key point is that hypertension is linked to recommended action number 7, and the passage also mentions a exception clause.",No Failure,Low,High,The answer is supported by the retrieved context and matches the expected response.,training note
572,Business,sales,conversion rate,What is the correct answer regarding conversion rate?,The context indicates that conversion rate is linked to comparison number 8. A time window is also mentioned in the same passage. The document keeps the explanation focused on the sales use case.,"The key point is that conversion rate is linked to comparison number 8, and the passage also mentions a time window.",The key point is that conversion rate is linked to comparison number 8.,Partial Answer,Medium,Medium,The response captures the core idea but leaves out an important supporting detail.,policy memo
573,Technology,cloud,auto scaling,"According to the provided context, what is the key point about auto scaling?",The document explains that auto scaling is linked to procedure number 5. A exception clause is also mentioned in the same passage. The document keeps the explanation focused on the cloud use case.,"The key point is that auto scaling is linked to procedure number 5, and the passage also mentions a exception clause.",The key point is that auto scaling is linked to procedure number 5.,Partial Answer,Medium,Medium,The response captures the core idea but leaves out an important supporting detail.,FAQ excerpt
574,Technology,machine learning,overfitting,Summarize the main fact about overfitting from the passage.,The document explains that overfitting is linked to warning sign number 5. A best practice is also mentioned in the same passage. The document keeps the explanation focused on the machine learning use case.,"The key point is that overfitting is linked to warning sign number 5, and the passage also mentions a best practice.","The key point is that overfitting is linked to warning sign number 5, and the passage also mentions a best practice.",No Failure,Low,High,The answer is supported by the retrieved context and matches the expected response.,policy memo
575,Education,assignment,research methods policy,"According to the provided context, what is the key point about research methods policy?",The evidence shows that research methods policy is linked to increase number 10. A best practice is also mentioned in the same passage. The document keeps the explanation focused on the assignment use case.,"The key point is that research methods policy is linked to increase number 10, and the passage also mentions a best practice.","The key point is that research methods policy is linked to increase number 10, but the supporting reference points to another passage.",Wrong Citation,Medium,Medium,"The answer may be correct, but the cited source or evidence reference is incorrect or mismatched.",policy memo
576,Business,strategy,market positioning,What is the correct answer regarding market positioning?,The evidence shows that market positioning is linked to increase number 10. A risk factor is also mentioned in the same passage. The document keeps the explanation focused on the strategy use case.,"The key point is that market positioning is linked to increase number 10, and the passage also mentions a risk factor.","Since market positioning mentions a risk factor, the model concludes an unrelated extra result that does not follow.",Reasoning Error,Medium,Medium,The model uses the available evidence but reaches an incorrect inference.,FAQ excerpt
577,Business,sales,conversion rate policy,"According to the provided context, what is the key point about conversion rate policy?",The context indicates that conversion rate policy is linked to increase number 13. A best practice is also mentioned in the same passage. The document keeps the explanation focused on the sales use case.,"The key point is that conversion rate policy is linked to increase number 13, and the passage also mentions a best practice.","The key point is that conversion rate policy is linked to increase number 13, and the passage also mentions a best practice.",No Failure,Low,High,The answer is supported by the retrieved context and matches the expected response.,support ticket
578,Healthcare,lab results,anemia,What is the correct answer regarding anemia?,The evidence shows that anemia is linked to deadline number 15. A risk factor is also mentioned in the same passage. The document keeps the explanation focused on the lab results use case.,"The key point is that anemia is linked to deadline number 15, and the passage also mentions a risk factor.","The key point is that anemia is linked to deadline number 15, and it also causes a completely unsupported major issue.",Hallucination,High,Low,The model adds an unsupported detail that does not appear in the retrieved context.,training note
579,Finance,risk,emergency fund,"According to the provided context, what is the key point about emergency fund?",The evidence shows that emergency fund is linked to recommended action number 16. A follow-up action is also mentioned in the same passage. The document keeps the explanation focused on the risk use case.,"The key point is that emergency fund is linked to recommended action number 16, and the passage also mentions a follow-up action.",The context does not provide enough information to answer confidently.,Missing Context,Medium,Medium,The answer ignores useful evidence that is present in the retrieved context.,policy memo
580,Healthcare,diagnosis,type 2 diabetes,What is the correct answer regarding type 2 diabetes?,The source says that type 2 diabetes is linked to warning sign number 3. A time window is also mentioned in the same passage. The document keeps the explanation focused on the diagnosis use case.,"The key point is that type 2 diabetes is linked to warning sign number 3, and the passage also mentions a time window.",The context does not provide enough information to answer confidently.,Missing Context,Medium,Medium,The answer ignores useful evidence that is present in the retrieved context.,policy memo
581,Legal,privacy,data retention,What is the correct answer regarding data retention?,The source says that data retention is linked to deadline number 5. A time window is also mentioned in the same passage. The document keeps the explanation focused on the privacy use case.,"The key point is that data retention is linked to deadline number 5, and the passage also mentions a time window.","The key point is that data retention is linked to deadline number 5, and the passage also mentions a time window.",No Failure,Low,High,The answer is supported by the retrieved context and matches the expected response.,knowledge base article
582,Technology,security,password hashing benchmark,Summarize the main fact about password hashing benchmark from the passage.,The context indicates that password hashing benchmark is linked to threshold number 7. A time window is also mentioned in the same passage. The document keeps the explanation focused on the security use case.,"The key point is that password hashing benchmark is linked to threshold number 7, and the passage also mentions a time window.",The context does not provide enough information to answer confidently.,Missing Context,Medium,Medium,The answer ignores useful evidence that is present in the retrieved context.,training note
583,Finance,tax,capital gains,What does the document say about capital gains?,The document explains that capital gains is linked to comparison number 6. A weekly review is also mentioned in the same passage. The document keeps the explanation focused on the tax use case.,"The key point is that capital gains is linked to comparison number 6, and the passage also mentions a weekly review.",The context does not provide enough information to answer confidently.,Missing Context,Medium,Medium,The answer ignores useful evidence that is present in the retrieved context.,knowledge base article
584,Sports,player performance,stamina,What does the document say about stamina?,The passage states that stamina is linked to warning sign number 13. A follow-up action is also mentioned in the same passage. The document keeps the explanation focused on the player performance use case.,"The key point is that stamina is linked to warning sign number 13, and the passage also mentions a follow-up action.","The key point is that stamina is linked to warning sign number 13, but the supporting reference points to another passage.",Wrong Citation,Medium,Medium,"The answer may be correct, but the cited source or evidence reference is incorrect or mismatched.",policy memo
585,Legal,employment,notice period benchmark,Summarize the main fact about notice period benchmark from the passage.,The evidence shows that notice period benchmark is linked to guideline number 16. A risk factor is also mentioned in the same passage. The document keeps the explanation focused on the employment use case.,"The key point is that notice period benchmark is linked to guideline number 16, and the passage also mentions a risk factor.","The key point is that notice period benchmark is linked to guideline number 16, but the supporting reference points to another passage.",Wrong Citation,Medium,Medium,"The answer may be correct, but the cited source or evidence reference is incorrect or mismatched.",support ticket
586,Legal,consumer rights,refund policy,What is the correct answer regarding refund policy?,The evidence shows that refund policy is linked to recommended action number 12. A time window is also mentioned in the same passage. The document keeps the explanation focused on the consumer rights use case.,"The key point is that refund policy is linked to recommended action number 12, and the passage also mentions a time window.","Since refund policy mentions a time window, the model concludes an unrelated extra result that does not follow.",Reasoning Error,Medium,Medium,The model uses the available evidence but reaches an incorrect inference.,policy memo
587,Finance,banking,loan repayment policy,Summarize the main fact about loan repayment policy from the passage.,The passage states that loan repayment policy is linked to guideline number 12. A estimated cost is also mentioned in the same passage. The document keeps the explanation focused on the banking use case.,"The key point is that loan repayment policy is linked to guideline number 12, and the passage also mentions a estimated cost.","The key point is that loan repayment policy is linked to guideline number 12, and the passage also mentions a estimated cost.",No Failure,Low,High,The answer is supported by the retrieved context and matches the expected response.,FAQ excerpt
588,Travel,budget travel,daily spending,Summarize the main fact about daily spending from the passage.,The evidence shows that daily spending is linked to guideline number 17. A estimated cost is also mentioned in the same passage. The document keeps the explanation focused on the budget travel use case.,"The key point is that daily spending is linked to guideline number 17, and the passage also mentions a estimated cost.","The key point is that daily spending is not linked to guideline number 17; instead, it is linked to the opposite outcome.",Contradiction,High,Low,The answer directly conflicts with the information in the retrieved context.,knowledge base article
589,Finance,investment,index funds overview,Which detail is supported by the context for index funds overview?,The passage states that index funds overview is linked to recommended action number 17. A required step is also mentioned in the same passage. The document keeps the explanation focused on the investment use case.,"The key point is that index funds overview is linked to recommended action number 17, and the passage also mentions a required step.","Since index funds overview mentions a required step, the model concludes an unrelated extra result that does not follow.",Reasoning Error,Medium,Medium,The model uses the available evidence but reaches an incorrect inference.,FAQ excerpt
590,Technology,cloud,auto scaling policy,Which detail is supported by the context for auto scaling policy?,The context indicates that auto scaling policy is linked to decrease number 1. A estimated cost is also mentioned in the same passage. The document keeps the explanation focused on the cloud use case.,"The key point is that auto scaling policy is linked to decrease number 1, and the passage also mentions a estimated cost.","The key point is that auto scaling policy is linked to decrease number 1, but the supporting reference points to another passage.",Wrong Citation,Medium,Medium,"The answer may be correct, but the cited source or evidence reference is incorrect or mismatched.",FAQ excerpt
591,Sports,tactics,pressing,"According to the provided context, what is the key point about pressing?",The evidence shows that pressing is linked to increase number 6. A priority order is also mentioned in the same passage. The document keeps the explanation focused on the tactics use case.,"The key point is that pressing is linked to increase number 6, and the passage also mentions a priority order.",The answer concerns an unrelated topic and says that pressing is mostly about a different domain.,Retrieval Failure,High,Low,The retrieved context is not relevant enough to answer the question well.,training note
592,Education,study plan,final revision workflow,What is the correct answer regarding final revision workflow?,The context indicates that final revision workflow is linked to warning sign number 14. A weekly review is also mentioned in the same passage. The document keeps the explanation focused on the study plan use case.,"The key point is that final revision workflow is linked to warning sign number 14, and the passage also mentions a weekly review.","Since final revision workflow mentions a weekly review, the model concludes an unrelated extra result that does not follow.",Reasoning Error,Medium,Medium,The model uses the available evidence but reaches an incorrect inference.,policy memo
593,Science,earth science,climate patterns benchmark,Summarize the main fact about climate patterns benchmark from the passage.,The source says that climate patterns benchmark is linked to threshold number 2. A required step is also mentioned in the same passage. The document keeps the explanation focused on the earth science use case.,"The key point is that climate patterns benchmark is linked to threshold number 2, and the passage also mentions a required step.",The key point is that climate patterns benchmark is linked to threshold number 2.,Partial Answer,Medium,Medium,The response captures the core idea but leaves out an important supporting detail.,training note
594,Finance,credit,credit score,Summarize the main fact about credit score from the passage.,The document explains that credit score is linked to causal factor number 8. A time window is also mentioned in the same passage. The document keeps the explanation focused on the credit use case.,"The key point is that credit score is linked to causal factor number 8, and the passage also mentions a time window.","Since credit score mentions a time window, the model concludes an unrelated extra result that does not follow.",Reasoning Error,Medium,Medium,The model uses the available evidence but reaches an incorrect inference.,FAQ excerpt
595,Technology,machine learning,overfitting,What does the document say about overfitting?,The context indicates that overfitting is linked to comparison number 8. A follow-up action is also mentioned in the same passage. The document keeps the explanation focused on the machine learning use case.,"The key point is that overfitting is linked to comparison number 8, and the passage also mentions a follow-up action.","The key point is that overfitting is not linked to comparison number 8; instead, it is linked to the opposite outcome.",Contradiction,High,Low,The answer directly conflicts with the information in the retrieved context.,training note
596,Environment,waste,recycling,Which detail is supported by the context for recycling?,The passage states that recycling is linked to warning sign number 2. A weekly review is also mentioned in the same passage. The document keeps the explanation focused on the waste use case.,"The key point is that recycling is linked to warning sign number 2, and the passage also mentions a weekly review.","The key point is that recycling is linked to warning sign number 2, but the supporting reference points to another passage.",Wrong Citation,Medium,Medium,"The answer may be correct, but the cited source or evidence reference is incorrect or mismatched.",training note
597,Business,marketing,customer retention,Which detail is supported by the context for customer retention?,The context indicates that customer retention is linked to increase number 14. A estimated cost is also mentioned in the same passage. The document keeps the explanation focused on the marketing use case.,"The key point is that customer retention is linked to increase number 14, and the passage also mentions a estimated cost.",The key point is that customer retention is linked to increase number 14.,Partial Answer,Medium,Medium,The response captures the core idea but leaves out an important supporting detail.,policy memo
598,Technology,networking,latency,What is the correct answer regarding latency?,The evidence shows that latency is linked to deadline number 12. A follow-up action is also mentioned in the same passage. The document keeps the explanation focused on the networking use case.,"The key point is that latency is linked to deadline number 12, and the passage also mentions a follow-up action.","The key point is that latency is not linked to deadline number 12; instead, it is linked to the opposite outcome.",Contradiction,High,Low,The answer directly conflicts with the information in the retrieved context.,training note
599,Legal,contract clause,termination guidance,What is the correct answer regarding termination guidance?,The context indicates that termination guidance is linked to causal factor number 8. A weekly review is also mentioned in the same passage. The document keeps the explanation focused on the contract clause use case.,"The key point is that termination guidance is linked to causal factor number 8, and the passage also mentions a weekly review.","The key point is that termination guidance is not linked to causal factor number 8; instead, it is linked to the opposite outcome.",Contradiction,High,Low,The answer directly conflicts with the information in the retrieved context.,knowledge base article
600,Business,marketing,customer retention,Which detail is supported by the context for customer retention?,The passage states that customer retention is linked to deadline number 3. A time window is also mentioned in the same passage. The document keeps the explanation focused on the marketing use case.,"The key point is that customer retention is linked to deadline number 3, and the passage also mentions a time window.",The key point is that customer retention is linked to deadline number 3.,Partial Answer,Medium,Medium,The response captures the core idea but leaves out an important supporting detail.,support ticket
601,Environment,waste,recycling benchmark,What does the document say about recycling benchmark?,The passage states that recycling benchmark is linked to deadline number 4. A verification step is also mentioned in the same passage. The document keeps the explanation focused on the waste use case.,"The key point is that recycling benchmark is linked to deadline number 4, and the passage also mentions a verification step.","The key point is that recycling benchmark is linked to deadline number 4, and it also causes a completely unsupported major issue.",Hallucination,High,Low,The model adds an unsupported detail that does not appear in the retrieved context.,FAQ excerpt
602,Travel,safety,emergency contacts,"According to the provided context, what is the key point about emergency contacts?",The document explains that emergency contacts is linked to procedure number 10. A time window is also mentioned in the same passage. The document keeps the explanation focused on the safety use case.,"The key point is that emergency contacts is linked to procedure number 10, and the passage also mentions a time window.",The context does not provide enough information to answer confidently.,Missing Context,Medium,Medium,The answer ignores useful evidence that is present in the retrieved context.,training note
603,Technology,networking,latency overview,What does the document say about latency overview?,The passage states that latency overview is linked to causal factor number 7. A estimated cost is also mentioned in the same passage. The document keeps the explanation focused on the networking use case.,"The key point is that latency overview is linked to causal factor number 7, and the passage also mentions a estimated cost.","The key point is that latency overview is linked to causal factor number 7, but the supporting reference points to another passage.",Wrong Citation,Medium,Medium,"The answer may be correct, but the cited source or evidence reference is incorrect or mismatched.",FAQ excerpt
604,Legal,contract clause,termination overview,What does the document say about termination overview?,The passage states that termination overview is linked to recommended action number 2. A best practice is also mentioned in the same passage. The document keeps the explanation focused on the contract clause use case.,"The key point is that termination overview is linked to recommended action number 2, and the passage also mentions a best practice.","The key point is that termination overview is linked to recommended action number 2, and the passage also mentions a best practice.",No Failure,Low,High,The answer is supported by the retrieved context and matches the expected response.,training note
605,History,period,renaissance overview,Summarize the main fact about renaissance overview from the passage.,The passage states that renaissance overview is linked to warning sign number 10. A priority order is also mentioned in the same passage. The document keeps the explanation focused on the period use case.,"The key point is that renaissance overview is linked to warning sign number 10, and the passage also mentions a priority order.","The key point is that renaissance overview is linked to warning sign number 10, and it also causes a completely unsupported major issue.",Hallucination,High,Low,The model adds an unsupported detail that does not appear in the retrieved context.,training note
606,History,conflict,world war II,"According to the provided context, what is the key point about world war II?",The document explains that world war II is linked to deadline number 3. A risk factor is also mentioned in the same passage. The document keeps the explanation focused on the conflict use case.,"The key point is that world war II is linked to deadline number 3, and the passage also mentions a risk factor.","The key point is that world war II is linked to deadline number 3, and the passage also mentions a risk factor.",No Failure,Low,High,The answer is supported by the retrieved context and matches the expected response.,training note
607,Food,nutrition,protein intake policy,"According to the provided context, what is the key point about protein intake policy?",The context indicates that protein intake policy is linked to procedure number 16. A follow-up action is also mentioned in the same passage. The document keeps the explanation focused on the nutrition use case.,"The key point is that protein intake policy is linked to procedure number 16, and the passage also mentions a follow-up action.",The key point is that protein intake policy is linked to procedure number 16.,Partial Answer,Medium,Medium,The response captures the core idea but leaves out an important supporting detail.,FAQ excerpt
608,Education,course selection,statistics guidance,"According to the provided context, what is the key point about statistics guidance?",The passage states that statistics guidance is linked to increase number 12. A estimated cost is also mentioned in the same passage. The document keeps the explanation focused on the course selection use case.,"The key point is that statistics guidance is linked to increase number 12, and the passage also mentions a estimated cost.",The context does not provide enough information to answer confidently.,Missing Context,Medium,Medium,The answer ignores useful evidence that is present in the retrieved context.,policy memo
609,Healthcare,treatment,hypertension guidance,Which detail is supported by the context for hypertension guidance?,The source says that hypertension guidance is linked to threshold number 4. A estimated cost is also mentioned in the same passage. The document keeps the explanation focused on the treatment use case.,"The key point is that hypertension guidance is linked to threshold number 4, and the passage also mentions a estimated cost.","The key point is that hypertension guidance is linked to threshold number 4, but the supporting reference points to another passage.",Wrong Citation,Medium,Medium,"The answer may be correct, but the cited source or evidence reference is incorrect or mismatched.",knowledge base article
610,Healthcare,prevention,influenza workflow,"According to the provided context, what is the key point about influenza workflow?",The evidence shows that influenza workflow is linked to increase number 1. A best practice is also mentioned in the same passage. The document keeps the explanation focused on the prevention use case.,"The key point is that influenza workflow is linked to increase number 1, and the passage also mentions a best practice.",The answer concerns an unrelated topic and says that influenza workflow is mostly about a different domain.,Retrieval Failure,High,Low,The retrieved context is not relevant enough to answer the question well.,training note
611,Sports,match analysis,possession overview,What is the correct answer regarding possession overview?,The document explains that possession overview is linked to increase number 9. A exception clause is also mentioned in the same passage. The document keeps the explanation focused on the match analysis use case.,"The key point is that possession overview is linked to increase number 9, and the passage also mentions a exception clause.","The key point is that possession overview is linked to increase number 9, and the passage also mentions a exception clause.",No Failure,Low,High,The answer is supported by the retrieved context and matches the expected response.,policy memo
612,Technology,cloud,auto scaling overview,What is the correct answer regarding auto scaling overview?,The evidence shows that auto scaling overview is linked to recommended action number 6. A best practice is also mentioned in the same passage. The document keeps the explanation focused on the cloud use case.,"The key point is that auto scaling overview is linked to recommended action number 6, and the passage also mentions a best practice.","Since auto scaling overview mentions a best practice, the model concludes an unrelated extra result that does not follow.",Reasoning Error,Medium,Medium,The model uses the available evidence but reaches an incorrect inference.,knowledge base article
613,Business,operations,inventory turnover,"According to the provided context, what is the key point about inventory turnover?",The context indicates that inventory turnover is linked to recommended action number 7. A time window is also mentioned in the same passage. The document keeps the explanation focused on the operations use case.,"The key point is that inventory turnover is linked to recommended action number 7, and the passage also mentions a time window.","Since inventory turnover mentions a time window, the model concludes an unrelated extra result that does not follow.",Reasoning Error,Medium,Medium,The model uses the available evidence but reaches an incorrect inference.,knowledge base article
614,Food,nutrition,protein intake overview,"According to the provided context, what is the key point about protein intake overview?",The passage states that protein intake overview is linked to causal factor number 9. A risk factor is also mentioned in the same passage. The document keeps the explanation focused on the nutrition use case.,"The key point is that protein intake overview is linked to causal factor number 9, and the passage also mentions a risk factor.","Since protein intake overview mentions a risk factor, the model concludes an unrelated extra result that does not follow.",Reasoning Error,Medium,Medium,The model uses the available evidence but reaches an incorrect inference.,support ticket
615,Education,study plan,final revision,What is the correct answer regarding final revision?,The evidence shows that final revision is linked to causal factor number 8. A required step is also mentioned in the same passage. The document keeps the explanation focused on the study plan use case.,"The key point is that final revision is linked to causal factor number 8, and the passage also mentions a required step.","The key point is that final revision is linked to causal factor number 8, but the supporting reference points to another passage.",Wrong Citation,Medium,Medium,"The answer may be correct, but the cited source or evidence reference is incorrect or mismatched.",policy memo
616,Travel,local rules,visa requirements,Which detail is supported by the context for visa requirements?,The passage states that visa requirements is linked to procedure number 13. A follow-up action is also mentioned in the same passage. The document keeps the explanation focused on the local rules use case.,"The key point is that visa requirements is linked to procedure number 13, and the passage also mentions a follow-up action.",The answer concerns an unrelated topic and says that visa requirements is mostly about a different domain.,Retrieval Failure,High,Low,The retrieved context is not relevant enough to answer the question well.,support ticket
617,Finance,tax,capital gains workflow,What does the document say about capital gains workflow?,The document explains that capital gains workflow is linked to threshold number 14. A weekly review is also mentioned in the same passage. The document keeps the explanation focused on the tax use case.,"The key point is that capital gains workflow is linked to threshold number 14, and the passage also mentions a weekly review.","The key point is that capital gains workflow is not linked to threshold number 14; instead, it is linked to the opposite outcome.",Contradiction,High,Low,The answer directly conflicts with the information in the retrieved context.,policy memo
618,Finance,budgeting,monthly expenses guidance,What does the document say about monthly expenses guidance?,The document explains that monthly expenses guidance is linked to threshold number 4. A exception clause is also mentioned in the same passage. The document keeps the explanation focused on the budgeting use case.,"The key point is that monthly expenses guidance is linked to threshold number 4, and the passage also mentions a exception clause.","The key point is that monthly expenses guidance is not linked to threshold number 4; instead, it is linked to the opposite outcome.",Contradiction,High,Low,The answer directly conflicts with the information in the retrieved context.,support ticket
619,Business,HR,employee onboarding policy,"According to the provided context, what is the key point about employee onboarding policy?",The source says that employee onboarding policy is linked to threshold number 15. A best practice is also mentioned in the same passage. The document keeps the explanation focused on the HR use case.,"The key point is that employee onboarding policy is linked to threshold number 15, and the passage also mentions a best practice.","Since employee onboarding policy mentions a best practice, the model concludes an unrelated extra result that does not follow.",Reasoning Error,Medium,Medium,The model uses the available evidence but reaches an incorrect inference.,knowledge base article
620,Healthcare,diagnosis,type 2 diabetes,What is the correct answer regarding type 2 diabetes?,The document explains that type 2 diabetes is linked to causal factor number 7. A risk factor is also mentioned in the same passage. The document keeps the explanation focused on the diagnosis use case.,"The key point is that type 2 diabetes is linked to causal factor number 7, and the passage also mentions a risk factor.","The key point is that type 2 diabetes is not linked to causal factor number 7; instead, it is linked to the opposite outcome.",Contradiction,High,Low,The answer directly conflicts with the information in the retrieved context.,policy memo
621,Environment,waste,recycling,What does the document say about recycling?,The evidence shows that recycling is linked to guideline number 5. A risk factor is also mentioned in the same passage. The document keeps the explanation focused on the waste use case.,"The key point is that recycling is linked to guideline number 5, and the passage also mentions a risk factor.","The key point is that recycling is linked to guideline number 5, and it also causes a completely unsupported major issue.",Hallucination,High,Low,The model adds an unsupported detail that does not appear in the retrieved context.,FAQ excerpt
622,Business,operations,inventory turnover,What is the correct answer regarding inventory turnover?,The context indicates that inventory turnover is linked to deadline number 15. A exception clause is also mentioned in the same passage. The document keeps the explanation focused on the operations use case.,"The key point is that inventory turnover is linked to deadline number 15, and the passage also mentions a exception clause.",The key point is that inventory turnover is linked to deadline number 15.,Partial Answer,Medium,Medium,The response captures the core idea but leaves out an important supporting detail.,training note
623,Education,study plan,final revision,Which detail is supported by the context for final revision?,The document explains that final revision is linked to deadline number 12. A time window is also mentioned in the same passage. The document keeps the explanation focused on the study plan use case.,"The key point is that final revision is linked to deadline number 12, and the passage also mentions a time window.","The key point is that final revision is linked to deadline number 12, and the passage also mentions a time window.",No Failure,Low,High,The answer is supported by the retrieved context and matches the expected response.,training note
624,Finance,banking,loan repayment guidance,What is the correct answer regarding loan repayment guidance?,The document explains that loan repayment guidance is linked to decrease number 17. A weekly review is also mentioned in the same passage. The document keeps the explanation focused on the banking use case.,"The key point is that loan repayment guidance is linked to decrease number 17, and the passage also mentions a weekly review.",The context does not provide enough information to answer confidently.,Missing Context,Medium,Medium,The answer ignores useful evidence that is present in the retrieved context.,knowledge base article
625,Technology,databases,indexing workflow,Which detail is supported by the context for indexing workflow?,The evidence shows that indexing workflow is linked to deadline number 2. A follow-up action is also mentioned in the same passage. The document keeps the explanation focused on the databases use case.,"The key point is that indexing workflow is linked to deadline number 2, and the passage also mentions a follow-up action.","Since indexing workflow mentions a follow-up action, the model concludes an unrelated extra result that does not follow.",Reasoning Error,Medium,Medium,The model uses the available evidence but reaches an incorrect inference.,training note
626,Food,meal planning,portion control,Which detail is supported by the context for portion control?,The document explains that portion control is linked to threshold number 8. A estimated cost is also mentioned in the same passage. The document keeps the explanation focused on the meal planning use case.,"The key point is that portion control is linked to threshold number 8, and the passage also mentions a estimated cost.",The answer concerns an unrelated topic and says that portion control is mostly about a different domain.,Retrieval Failure,High,Low,The retrieved context is not relevant enough to answer the question well.,policy memo
627,Travel,safety,emergency contacts,What does the document say about emergency contacts?,The source says that emergency contacts is linked to increase number 11. A best practice is also mentioned in the same passage. The document keeps the explanation focused on the safety use case.,"The key point is that emergency contacts is linked to increase number 11, and the passage also mentions a best practice.",The answer concerns an unrelated topic and says that emergency contacts is mostly about a different domain.,Retrieval Failure,High,Low,The retrieved context is not relevant enough to answer the question well.,policy memo
628,Finance,tax,capital gains benchmark,What is the correct answer regarding capital gains benchmark?,The context indicates that capital gains benchmark is linked to procedure number 6. A verification step is also mentioned in the same passage. The document keeps the explanation focused on the tax use case.,"The key point is that capital gains benchmark is linked to procedure number 6, and the passage also mentions a verification step.","The key point is that capital gains benchmark is linked to procedure number 6, and it also causes a completely unsupported major issue.",Hallucination,High,Low,The model adds an unsupported detail that does not appear in the retrieved context.,policy memo
629,Finance,risk,emergency fund workflow,What does the document say about emergency fund workflow?,The document explains that emergency fund workflow is linked to procedure number 15. A estimated cost is also mentioned in the same passage. The document keeps the explanation focused on the risk use case.,"The key point is that emergency fund workflow is linked to procedure number 15, and the passage also mentions a estimated cost.",The key point is that emergency fund workflow is linked to procedure number 15.,Partial Answer,Medium,Medium,The response captures the core idea but leaves out an important supporting detail.,support ticket
630,Education,course selection,statistics workflow,Summarize the main fact about statistics workflow from the passage.,The context indicates that statistics workflow is linked to guideline number 16. A weekly review is also mentioned in the same passage. The document keeps the explanation focused on the course selection use case.,"The key point is that statistics workflow is linked to guideline number 16, and the passage also mentions a weekly review.",The context does not provide enough information to answer confidently.,Missing Context,Medium,Medium,The answer ignores useful evidence that is present in the retrieved context.,support ticket
631,History,event,industrial revolution policy,What is the correct answer regarding industrial revolution policy?,The context indicates that industrial revolution policy is linked to decrease number 7. A time window is also mentioned in the same passage. The document keeps the explanation focused on the event use case.,"The key point is that industrial revolution policy is linked to decrease number 7, and the passage also mentions a time window.","Since industrial revolution policy mentions a time window, the model concludes an unrelated extra result that does not follow.",Reasoning Error,Medium,Medium,The model uses the available evidence but reaches an incorrect inference.,FAQ excerpt
632,Sports,tactics,pressing guidance,Which detail is supported by the context for pressing guidance?,The passage states that pressing guidance is linked to procedure number 17. A verification step is also mentioned in the same passage. The document keeps the explanation focused on the tactics use case.,"The key point is that pressing guidance is linked to procedure number 17, and the passage also mentions a verification step.",The context does not provide enough information to answer confidently.,Missing Context,Medium,Medium,The answer ignores useful evidence that is present in the retrieved context.,FAQ excerpt
633,Environment,climate,carbon emissions policy,Which detail is supported by the context for carbon emissions policy?,The passage states that carbon emissions policy is linked to threshold number 14. A risk factor is also mentioned in the same passage. The document keeps the explanation focused on the climate use case.,"The key point is that carbon emissions policy is linked to threshold number 14, and the passage also mentions a risk factor.","The key point is that carbon emissions policy is linked to threshold number 14, but the supporting reference points to another passage.",Wrong Citation,Medium,Medium,"The answer may be correct, but the cited source or evidence reference is incorrect or mismatched.",knowledge base article
634,Legal,intellectual property,copyright,What does the document say about copyright?,The evidence shows that copyright is linked to recommended action number 15. A verification step is also mentioned in the same passage. The document keeps the explanation focused on the intellectual property use case.,"The key point is that copyright is linked to recommended action number 15, and the passage also mentions a verification step.",The key point is that copyright is linked to recommended action number 15.,Partial Answer,Medium,Medium,The response captures the core idea but leaves out an important supporting detail.,policy memo
635,Science,astronomy,exoplanets,"According to the provided context, what is the key point about exoplanets?",The source says that exoplanets is linked to causal factor number 13. A risk factor is also mentioned in the same passage. The document keeps the explanation focused on the astronomy use case.,"The key point is that exoplanets is linked to causal factor number 13, and the passage also mentions a risk factor.","The key point is that exoplanets is linked to causal factor number 13, but the supporting reference points to another passage.",Wrong Citation,Medium,Medium,"The answer may be correct, but the cited source or evidence reference is incorrect or mismatched.",support ticket
636,History,conflict,world war II,"According to the provided context, what is the key point about world war II?",The passage states that world war II is linked to guideline number 1. A verification step is also mentioned in the same passage. The document keeps the explanation focused on the conflict use case.,"The key point is that world war II is linked to guideline number 1, and the passage also mentions a verification step.",The key point is that world war II is linked to guideline number 1.,Partial Answer,Medium,Medium,The response captures the core idea but leaves out an important supporting detail.,training note
637,Science,environmental science,water quality overview,What does the document say about water quality overview?,The context indicates that water quality overview is linked to procedure number 14. A verification step is also mentioned in the same passage. The document keeps the explanation focused on the environmental science use case.,"The key point is that water quality overview is linked to procedure number 14, and the passage also mentions a verification step.",The key point is that water quality overview is linked to procedure number 14.,Partial Answer,Medium,Medium,The response captures the core idea but leaves out an important supporting detail.,policy memo
638,Education,learning strategy,note taking,Summarize the main fact about note taking from the passage.,The evidence shows that note taking is linked to increase number 8. A follow-up action is also mentioned in the same passage. The document keeps the explanation focused on the learning strategy use case.,"The key point is that note taking is linked to increase number 8, and the passage also mentions a follow-up action.",The context does not provide enough information to answer confidently.,Missing Context,Medium,Medium,The answer ignores useful evidence that is present in the retrieved context.,support ticket
639,Business,product,feature prioritization benchmark,What does the document say about feature prioritization benchmark?,The source says that feature prioritization benchmark is linked to deadline number 16. A weekly review is also mentioned in the same passage. The document keeps the explanation focused on the product use case.,"The key point is that feature prioritization benchmark is linked to deadline number 16, and the passage also mentions a weekly review.",The context does not provide enough information to answer confidently.,Missing Context,Medium,Medium,The answer ignores useful evidence that is present in the retrieved context.,knowledge base article
640,Finance,tax,capital gains,Which detail is supported by the context for capital gains?,The passage states that capital gains is linked to recommended action number 12. A exception clause is also mentioned in the same passage. The document keeps the explanation focused on the tax use case.,"The key point is that capital gains is linked to recommended action number 12, and the passage also mentions a exception clause.","Since capital gains mentions a exception clause, the model concludes an unrelated extra result that does not follow.",Reasoning Error,Medium,Medium,The model uses the available evidence but reaches an incorrect inference.,knowledge base article
641,Business,product,feature prioritization,What does the document say about feature prioritization?,The source says that feature prioritization is linked to procedure number 6. A required step is also mentioned in the same passage. The document keeps the explanation focused on the product use case.,"The key point is that feature prioritization is linked to procedure number 6, and the passage also mentions a required step.",The answer concerns an unrelated topic and says that feature prioritization is mostly about a different domain.,Retrieval Failure,High,Low,The retrieved context is not relevant enough to answer the question well.,support ticket
642,Finance,risk,emergency fund,Summarize the main fact about emergency fund from the passage.,The document explains that emergency fund is linked to comparison number 8. A required step is also mentioned in the same passage. The document keeps the explanation focused on the risk use case.,"The key point is that emergency fund is linked to comparison number 8, and the passage also mentions a required step.",The answer concerns an unrelated topic and says that emergency fund is mostly about a different domain.,Retrieval Failure,High,Low,The retrieved context is not relevant enough to answer the question well.,support ticket
643,Science,physics,force and motion,What is the correct answer regarding force and motion?,The context indicates that force and motion is linked to increase number 16. A time window is also mentioned in the same passage. The document keeps the explanation focused on the physics use case.,"The key point is that force and motion is linked to increase number 16, and the passage also mentions a time window.","The key point is that force and motion is linked to increase number 16, and it also causes a completely unsupported major issue.",Hallucination,High,Low,The model adds an unsupported detail that does not appear in the retrieved context.,training note
644,Business,marketing,customer retention benchmark,Which detail is supported by the context for customer retention benchmark?,The source says that customer retention benchmark is linked to causal factor number 4. A estimated cost is also mentioned in the same passage. The document keeps the explanation focused on the marketing use case.,"The key point is that customer retention benchmark is linked to causal factor number 4, and the passage also mentions a estimated cost.","Since customer retention benchmark mentions a estimated cost, the model concludes an unrelated extra result that does not follow.",Reasoning Error,Medium,Medium,The model uses the available evidence but reaches an incorrect inference.,support ticket
645,Environment,waste,recycling guidance,"According to the provided context, what is the key point about recycling guidance?",The document explains that recycling guidance is linked to decrease number 16. A risk factor is also mentioned in the same passage. The document keeps the explanation focused on the waste use case.,"The key point is that recycling guidance is linked to decrease number 16, and the passage also mentions a risk factor.","Since recycling guidance mentions a risk factor, the model concludes an unrelated extra result that does not follow.",Reasoning Error,Medium,Medium,The model uses the available evidence but reaches an incorrect inference.,FAQ excerpt
646,Travel,booking,cancellation policy,"According to the provided context, what is the key point about cancellation policy?",The document explains that cancellation policy is linked to deadline number 6. A best practice is also mentioned in the same passage. The document keeps the explanation focused on the booking use case.,"The key point is that cancellation policy is linked to deadline number 6, and the passage also mentions a best practice.","The key point is that cancellation policy is linked to deadline number 6, and the passage also mentions a best practice.",No Failure,Low,High,The answer is supported by the retrieved context and matches the expected response.,support ticket
647,Food,food safety,storage temperature guidance,What does the document say about storage temperature guidance?,The context indicates that storage temperature guidance is linked to increase number 7. A best practice is also mentioned in the same passage. The document keeps the explanation focused on the food safety use case.,"The key point is that storage temperature guidance is linked to increase number 7, and the passage also mentions a best practice.","The key point is that storage temperature guidance is not linked to increase number 7; instead, it is linked to the opposite outcome.",Contradiction,High,Low,The answer directly conflicts with the information in the retrieved context.,support ticket
648,Sports,team strategy,set pieces overview,Summarize the main fact about set pieces overview from the passage.,The evidence shows that set pieces overview is linked to causal factor number 2. A required step is also mentioned in the same passage. The document keeps the explanation focused on the team strategy use case.,"The key point is that set pieces overview is linked to causal factor number 2, and the passage also mentions a required step.","The key point is that set pieces overview is not linked to causal factor number 2; instead, it is linked to the opposite outcome.",Contradiction,High,Low,The answer directly conflicts with the information in the retrieved context.,FAQ excerpt
649,Food,food safety,storage temperature,What is the correct answer regarding storage temperature?,The source says that storage temperature is linked to procedure number 3. A time window is also mentioned in the same passage. The document keeps the explanation focused on the food safety use case.,"The key point is that storage temperature is linked to procedure number 3, and the passage also mentions a time window.","The key point is that storage temperature is linked to procedure number 3, and it also causes a completely unsupported major issue.",Hallucination,High,Low,The model adds an unsupported detail that does not appear in the retrieved context.,knowledge base article
650,Business,operations,inventory turnover benchmark,Summarize the main fact about inventory turnover benchmark from the passage.,The document explains that inventory turnover benchmark is linked to increase number 13. A follow-up action is also mentioned in the same passage. The document keeps the explanation focused on the operations use case.,"The key point is that inventory turnover benchmark is linked to increase number 13, and the passage also mentions a follow-up action.","The key point is that inventory turnover benchmark is not linked to increase number 13; instead, it is linked to the opposite outcome.",Contradiction,High,Low,The answer directly conflicts with the information in the retrieved context.,FAQ excerpt
651,History,period,renaissance,Which detail is supported by the context for renaissance?,The context indicates that renaissance is linked to procedure number 15. A required step is also mentioned in the same passage. The document keeps the explanation focused on the period use case.,"The key point is that renaissance is linked to procedure number 15, and the passage also mentions a required step.","Since renaissance mentions a required step, the model concludes an unrelated extra result that does not follow.",Reasoning Error,Medium,Medium,The model uses the available evidence but reaches an incorrect inference.,FAQ excerpt
652,Technology,machine learning,overfitting benchmark,Summarize the main fact about overfitting benchmark from the passage.,The evidence shows that overfitting benchmark is linked to causal factor number 15. A verification step is also mentioned in the same passage. The document keeps the explanation focused on the machine learning use case.,"The key point is that overfitting benchmark is linked to causal factor number 15, and the passage also mentions a verification step.","The key point is that overfitting benchmark is not linked to causal factor number 15; instead, it is linked to the opposite outcome.",Contradiction,High,Low,The answer directly conflicts with the information in the retrieved context.,knowledge base article
653,Healthcare,diagnosis,type 2 diabetes,What is the correct answer regarding type 2 diabetes?,The evidence shows that type 2 diabetes is linked to recommended action number 13. A exception clause is also mentioned in the same passage. The document keeps the explanation focused on the diagnosis use case.,"The key point is that type 2 diabetes is linked to recommended action number 13, and the passage also mentions a exception clause.","The key point is that type 2 diabetes is linked to recommended action number 13, and it also causes a completely unsupported major issue.",Hallucination,High,Low,The model adds an unsupported detail that does not appear in the retrieved context.,knowledge base article
654,Technology,databases,indexing guidance,"According to the provided context, what is the key point about indexing guidance?",The source says that indexing guidance is linked to comparison number 14. A follow-up action is also mentioned in the same passage. The document keeps the explanation focused on the databases use case.,"The key point is that indexing guidance is linked to comparison number 14, and the passage also mentions a follow-up action.","Since indexing guidance mentions a follow-up action, the model concludes an unrelated extra result that does not follow.",Reasoning Error,Medium,Medium,The model uses the available evidence but reaches an incorrect inference.,support ticket
655,Business,product,feature prioritization overview,What does the document say about feature prioritization overview?,The evidence shows that feature prioritization overview is linked to recommended action number 13. A required step is also mentioned in the same passage. The document keeps the explanation focused on the product use case.,"The key point is that feature prioritization overview is linked to recommended action number 13, and the passage also mentions a required step.",The answer concerns an unrelated topic and says that feature prioritization overview is mostly about a different domain.,Retrieval Failure,High,Low,The retrieved context is not relevant enough to answer the question well.,support ticket
656,Business,sales,conversion rate,Summarize the main fact about conversion rate from the passage.,The evidence shows that conversion rate is linked to procedure number 7. A verification step is also mentioned in the same passage. The document keeps the explanation focused on the sales use case.,"The key point is that conversion rate is linked to procedure number 7, and the passage also mentions a verification step.",The answer concerns an unrelated topic and says that conversion rate is mostly about a different domain.,Retrieval Failure,High,Low,The retrieved context is not relevant enough to answer the question well.,policy memo
657,Healthcare,diagnosis,type 2 diabetes,What does the document say about type 2 diabetes?,The context indicates that type 2 diabetes is linked to causal factor number 11. A weekly review is also mentioned in the same passage. The document keeps the explanation focused on the diagnosis use case.,"The key point is that type 2 diabetes is linked to causal factor number 11, and the passage also mentions a weekly review.",The answer concerns an unrelated topic and says that type 2 diabetes is mostly about a different domain.,Retrieval Failure,High,Low,The retrieved context is not relevant enough to answer the question well.,FAQ excerpt
658,Business,marketing,customer retention,What is the correct answer regarding customer retention?,The passage states that customer retention is linked to causal factor number 4. A best practice is also mentioned in the same passage. The document keeps the explanation focused on the marketing use case.,"The key point is that customer retention is linked to causal factor number 4, and the passage also mentions a best practice.",The context does not provide enough information to answer confidently.,Missing Context,Medium,Medium,The answer ignores useful evidence that is present in the retrieved context.,training note
659,Finance,credit,credit score policy,"According to the provided context, what is the key point about credit score policy?",The passage states that credit score policy is linked to guideline number 3. A best practice is also mentioned in the same passage. The document keeps the explanation focused on the credit use case.,"The key point is that credit score policy is linked to guideline number 3, and the passage also mentions a best practice.","The key point is that credit score policy is linked to guideline number 3, but the supporting reference points to another passage.",Wrong Citation,Medium,Medium,"The answer may be correct, but the cited source or evidence reference is incorrect or mismatched.",policy memo
660,Education,learning strategy,note taking,Summarize the main fact about note taking from the passage.,The document explains that note taking is linked to decrease number 2. A best practice is also mentioned in the same passage. The document keeps the explanation focused on the learning strategy use case.,"The key point is that note taking is linked to decrease number 2, and the passage also mentions a best practice.",The context does not provide enough information to answer confidently.,Missing Context,Medium,Medium,The answer ignores useful evidence that is present in the retrieved context.,knowledge base article
661,Technology,machine learning,overfitting workflow,"According to the provided context, what is the key point about overfitting workflow?",The evidence shows that overfitting workflow is linked to threshold number 11. A estimated cost is also mentioned in the same passage. The document keeps the explanation focused on the machine learning use case.,"The key point is that overfitting workflow is linked to threshold number 11, and the passage also mentions a estimated cost.","The key point is that overfitting workflow is not linked to threshold number 11; instead, it is linked to the opposite outcome.",Contradiction,High,Low,The answer directly conflicts with the information in the retrieved context.,policy memo
662,Travel,planning,itinerary policy,What is the correct answer regarding itinerary policy?,The evidence shows that itinerary policy is linked to deadline number 2. A verification step is also mentioned in the same passage. The document keeps the explanation focused on the planning use case.,"The key point is that itinerary policy is linked to deadline number 2, and the passage also mentions a verification step.","The key point is that itinerary policy is not linked to deadline number 2; instead, it is linked to the opposite outcome.",Contradiction,High,Low,The answer directly conflicts with the information in the retrieved context.,knowledge base article
663,Business,strategy,market positioning overview,What is the correct answer regarding market positioning overview?,The document explains that market positioning overview is linked to comparison number 8. A verification step is also mentioned in the same passage. The document keeps the explanation focused on the strategy use case.,"The key point is that market positioning overview is linked to comparison number 8, and the passage also mentions a verification step.",The answer concerns an unrelated topic and says that market positioning overview is mostly about a different domain.,Retrieval Failure,High,Low,The retrieved context is not relevant enough to answer the question well.,support ticket
664,Sports,statistics,win rate benchmark,Summarize the main fact about win rate benchmark from the passage.,The document explains that win rate benchmark is linked to warning sign number 3. A risk factor is also mentioned in the same passage. The document keeps the explanation focused on the statistics use case.,"The key point is that win rate benchmark is linked to warning sign number 3, and the passage also mentions a risk factor.","The key point is that win rate benchmark is linked to warning sign number 3, and it also causes a completely unsupported major issue.",Hallucination,High,Low,The model adds an unsupported detail that does not appear in the retrieved context.,policy memo
665,Environment,waste,recycling policy,What is the correct answer regarding recycling policy?,The source says that recycling policy is linked to comparison number 14. A follow-up action is also mentioned in the same passage. The document keeps the explanation focused on the waste use case.,"The key point is that recycling policy is linked to comparison number 14, and the passage also mentions a follow-up action.","The key point is that recycling policy is linked to comparison number 14, and the passage also mentions a follow-up action.",No Failure,Low,High,The answer is supported by the retrieved context and matches the expected response.,FAQ excerpt
666,Finance,investment,index funds,What does the document say about index funds?,The document explains that index funds is linked to comparison number 11. A required step is also mentioned in the same passage. The document keeps the explanation focused on the investment use case.,"The key point is that index funds is linked to comparison number 11, and the passage also mentions a required step.",The answer concerns an unrelated topic and says that index funds is mostly about a different domain.,Retrieval Failure,High,Low,The retrieved context is not relevant enough to answer the question well.,training note
667,Finance,credit,credit score,"According to the provided context, what is the key point about credit score?",The source says that credit score is linked to recommended action number 6. A priority order is also mentioned in the same passage. The document keeps the explanation focused on the credit use case.,"The key point is that credit score is linked to recommended action number 6, and the passage also mentions a priority order.","The key point is that credit score is linked to recommended action number 6, and the passage also mentions a priority order.",No Failure,Low,High,The answer is supported by the retrieved context and matches the expected response.,FAQ excerpt
668,Travel,local rules,visa requirements,"According to the provided context, what is the key point about visa requirements?",The source says that visa requirements is linked to comparison number 5. A weekly review is also mentioned in the same passage. The document keeps the explanation focused on the local rules use case.,"The key point is that visa requirements is linked to comparison number 5, and the passage also mentions a weekly review.","Since visa requirements mentions a weekly review, the model concludes an unrelated extra result that does not follow.",Reasoning Error,Medium,Medium,The model uses the available evidence but reaches an incorrect inference.,training note
669,Science,earth science,climate patterns policy,"According to the provided context, what is the key point about climate patterns policy?",The source says that climate patterns policy is linked to procedure number 4. A best practice is also mentioned in the same passage. The document keeps the explanation focused on the earth science use case.,"The key point is that climate patterns policy is linked to procedure number 4, and the passage also mentions a best practice.",The context does not provide enough information to answer confidently.,Missing Context,Medium,Medium,The answer ignores useful evidence that is present in the retrieved context.,knowledge base article
670,Sports,player performance,stamina,"According to the provided context, what is the key point about stamina?",The context indicates that stamina is linked to increase number 7. A weekly review is also mentioned in the same passage. The document keeps the explanation focused on the player performance use case.,"The key point is that stamina is linked to increase number 7, and the passage also mentions a weekly review.","The key point is that stamina is linked to increase number 7, and the passage also mentions a weekly review.",No Failure,Low,High,The answer is supported by the retrieved context and matches the expected response.,training note
671,Food,diet,fiber,What is the correct answer regarding fiber?,The document explains that fiber is linked to threshold number 7. A estimated cost is also mentioned in the same passage. The document keeps the explanation focused on the diet use case.,"The key point is that fiber is linked to threshold number 7, and the passage also mentions a estimated cost.","The key point is that fiber is linked to threshold number 7, but the supporting reference points to another passage.",Wrong Citation,Medium,Medium,"The answer may be correct, but the cited source or evidence reference is incorrect or mismatched.",support ticket
672,Science,earth science,climate patterns overview,Which detail is supported by the context for climate patterns overview?,The source says that climate patterns overview is linked to procedure number 16. A exception clause is also mentioned in the same passage. The document keeps the explanation focused on the earth science use case.,"The key point is that climate patterns overview is linked to procedure number 16, and the passage also mentions a exception clause.","The key point is that climate patterns overview is not linked to procedure number 16; instead, it is linked to the opposite outcome.",Contradiction,High,Low,The answer directly conflicts with the information in the retrieved context.,FAQ excerpt
673,Travel,local rules,visa requirements,Summarize the main fact about visa requirements from the passage.,The document explains that visa requirements is linked to guideline number 12. A exception clause is also mentioned in the same passage. The document keeps the explanation focused on the local rules use case.,"The key point is that visa requirements is linked to guideline number 12, and the passage also mentions a exception clause.",The context does not provide enough information to answer confidently.,Missing Context,Medium,Medium,The answer ignores useful evidence that is present in the retrieved context.,policy memo
674,History,conflict,world war II,What does the document say about world war II?,The passage states that world war II is linked to increase number 1. A follow-up action is also mentioned in the same passage. The document keeps the explanation focused on the conflict use case.,"The key point is that world war II is linked to increase number 1, and the passage also mentions a follow-up action.",The key point is that world war II is linked to increase number 1.,Partial Answer,Medium,Medium,The response captures the core idea but leaves out an important supporting detail.,policy memo
675,History,event,industrial revolution policy,Summarize the main fact about industrial revolution policy from the passage.,The document explains that industrial revolution policy is linked to threshold number 17. A best practice is also mentioned in the same passage. The document keeps the explanation focused on the event use case.,"The key point is that industrial revolution policy is linked to threshold number 17, and the passage also mentions a best practice.","Since industrial revolution policy mentions a best practice, the model concludes an unrelated extra result that does not follow.",Reasoning Error,Medium,Medium,The model uses the available evidence but reaches an incorrect inference.,policy memo
676,Food,cooking,spices,What is the correct answer regarding spices?,The passage states that spices is linked to warning sign number 14. A follow-up action is also mentioned in the same passage. The document keeps the explanation focused on the cooking use case.,"The key point is that spices is linked to warning sign number 14, and the passage also mentions a follow-up action.","The key point is that spices is linked to warning sign number 14, and the passage also mentions a follow-up action.",No Failure,Low,High,The answer is supported by the retrieved context and matches the expected response.,support ticket
677,Travel,planning,itinerary benchmark,Which detail is supported by the context for itinerary benchmark?,The document explains that itinerary benchmark is linked to guideline number 17. A verification step is also mentioned in the same passage. The document keeps the explanation focused on the planning use case.,"The key point is that itinerary benchmark is linked to guideline number 17, and the passage also mentions a verification step.",The answer concerns an unrelated topic and says that itinerary benchmark is mostly about a different domain.,Retrieval Failure,High,Low,The retrieved context is not relevant enough to answer the question well.,support ticket
678,Healthcare,prevention,influenza guidance,What does the document say about influenza guidance?,The passage states that influenza guidance is linked to procedure number 17. A required step is also mentioned in the same passage. The document keeps the explanation focused on the prevention use case.,"The key point is that influenza guidance is linked to procedure number 17, and the passage also mentions a required step.","The key point is that influenza guidance is linked to procedure number 17, and it also causes a completely unsupported major issue.",Hallucination,High,Low,The model adds an unsupported detail that does not appear in the retrieved context.,FAQ excerpt
679,Finance,tax,capital gains guidance,Summarize the main fact about capital gains guidance from the passage.,The document explains that capital gains guidance is linked to comparison number 17. A risk factor is also mentioned in the same passage. The document keeps the explanation focused on the tax use case.,"The key point is that capital gains guidance is linked to comparison number 17, and the passage also mentions a risk factor.","The key point is that capital gains guidance is linked to comparison number 17, but the supporting reference points to another passage.",Wrong Citation,Medium,Medium,"The answer may be correct, but the cited source or evidence reference is incorrect or mismatched.",policy memo
680,Education,learning strategy,note taking overview,What does the document say about note taking overview?,The source says that note taking overview is linked to threshold number 1. A required step is also mentioned in the same passage. The document keeps the explanation focused on the learning strategy use case.,"The key point is that note taking overview is linked to threshold number 1, and the passage also mentions a required step.","The key point is that note taking overview is linked to threshold number 1, but the supporting reference points to another passage.",Wrong Citation,Medium,Medium,"The answer may be correct, but the cited source or evidence reference is incorrect or mismatched.",knowledge base article
681,Healthcare,prevention,influenza guidance,Summarize the main fact about influenza guidance from the passage.,The source says that influenza guidance is linked to threshold number 10. A follow-up action is also mentioned in the same passage. The document keeps the explanation focused on the prevention use case.,"The key point is that influenza guidance is linked to threshold number 10, and the passage also mentions a follow-up action.","The key point is that influenza guidance is linked to threshold number 10, and the passage also mentions a follow-up action.",No Failure,Low,High,The answer is supported by the retrieved context and matches the expected response.,support ticket
682,Environment,wildlife,habitat loss overview,What is the correct answer regarding habitat loss overview?,The evidence shows that habitat loss overview is linked to increase number 13. A exception clause is also mentioned in the same passage. The document keeps the explanation focused on the wildlife use case.,"The key point is that habitat loss overview is linked to increase number 13, and the passage also mentions a exception clause.","The key point is that habitat loss overview is linked to increase number 13, and the passage also mentions a exception clause.",No Failure,Low,High,The answer is supported by the retrieved context and matches the expected response.,policy memo
683,Technology,security,password hashing,What does the document say about password hashing?,The context indicates that password hashing is linked to increase number 4. A estimated cost is also mentioned in the same passage. The document keeps the explanation focused on the security use case.,"The key point is that password hashing is linked to increase number 4, and the passage also mentions a estimated cost.",The context does not provide enough information to answer confidently.,Missing Context,Medium,Medium,The answer ignores useful evidence that is present in the retrieved context.,support ticket
684,Science,biology,photosynthesis overview,"According to the provided context, what is the key point about photosynthesis overview?",The passage states that photosynthesis overview is linked to deadline number 9. A verification step is also mentioned in the same passage. The document keeps the explanation focused on the biology use case.,"The key point is that photosynthesis overview is linked to deadline number 9, and the passage also mentions a verification step.","Since photosynthesis overview mentions a verification step, the model concludes an unrelated extra result that does not follow.",Reasoning Error,Medium,Medium,The model uses the available evidence but reaches an incorrect inference.,training note
685,Business,product,feature prioritization,What does the document say about feature prioritization?,The document explains that feature prioritization is linked to guideline number 9. A verification step is also mentioned in the same passage. The document keeps the explanation focused on the product use case.,"The key point is that feature prioritization is linked to guideline number 9, and the passage also mentions a verification step.",The key point is that feature prioritization is linked to guideline number 9.,Partial Answer,Medium,Medium,The response captures the core idea but leaves out an important supporting detail.,FAQ excerpt
686,Legal,privacy,data retention overview,Summarize the main fact about data retention overview from the passage.,The document explains that data retention overview is linked to increase number 3. A priority order is also mentioned in the same passage. The document keeps the explanation focused on the privacy use case.,"The key point is that data retention overview is linked to increase number 3, and the passage also mentions a priority order.","The key point is that data retention overview is not linked to increase number 3; instead, it is linked to the opposite outcome.",Contradiction,High,Low,The answer directly conflicts with the information in the retrieved context.,support ticket
687,Technology,cloud,auto scaling,What is the correct answer regarding auto scaling?,The source says that auto scaling is linked to increase number 15. A weekly review is also mentioned in the same passage. The document keeps the explanation focused on the cloud use case.,"The key point is that auto scaling is linked to increase number 15, and the passage also mentions a weekly review.",The context does not provide enough information to answer confidently.,Missing Context,Medium,Medium,The answer ignores useful evidence that is present in the retrieved context.,training note
688,Travel,safety,emergency contacts,Which detail is supported by the context for emergency contacts?,The document explains that emergency contacts is linked to comparison number 3. A required step is also mentioned in the same passage. The document keeps the explanation focused on the safety use case.,"The key point is that emergency contacts is linked to comparison number 3, and the passage also mentions a required step.",The answer concerns an unrelated topic and says that emergency contacts is mostly about a different domain.,Retrieval Failure,High,Low,The retrieved context is not relevant enough to answer the question well.,support ticket
689,Travel,planning,itinerary workflow,"According to the provided context, what is the key point about itinerary workflow?",The evidence shows that itinerary workflow is linked to procedure number 1. A best practice is also mentioned in the same passage. The document keeps the explanation focused on the planning use case.,"The key point is that itinerary workflow is linked to procedure number 1, and the passage also mentions a best practice.","Since itinerary workflow mentions a best practice, the model concludes an unrelated extra result that does not follow.",Reasoning Error,Medium,Medium,The model uses the available evidence but reaches an incorrect inference.,knowledge base article
690,Finance,risk,emergency fund,Summarize the main fact about emergency fund from the passage.,The evidence shows that emergency fund is linked to causal factor number 3. A estimated cost is also mentioned in the same passage. The document keeps the explanation focused on the risk use case.,"The key point is that emergency fund is linked to causal factor number 3, and the passage also mentions a estimated cost.","The key point is that emergency fund is linked to causal factor number 3, and the passage also mentions a estimated cost.",No Failure,Low,High,The answer is supported by the retrieved context and matches the expected response.,FAQ excerpt
691,Food,food safety,storage temperature policy,Summarize the main fact about storage temperature policy from the passage.,The evidence shows that storage temperature policy is linked to decrease number 3. A time window is also mentioned in the same passage. The document keeps the explanation focused on the food safety use case.,"The key point is that storage temperature policy is linked to decrease number 3, and the passage also mentions a time window.","The key point is that storage temperature policy is linked to decrease number 3, and the passage also mentions a time window.",No Failure,Low,High,The answer is supported by the retrieved context and matches the expected response.,support ticket
692,Legal,intellectual property,copyright workflow,Summarize the main fact about copyright workflow from the passage.,The evidence shows that copyright workflow is linked to decrease number 1. A risk factor is also mentioned in the same passage. The document keeps the explanation focused on the intellectual property use case.,"The key point is that copyright workflow is linked to decrease number 1, and the passage also mentions a risk factor.","The key point is that copyright workflow is linked to decrease number 1, but the supporting reference points to another passage.",Wrong Citation,Medium,Medium,"The answer may be correct, but the cited source or evidence reference is incorrect or mismatched.",knowledge base article
693,Education,concept,machine learning,What is the correct answer regarding machine learning?,The evidence shows that machine learning is linked to comparison number 14. A verification step is also mentioned in the same passage. The document keeps the explanation focused on the concept use case.,"The key point is that machine learning is linked to comparison number 14, and the passage also mentions a verification step.",The answer concerns an unrelated topic and says that machine learning is mostly about a different domain.,Retrieval Failure,High,Low,The retrieved context is not relevant enough to answer the question well.,policy memo
694,Healthcare,prevention,influenza,"According to the provided context, what is the key point about influenza?",The context indicates that influenza is linked to deadline number 10. A follow-up action is also mentioned in the same passage. The document keeps the explanation focused on the prevention use case.,"The key point is that influenza is linked to deadline number 10, and the passage also mentions a follow-up action.",The key point is that influenza is linked to deadline number 10.,Partial Answer,Medium,Medium,The response captures the core idea but leaves out an important supporting detail.,policy memo
695,Sports,match analysis,possession,Summarize the main fact about possession from the passage.,The document explains that possession is linked to causal factor number 6. A time window is also mentioned in the same passage. The document keeps the explanation focused on the match analysis use case.,"The key point is that possession is linked to causal factor number 6, and the passage also mentions a time window.","The key point is that possession is linked to causal factor number 6, and the passage also mentions a time window.",No Failure,Low,High,The answer is supported by the retrieved context and matches the expected response.,training note
696,Environment,waste,recycling guidance,What does the document say about recycling guidance?,The evidence shows that recycling guidance is linked to comparison number 2. A follow-up action is also mentioned in the same passage. The document keeps the explanation focused on the waste use case.,"The key point is that recycling guidance is linked to comparison number 2, and the passage also mentions a follow-up action.",The key point is that recycling guidance is linked to comparison number 2.,Partial Answer,Medium,Medium,The response captures the core idea but leaves out an important supporting detail.,knowledge base article
697,Healthcare,prevention,influenza,"According to the provided context, what is the key point about influenza?",The evidence shows that influenza is linked to recommended action number 5. A priority order is also mentioned in the same passage. The document keeps the explanation focused on the prevention use case.,"The key point is that influenza is linked to recommended action number 5, and the passage also mentions a priority order.","The key point is that influenza is linked to recommended action number 5, but the supporting reference points to another passage.",Wrong Citation,Medium,Medium,"The answer may be correct, but the cited source or evidence reference is incorrect or mismatched.",support ticket
698,Sports,team strategy,set pieces,What does the document say about set pieces?,The document explains that set pieces is linked to guideline number 3. A verification step is also mentioned in the same passage. The document keeps the explanation focused on the team strategy use case.,"The key point is that set pieces is linked to guideline number 3, and the passage also mentions a verification step.",The context does not provide enough information to answer confidently.,Missing Context,Medium,Medium,The answer ignores useful evidence that is present in the retrieved context.,knowledge base article
699,Science,physics,force and motion,"According to the provided context, what is the key point about force and motion?",The document explains that force and motion is linked to causal factor number 7. A verification step is also mentioned in the same passage. The document keeps the explanation focused on the physics use case.,"The key point is that force and motion is linked to causal factor number 7, and the passage also mentions a verification step.","The key point is that force and motion is linked to causal factor number 7, and the passage also mentions a verification step.",No Failure,Low,High,The answer is supported by the retrieved context and matches the expected response.,training note
700,Business,strategy,market positioning,What does the document say about market positioning?,The passage states that market positioning is linked to deadline number 4. A risk factor is also mentioned in the same passage. The document keeps the explanation focused on the strategy use case.,"The key point is that market positioning is linked to deadline number 4, and the passage also mentions a risk factor.","The key point is that market positioning is not linked to deadline number 4; instead, it is linked to the opposite outcome.",Contradiction,High,Low,The answer directly conflicts with the information in the retrieved context.,knowledge base article
701,Environment,wildlife,habitat loss,Summarize the main fact about habitat loss from the passage.,The document explains that habitat loss is linked to procedure number 17. A weekly review is also mentioned in the same passage. The document keeps the explanation focused on the wildlife use case.,"The key point is that habitat loss is linked to procedure number 17, and the passage also mentions a weekly review.","Since habitat loss mentions a weekly review, the model concludes an unrelated extra result that does not follow.",Reasoning Error,Medium,Medium,The model uses the available evidence but reaches an incorrect inference.,training note
702,History,leader,mauryan empire,Which detail is supported by the context for mauryan empire?,The evidence shows that mauryan empire is linked to recommended action number 17. A risk factor is also mentioned in the same passage. The document keeps the explanation focused on the leader use case.,"The key point is that mauryan empire is linked to recommended action number 17, and the passage also mentions a risk factor.",The context does not provide enough information to answer confidently.,Missing Context,Medium,Medium,The answer ignores useful evidence that is present in the retrieved context.,policy memo
703,History,culture,trade routes guidance,What does the document say about trade routes guidance?,The passage states that trade routes guidance is linked to recommended action number 1. A required step is also mentioned in the same passage. The document keeps the explanation focused on the culture use case.,"The key point is that trade routes guidance is linked to recommended action number 1, and the passage also mentions a required step.",The key point is that trade routes guidance is linked to recommended action number 1.,Partial Answer,Medium,Medium,The response captures the core idea but leaves out an important supporting detail.,training note
704,Travel,transport,rail schedules,What is the correct answer regarding rail schedules?,The context indicates that rail schedules is linked to threshold number 11. A best practice is also mentioned in the same passage. The document keeps the explanation focused on the transport use case.,"The key point is that rail schedules is linked to threshold number 11, and the passage also mentions a best practice.","The key point is that rail schedules is not linked to threshold number 11; instead, it is linked to the opposite outcome.",Contradiction,High,Low,The answer directly conflicts with the information in the retrieved context.,training note
705,Travel,planning,itinerary,Which detail is supported by the context for itinerary?,The context indicates that itinerary is linked to comparison number 10. A required step is also mentioned in the same passage. The document keeps the explanation focused on the planning use case.,"The key point is that itinerary is linked to comparison number 10, and the passage also mentions a required step.","The key point is that itinerary is not linked to comparison number 10; instead, it is linked to the opposite outcome.",Contradiction,High,Low,The answer directly conflicts with the information in the retrieved context.,support ticket
706,Finance,credit,credit score,"According to the provided context, what is the key point about credit score?",The passage states that credit score is linked to increase number 4. A estimated cost is also mentioned in the same passage. The document keeps the explanation focused on the credit use case.,"The key point is that credit score is linked to increase number 4, and the passage also mentions a estimated cost.","The key point is that credit score is not linked to increase number 4; instead, it is linked to the opposite outcome.",Contradiction,High,Low,The answer directly conflicts with the information in the retrieved context.,policy memo
707,Business,operations,inventory turnover policy,What is the correct answer regarding inventory turnover policy?,The context indicates that inventory turnover policy is linked to comparison number 16. A exception clause is also mentioned in the same passage. The document keeps the explanation focused on the operations use case.,"The key point is that inventory turnover policy is linked to comparison number 16, and the passage also mentions a exception clause.","The key point is that inventory turnover policy is linked to comparison number 16, and it also causes a completely unsupported major issue.",Hallucination,High,Low,The model adds an unsupported detail that does not appear in the retrieved context.,training note
708,Sports,tactics,pressing,Summarize the main fact about pressing from the passage.,The source says that pressing is linked to procedure number 1. A exception clause is also mentioned in the same passage. The document keeps the explanation focused on the tactics use case.,"The key point is that pressing is linked to procedure number 1, and the passage also mentions a exception clause.","The key point is that pressing is not linked to procedure number 1; instead, it is linked to the opposite outcome.",Contradiction,High,Low,The answer directly conflicts with the information in the retrieved context.,training note
709,Education,assignment,research methods,Which detail is supported by the context for research methods?,The passage states that research methods is linked to warning sign number 7. A follow-up action is also mentioned in the same passage. The document keeps the explanation focused on the assignment use case.,"The key point is that research methods is linked to warning sign number 7, and the passage also mentions a follow-up action.",The answer concerns an unrelated topic and says that research methods is mostly about a different domain.,Retrieval Failure,High,Low,The retrieved context is not relevant enough to answer the question well.,training note
710,Legal,privacy,data retention guidance,What is the correct answer regarding data retention guidance?,The passage states that data retention guidance is linked to procedure number 8. A exception clause is also mentioned in the same passage. The document keeps the explanation focused on the privacy use case.,"The key point is that data retention guidance is linked to procedure number 8, and the passage also mentions a exception clause.","Since data retention guidance mentions a exception clause, the model concludes an unrelated extra result that does not follow.",Reasoning Error,Medium,Medium,The model uses the available evidence but reaches an incorrect inference.,policy memo
711,Business,sales,conversion rate guidance,"According to the provided context, what is the key point about conversion rate guidance?",The evidence shows that conversion rate guidance is linked to increase number 15. A risk factor is also mentioned in the same passage. The document keeps the explanation focused on the sales use case.,"The key point is that conversion rate guidance is linked to increase number 15, and the passage also mentions a risk factor.","The key point is that conversion rate guidance is not linked to increase number 15; instead, it is linked to the opposite outcome.",Contradiction,High,Low,The answer directly conflicts with the information in the retrieved context.,knowledge base article
712,History,leader,mauryan empire benchmark,What is the correct answer regarding mauryan empire benchmark?,The document explains that mauryan empire benchmark is linked to comparison number 1. A estimated cost is also mentioned in the same passage. The document keeps the explanation focused on the leader use case.,"The key point is that mauryan empire benchmark is linked to comparison number 1, and the passage also mentions a estimated cost.","The key point is that mauryan empire benchmark is linked to comparison number 1, and the passage also mentions a estimated cost.",No Failure,Low,High,The answer is supported by the retrieved context and matches the expected response.,policy memo
713,Sports,statistics,win rate overview,What is the correct answer regarding win rate overview?,The context indicates that win rate overview is linked to causal factor number 2. A weekly review is also mentioned in the same passage. The document keeps the explanation focused on the statistics use case.,"The key point is that win rate overview is linked to causal factor number 2, and the passage also mentions a weekly review.","The key point is that win rate overview is not linked to causal factor number 2; instead, it is linked to the opposite outcome.",Contradiction,High,Low,The answer directly conflicts with the information in the retrieved context.,policy memo
714,Sports,tactics,pressing,Summarize the main fact about pressing from the passage.,The context indicates that pressing is linked to guideline number 12. A priority order is also mentioned in the same passage. The document keeps the explanation focused on the tactics use case.,"The key point is that pressing is linked to guideline number 12, and the passage also mentions a priority order.",The key point is that pressing is linked to guideline number 12.,Partial Answer,Medium,Medium,The response captures the core idea but leaves out an important supporting detail.,support ticket
715,Environment,energy,solar adoption,Which detail is supported by the context for solar adoption?,The evidence shows that solar adoption is linked to guideline number 12. A follow-up action is also mentioned in the same passage. The document keeps the explanation focused on the energy use case.,"The key point is that solar adoption is linked to guideline number 12, and the passage also mentions a follow-up action.","The key point is that solar adoption is linked to guideline number 12, and it also causes a completely unsupported major issue.",Hallucination,High,Low,The model adds an unsupported detail that does not appear in the retrieved context.,training note
716,Business,sales,conversion rate guidance,"According to the provided context, what is the key point about conversion rate guidance?",The evidence shows that conversion rate guidance is linked to deadline number 13. A time window is also mentioned in the same passage. The document keeps the explanation focused on the sales use case.,"The key point is that conversion rate guidance is linked to deadline number 13, and the passage also mentions a time window.",The answer concerns an unrelated topic and says that conversion rate guidance is mostly about a different domain.,Retrieval Failure,High,Low,The retrieved context is not relevant enough to answer the question well.,policy memo
717,Travel,booking,cancellation policy overview,What does the document say about cancellation policy overview?,The source says that cancellation policy overview is linked to comparison number 17. A risk factor is also mentioned in the same passage. The document keeps the explanation focused on the booking use case.,"The key point is that cancellation policy overview is linked to comparison number 17, and the passage also mentions a risk factor.","The key point is that cancellation policy overview is linked to comparison number 17, and it also causes a completely unsupported major issue.",Hallucination,High,Low,The model adds an unsupported detail that does not appear in the retrieved context.,policy memo
718,Technology,software design,API rate limiting,Summarize the main fact about API rate limiting from the passage.,The context indicates that API rate limiting is linked to causal factor number 12. A risk factor is also mentioned in the same passage. The document keeps the explanation focused on the software design use case.,"The key point is that API rate limiting is linked to causal factor number 12, and the passage also mentions a risk factor.","The key point is that API rate limiting is linked to causal factor number 12, and the passage also mentions a risk factor.",No Failure,Low,High,The answer is supported by the retrieved context and matches the expected response.,training note
719,History,period,renaissance overview,What is the correct answer regarding renaissance overview?,The passage states that renaissance overview is linked to guideline number 7. A time window is also mentioned in the same passage. The document keeps the explanation focused on the period use case.,"The key point is that renaissance overview is linked to guideline number 7, and the passage also mentions a time window.",The key point is that renaissance overview is linked to guideline number 7.,Partial Answer,Medium,Medium,The response captures the core idea but leaves out an important supporting detail.,training note
720,Finance,budgeting,monthly expenses,What does the document say about monthly expenses?,The evidence shows that monthly expenses is linked to recommended action number 4. A best practice is also mentioned in the same passage. The document keeps the explanation focused on the budgeting use case.,"The key point is that monthly expenses is linked to recommended action number 4, and the passage also mentions a best practice.",The answer concerns an unrelated topic and says that monthly expenses is mostly about a different domain.,Retrieval Failure,High,Low,The retrieved context is not relevant enough to answer the question well.,FAQ excerpt
721,History,conflict,world war II,What is the correct answer regarding world war II?,The document explains that world war II is linked to threshold number 10. A exception clause is also mentioned in the same passage. The document keeps the explanation focused on the conflict use case.,"The key point is that world war II is linked to threshold number 10, and the passage also mentions a exception clause.",The key point is that world war II is linked to threshold number 10.,Partial Answer,Medium,Medium,The response captures the core idea but leaves out an important supporting detail.,FAQ excerpt
722,Legal,employment,notice period guidance,Which detail is supported by the context for notice period guidance?,The evidence shows that notice period guidance is linked to procedure number 14. A priority order is also mentioned in the same passage. The document keeps the explanation focused on the employment use case.,"The key point is that notice period guidance is linked to procedure number 14, and the passage also mentions a priority order.","The key point is that notice period guidance is not linked to procedure number 14; instead, it is linked to the opposite outcome.",Contradiction,High,Low,The answer directly conflicts with the information in the retrieved context.,FAQ excerpt
723,Education,learning strategy,note taking,Which detail is supported by the context for note taking?,The document explains that note taking is linked to recommended action number 15. A weekly review is also mentioned in the same passage. The document keeps the explanation focused on the learning strategy use case.,"The key point is that note taking is linked to recommended action number 15, and the passage also mentions a weekly review.","The key point is that note taking is not linked to recommended action number 15; instead, it is linked to the opposite outcome.",Contradiction,High,Low,The answer directly conflicts with the information in the retrieved context.,policy memo
724,Healthcare,treatment,hypertension,What does the document say about hypertension?,The document explains that hypertension is linked to recommended action number 6. A required step is also mentioned in the same passage. The document keeps the explanation focused on the treatment use case.,"The key point is that hypertension is linked to recommended action number 6, and the passage also mentions a required step.","The key point is that hypertension is linked to recommended action number 6, and the passage also mentions a required step.",No Failure,Low,High,The answer is supported by the retrieved context and matches the expected response.,training note
725,Science,biology,photosynthesis policy,What is the correct answer regarding photosynthesis policy?,The context indicates that photosynthesis policy is linked to recommended action number 9. A time window is also mentioned in the same passage. The document keeps the explanation focused on the biology use case.,"The key point is that photosynthesis policy is linked to recommended action number 9, and the passage also mentions a time window.","The key point is that photosynthesis policy is not linked to recommended action number 9; instead, it is linked to the opposite outcome.",Contradiction,High,Low,The answer directly conflicts with the information in the retrieved context.,support ticket
726,Finance,budgeting,monthly expenses,Summarize the main fact about monthly expenses from the passage.,The document explains that monthly expenses is linked to recommended action number 5. A time window is also mentioned in the same passage. The document keeps the explanation focused on the budgeting use case.,"The key point is that monthly expenses is linked to recommended action number 5, and the passage also mentions a time window.","The key point is that monthly expenses is linked to recommended action number 5, and the passage also mentions a time window.",No Failure,Low,High,The answer is supported by the retrieved context and matches the expected response.,training note
727,Finance,banking,loan repayment policy,Which detail is supported by the context for loan repayment policy?,The passage states that loan repayment policy is linked to decrease number 6. A risk factor is also mentioned in the same passage. The document keeps the explanation focused on the banking use case.,"The key point is that loan repayment policy is linked to decrease number 6, and the passage also mentions a risk factor.",The key point is that loan repayment policy is linked to decrease number 6.,Partial Answer,Medium,Medium,The response captures the core idea but leaves out an important supporting detail.,knowledge base article
728,Healthcare,lab results,anemia policy,What is the correct answer regarding anemia policy?,The document explains that anemia policy is linked to guideline number 6. A exception clause is also mentioned in the same passage. The document keeps the explanation focused on the lab results use case.,"The key point is that anemia policy is linked to guideline number 6, and the passage also mentions a exception clause.","The key point is that anemia policy is linked to guideline number 6, and it also causes a completely unsupported major issue.",Hallucination,High,Low,The model adds an unsupported detail that does not appear in the retrieved context.,support ticket
729,Science,astronomy,exoplanets policy,"According to the provided context, what is the key point about exoplanets policy?",The context indicates that exoplanets policy is linked to guideline number 17. A verification step is also mentioned in the same passage. The document keeps the explanation focused on the astronomy use case.,"The key point is that exoplanets policy is linked to guideline number 17, and the passage also mentions a verification step.","The key point is that exoplanets policy is not linked to guideline number 17; instead, it is linked to the opposite outcome.",Contradiction,High,Low,The answer directly conflicts with the information in the retrieved context.,training note
730,Business,sales,conversion rate,"According to the provided context, what is the key point about conversion rate?",The source says that conversion rate is linked to causal factor number 8. A estimated cost is also mentioned in the same passage. The document keeps the explanation focused on the sales use case.,"The key point is that conversion rate is linked to causal factor number 8, and the passage also mentions a estimated cost.","The key point is that conversion rate is linked to causal factor number 8, but the supporting reference points to another passage.",Wrong Citation,Medium,Medium,"The answer may be correct, but the cited source or evidence reference is incorrect or mismatched.",support ticket
731,Education,exam prep,linear algebra,"According to the provided context, what is the key point about linear algebra?",The context indicates that linear algebra is linked to causal factor number 11. A best practice is also mentioned in the same passage. The document keeps the explanation focused on the exam prep use case.,"The key point is that linear algebra is linked to causal factor number 11, and the passage also mentions a best practice.",The context does not provide enough information to answer confidently.,Missing Context,Medium,Medium,The answer ignores useful evidence that is present in the retrieved context.,knowledge base article
732,Finance,investment,index funds,What is the correct answer regarding index funds?,The source says that index funds is linked to causal factor number 11. A verification step is also mentioned in the same passage. The document keeps the explanation focused on the investment use case.,"The key point is that index funds is linked to causal factor number 11, and the passage also mentions a verification step.",The key point is that index funds is linked to causal factor number 11.,Partial Answer,Medium,Medium,The response captures the core idea but leaves out an important supporting detail.,policy memo
733,Legal,contract clause,termination workflow,What does the document say about termination workflow?,The passage states that termination workflow is linked to deadline number 16. A exception clause is also mentioned in the same passage. The document keeps the explanation focused on the contract clause use case.,"The key point is that termination workflow is linked to deadline number 16, and the passage also mentions a exception clause.","The key point is that termination workflow is linked to deadline number 16, and it also causes a completely unsupported major issue.",Hallucination,High,Low,The model adds an unsupported detail that does not appear in the retrieved context.,FAQ excerpt
734,Environment,water,contamination benchmark,"According to the provided context, what is the key point about contamination benchmark?",The evidence shows that contamination benchmark is linked to threshold number 8. A estimated cost is also mentioned in the same passage. The document keeps the explanation focused on the water use case.,"The key point is that contamination benchmark is linked to threshold number 8, and the passage also mentions a estimated cost.",The key point is that contamination benchmark is linked to threshold number 8.,Partial Answer,Medium,Medium,The response captures the core idea but leaves out an important supporting detail.,policy memo
735,Technology,cloud,auto scaling,What does the document say about auto scaling?,The evidence shows that auto scaling is linked to procedure number 13. A risk factor is also mentioned in the same passage. The document keeps the explanation focused on the cloud use case.,"The key point is that auto scaling is linked to procedure number 13, and the passage also mentions a risk factor.","The key point is that auto scaling is not linked to procedure number 13; instead, it is linked to the opposite outcome.",Contradiction,High,Low,The answer directly conflicts with the information in the retrieved context.,support ticket
736,Technology,cloud,auto scaling,"According to the provided context, what is the key point about auto scaling?",The document explains that auto scaling is linked to decrease number 9. A verification step is also mentioned in the same passage. The document keeps the explanation focused on the cloud use case.,"The key point is that auto scaling is linked to decrease number 9, and the passage also mentions a verification step.","The key point is that auto scaling is linked to decrease number 9, and it also causes a completely unsupported major issue.",Hallucination,High,Low,The model adds an unsupported detail that does not appear in the retrieved context.,FAQ excerpt
737,Healthcare,prevention,influenza overview,Which detail is supported by the context for influenza overview?,The evidence shows that influenza overview is linked to deadline number 14. A estimated cost is also mentioned in the same passage. The document keeps the explanation focused on the prevention use case.,"The key point is that influenza overview is linked to deadline number 14, and the passage also mentions a estimated cost.","The key point is that influenza overview is linked to deadline number 14, and the passage also mentions a estimated cost.",No Failure,Low,High,The answer is supported by the retrieved context and matches the expected response.,policy memo
738,Healthcare,diagnosis,type 2 diabetes policy,Which detail is supported by the context for type 2 diabetes policy?,The evidence shows that type 2 diabetes policy is linked to recommended action number 16. A exception clause is also mentioned in the same passage. The document keeps the explanation focused on the diagnosis use case.,"The key point is that type 2 diabetes policy is linked to recommended action number 16, and the passage also mentions a exception clause.",The key point is that type 2 diabetes policy is linked to recommended action number 16.,Partial Answer,Medium,Medium,The response captures the core idea but leaves out an important supporting detail.,FAQ excerpt
739,Business,sales,conversion rate,Which detail is supported by the context for conversion rate?,The context indicates that conversion rate is linked to comparison number 12. A risk factor is also mentioned in the same passage. The document keeps the explanation focused on the sales use case.,"The key point is that conversion rate is linked to comparison number 12, and the passage also mentions a risk factor.","Since conversion rate mentions a risk factor, the model concludes an unrelated extra result that does not follow.",Reasoning Error,Medium,Medium,The model uses the available evidence but reaches an incorrect inference.,FAQ excerpt
740,Technology,cloud,auto scaling benchmark,"According to the provided context, what is the key point about auto scaling benchmark?",The passage states that auto scaling benchmark is linked to procedure number 2. A weekly review is also mentioned in the same passage. The document keeps the explanation focused on the cloud use case.,"The key point is that auto scaling benchmark is linked to procedure number 2, and the passage also mentions a weekly review.",The context does not provide enough information to answer confidently.,Missing Context,Medium,Medium,The answer ignores useful evidence that is present in the retrieved context.,support ticket
741,Education,exam prep,linear algebra,What does the document say about linear algebra?,The context indicates that linear algebra is linked to comparison number 14. A time window is also mentioned in the same passage. The document keeps the explanation focused on the exam prep use case.,"The key point is that linear algebra is linked to comparison number 14, and the passage also mentions a time window.","Since linear algebra mentions a time window, the model concludes an unrelated extra result that does not follow.",Reasoning Error,Medium,Medium,The model uses the available evidence but reaches an incorrect inference.,FAQ excerpt
742,Finance,credit,credit score policy,"According to the provided context, what is the key point about credit score policy?",The evidence shows that credit score policy is linked to causal factor number 10. A exception clause is also mentioned in the same passage. The document keeps the explanation focused on the credit use case.,"The key point is that credit score policy is linked to causal factor number 10, and the passage also mentions a exception clause.",The answer concerns an unrelated topic and says that credit score policy is mostly about a different domain.,Retrieval Failure,High,Low,The retrieved context is not relevant enough to answer the question well.,policy memo
743,Environment,water,contamination benchmark,"According to the provided context, what is the key point about contamination benchmark?",The evidence shows that contamination benchmark is linked to procedure number 17. A time window is also mentioned in the same passage. The document keeps the explanation focused on the water use case.,"The key point is that contamination benchmark is linked to procedure number 17, and the passage also mentions a time window.",The key point is that contamination benchmark is linked to procedure number 17.,Partial Answer,Medium,Medium,The response captures the core idea but leaves out an important supporting detail.,support ticket
744,Healthcare,prevention,influenza,Which detail is supported by the context for influenza?,The source says that influenza is linked to decrease number 16. A estimated cost is also mentioned in the same passage. The document keeps the explanation focused on the prevention use case.,"The key point is that influenza is linked to decrease number 16, and the passage also mentions a estimated cost.","The key point is that influenza is linked to decrease number 16, and it also causes a completely unsupported major issue.",Hallucination,High,Low,The model adds an unsupported detail that does not appear in the retrieved context.,knowledge base article
745,Legal,privacy,data retention overview,What does the document say about data retention overview?,The context indicates that data retention overview is linked to procedure number 6. A risk factor is also mentioned in the same passage. The document keeps the explanation focused on the privacy use case.,"The key point is that data retention overview is linked to procedure number 6, and the passage also mentions a risk factor.","The key point is that data retention overview is not linked to procedure number 6; instead, it is linked to the opposite outcome.",Contradiction,High,Low,The answer directly conflicts with the information in the retrieved context.,support ticket
746,Travel,budget travel,daily spending workflow,"According to the provided context, what is the key point about daily spending workflow?",The evidence shows that daily spending workflow is linked to deadline number 6. A follow-up action is also mentioned in the same passage. The document keeps the explanation focused on the budget travel use case.,"The key point is that daily spending workflow is linked to deadline number 6, and the passage also mentions a follow-up action.","The key point is that daily spending workflow is linked to deadline number 6, but the supporting reference points to another passage.",Wrong Citation,Medium,Medium,"The answer may be correct, but the cited source or evidence reference is incorrect or mismatched.",support ticket
747,Healthcare,diagnosis,type 2 diabetes workflow,Summarize the main fact about type 2 diabetes workflow from the passage.,The passage states that type 2 diabetes workflow is linked to guideline number 10. A weekly review is also mentioned in the same passage. The document keeps the explanation focused on the diagnosis use case.,"The key point is that type 2 diabetes workflow is linked to guideline number 10, and the passage also mentions a weekly review.","The key point is that type 2 diabetes workflow is linked to guideline number 10, and the passage also mentions a weekly review.",No Failure,Low,High,The answer is supported by the retrieved context and matches the expected response.,knowledge base article
748,Healthcare,medication,asthma benchmark,"According to the provided context, what is the key point about asthma benchmark?",The evidence shows that asthma benchmark is linked to causal factor number 4. A time window is also mentioned in the same passage. The document keeps the explanation focused on the medication use case.,"The key point is that asthma benchmark is linked to causal factor number 4, and the passage also mentions a time window.",The context does not provide enough information to answer confidently.,Missing Context,Medium,Medium,The answer ignores useful evidence that is present in the retrieved context.,policy memo
749,Healthcare,symptoms,migraine,What does the document say about migraine?,The passage states that migraine is linked to guideline number 1. A priority order is also mentioned in the same passage. The document keeps the explanation focused on the symptoms use case.,"The key point is that migraine is linked to guideline number 1, and the passage also mentions a priority order.","Since migraine mentions a priority order, the model concludes an unrelated extra result that does not follow.",Reasoning Error,Medium,Medium,The model uses the available evidence but reaches an incorrect inference.,FAQ excerpt
750,Sports,tactics,pressing overview,What does the document say about pressing overview?,The source says that pressing overview is linked to procedure number 6. A best practice is also mentioned in the same passage. The document keeps the explanation focused on the tactics use case.,"The key point is that pressing overview is linked to procedure number 6, and the passage also mentions a best practice.",The context does not provide enough information to answer confidently.,Missing Context,Medium,Medium,The answer ignores useful evidence that is present in the retrieved context.,FAQ excerpt
751,Healthcare,diagnosis,type 2 diabetes benchmark,What does the document say about type 2 diabetes benchmark?,The document explains that type 2 diabetes benchmark is linked to comparison number 9. A exception clause is also mentioned in the same passage. The document keeps the explanation focused on the diagnosis use case.,"The key point is that type 2 diabetes benchmark is linked to comparison number 9, and the passage also mentions a exception clause.",The context does not provide enough information to answer confidently.,Missing Context,Medium,Medium,The answer ignores useful evidence that is present in the retrieved context.,FAQ excerpt
752,Environment,wildlife,habitat loss guidance,"According to the provided context, what is the key point about habitat loss guidance?",The context indicates that habitat loss guidance is linked to procedure number 7. A weekly review is also mentioned in the same passage. The document keeps the explanation focused on the wildlife use case.,"The key point is that habitat loss guidance is linked to procedure number 7, and the passage also mentions a weekly review.","The key point is that habitat loss guidance is linked to procedure number 7, and it also causes a completely unsupported major issue.",Hallucination,High,Low,The model adds an unsupported detail that does not appear in the retrieved context.,knowledge base article
753,Food,diet,fiber,What is the correct answer regarding fiber?,The source says that fiber is linked to decrease number 3. A weekly review is also mentioned in the same passage. The document keeps the explanation focused on the diet use case.,"The key point is that fiber is linked to decrease number 3, and the passage also mentions a weekly review.","The key point is that fiber is linked to decrease number 3, but the supporting reference points to another passage.",Wrong Citation,Medium,Medium,"The answer may be correct, but the cited source or evidence reference is incorrect or mismatched.",policy memo
754,Legal,contract clause,termination,"According to the provided context, what is the key point about termination?",The evidence shows that termination is linked to comparison number 7. A estimated cost is also mentioned in the same passage. The document keeps the explanation focused on the contract clause use case.,"The key point is that termination is linked to comparison number 7, and the passage also mentions a estimated cost.",The answer concerns an unrelated topic and says that termination is mostly about a different domain.,Retrieval Failure,High,Low,The retrieved context is not relevant enough to answer the question well.,policy memo
755,Travel,budget travel,daily spending,Which detail is supported by the context for daily spending?,The passage states that daily spending is linked to comparison number 10. A weekly review is also mentioned in the same passage. The document keeps the explanation focused on the budget travel use case.,"The key point is that daily spending is linked to comparison number 10, and the passage also mentions a weekly review.","Since daily spending mentions a weekly review, the model concludes an unrelated extra result that does not follow.",Reasoning Error,Medium,Medium,The model uses the available evidence but reaches an incorrect inference.,training note
756,Healthcare,prevention,influenza,"According to the provided context, what is the key point about influenza?",The passage states that influenza is linked to comparison number 11. A follow-up action is also mentioned in the same passage. The document keeps the explanation focused on the prevention use case.,"The key point is that influenza is linked to comparison number 11, and the passage also mentions a follow-up action.","The key point is that influenza is linked to comparison number 11, and it also causes a completely unsupported major issue.",Hallucination,High,Low,The model adds an unsupported detail that does not appear in the retrieved context.,knowledge base article
757,Food,meal planning,portion control,Which detail is supported by the context for portion control?,The document explains that portion control is linked to comparison number 7. A required step is also mentioned in the same passage. The document keeps the explanation focused on the meal planning use case.,"The key point is that portion control is linked to comparison number 7, and the passage also mentions a required step.","The key point is that portion control is linked to comparison number 7, and it also causes a completely unsupported major issue.",Hallucination,High,Low,The model adds an unsupported detail that does not appear in the retrieved context.,training note
758,Science,environmental science,water quality policy,What does the document say about water quality policy?,The context indicates that water quality policy is linked to guideline number 14. A weekly review is also mentioned in the same passage. The document keeps the explanation focused on the environmental science use case.,"The key point is that water quality policy is linked to guideline number 14, and the passage also mentions a weekly review.","The key point is that water quality policy is linked to guideline number 14, and the passage also mentions a weekly review.",No Failure,Low,High,The answer is supported by the retrieved context and matches the expected response.,support ticket
759,Food,recipe,baking guidance,Summarize the main fact about baking guidance from the passage.,The passage states that baking guidance is linked to deadline number 3. A verification step is also mentioned in the same passage. The document keeps the explanation focused on the recipe use case.,"The key point is that baking guidance is linked to deadline number 3, and the passage also mentions a verification step.",The key point is that baking guidance is linked to deadline number 3.,Partial Answer,Medium,Medium,The response captures the core idea but leaves out an important supporting detail.,support ticket
760,Business,strategy,market positioning,Summarize the main fact about market positioning from the passage.,The document explains that market positioning is linked to causal factor number 4. A follow-up action is also mentioned in the same passage. The document keeps the explanation focused on the strategy use case.,"The key point is that market positioning is linked to causal factor number 4, and the passage also mentions a follow-up action.","The key point is that market positioning is linked to causal factor number 4, but the supporting reference points to another passage.",Wrong Citation,Medium,Medium,"The answer may be correct, but the cited source or evidence reference is incorrect or mismatched.",support ticket
761,Education,learning strategy,note taking overview,What is the correct answer regarding note taking overview?,The source says that note taking overview is linked to increase number 6. A best practice is also mentioned in the same passage. The document keeps the explanation focused on the learning strategy use case.,"The key point is that note taking overview is linked to increase number 6, and the passage also mentions a best practice.",The key point is that note taking overview is linked to increase number 6.,Partial Answer,Medium,Medium,The response captures the core idea but leaves out an important supporting detail.,training note
762,Healthcare,medication,asthma,What is the correct answer regarding asthma?,The source says that asthma is linked to recommended action number 4. A priority order is also mentioned in the same passage. The document keeps the explanation focused on the medication use case.,"The key point is that asthma is linked to recommended action number 4, and the passage also mentions a priority order.",The key point is that asthma is linked to recommended action number 4.,Partial Answer,Medium,Medium,The response captures the core idea but leaves out an important supporting detail.,knowledge base article
763,Legal,privacy,data retention overview,Summarize the main fact about data retention overview from the passage.,The context indicates that data retention overview is linked to decrease number 10. A follow-up action is also mentioned in the same passage. The document keeps the explanation focused on the privacy use case.,"The key point is that data retention overview is linked to decrease number 10, and the passage also mentions a follow-up action.","The key point is that data retention overview is linked to decrease number 10, and it also causes a completely unsupported major issue.",Hallucination,High,Low,The model adds an unsupported detail that does not appear in the retrieved context.,support ticket
764,Legal,intellectual property,copyright,What does the document say about copyright?,The evidence shows that copyright is linked to causal factor number 6. A required step is also mentioned in the same passage. The document keeps the explanation focused on the intellectual property use case.,"The key point is that copyright is linked to causal factor number 6, and the passage also mentions a required step.","Since copyright mentions a required step, the model concludes an unrelated extra result that does not follow.",Reasoning Error,Medium,Medium,The model uses the available evidence but reaches an incorrect inference.,policy memo
765,Environment,waste,recycling benchmark,What is the correct answer regarding recycling benchmark?,The evidence shows that recycling benchmark is linked to warning sign number 9. A exception clause is also mentioned in the same passage. The document keeps the explanation focused on the waste use case.,"The key point is that recycling benchmark is linked to warning sign number 9, and the passage also mentions a exception clause.","Since recycling benchmark mentions a exception clause, the model concludes an unrelated extra result that does not follow.",Reasoning Error,Medium,Medium,The model uses the available evidence but reaches an incorrect inference.,knowledge base article
766,Education,study plan,final revision policy,What does the document say about final revision policy?,The source says that final revision policy is linked to increase number 4. A risk factor is also mentioned in the same passage. The document keeps the explanation focused on the study plan use case.,"The key point is that final revision policy is linked to increase number 4, and the passage also mentions a risk factor.",The key point is that final revision policy is linked to increase number 4.,Partial Answer,Medium,Medium,The response captures the core idea but leaves out an important supporting detail.,knowledge base article
767,Technology,networking,latency,What is the correct answer regarding latency?,The document explains that latency is linked to threshold number 7. A weekly review is also mentioned in the same passage. The document keeps the explanation focused on the networking use case.,"The key point is that latency is linked to threshold number 7, and the passage also mentions a weekly review.",The context does not provide enough information to answer confidently.,Missing Context,Medium,Medium,The answer ignores useful evidence that is present in the retrieved context.,knowledge base article
768,Sports,training,recovery policy,What is the correct answer regarding recovery policy?,The context indicates that recovery policy is linked to deadline number 10. A risk factor is also mentioned in the same passage. The document keeps the explanation focused on the training use case.,"The key point is that recovery policy is linked to deadline number 10, and the passage also mentions a risk factor.","The key point is that recovery policy is linked to deadline number 10, and the passage also mentions a risk factor.",No Failure,Low,High,The answer is supported by the retrieved context and matches the expected response.,policy memo
769,Science,chemistry,reaction rate,What is the correct answer regarding reaction rate?,The evidence shows that reaction rate is linked to increase number 4. A time window is also mentioned in the same passage. The document keeps the explanation focused on the chemistry use case.,"The key point is that reaction rate is linked to increase number 4, and the passage also mentions a time window.","The key point is that reaction rate is linked to increase number 4, and it also causes a completely unsupported major issue.",Hallucination,High,Low,The model adds an unsupported detail that does not appear in the retrieved context.,FAQ excerpt
770,Science,environmental science,water quality,What is the correct answer regarding water quality?,The evidence shows that water quality is linked to causal factor number 12. A exception clause is also mentioned in the same passage. The document keeps the explanation focused on the environmental science use case.,"The key point is that water quality is linked to causal factor number 12, and the passage also mentions a exception clause.",The context does not provide enough information to answer confidently.,Missing Context,Medium,Medium,The answer ignores useful evidence that is present in the retrieved context.,knowledge base article
771,Finance,credit,credit score,"According to the provided context, what is the key point about credit score?",The context indicates that credit score is linked to decrease number 4. A exception clause is also mentioned in the same passage. The document keeps the explanation focused on the credit use case.,"The key point is that credit score is linked to decrease number 4, and the passage also mentions a exception clause.",The key point is that credit score is linked to decrease number 4.,Partial Answer,Medium,Medium,The response captures the core idea but leaves out an important supporting detail.,policy memo
772,Food,food safety,storage temperature policy,"According to the provided context, what is the key point about storage temperature policy?",The document explains that storage temperature policy is linked to deadline number 5. A estimated cost is also mentioned in the same passage. The document keeps the explanation focused on the food safety use case.,"The key point is that storage temperature policy is linked to deadline number 5, and the passage also mentions a estimated cost.",The context does not provide enough information to answer confidently.,Missing Context,Medium,Medium,The answer ignores useful evidence that is present in the retrieved context.,knowledge base article
773,Legal,compliance,record keeping,What is the correct answer regarding record keeping?,The evidence shows that record keeping is linked to increase number 2. A exception clause is also mentioned in the same passage. The document keeps the explanation focused on the compliance use case.,"The key point is that record keeping is linked to increase number 2, and the passage also mentions a exception clause.",The key point is that record keeping is linked to increase number 2.,Partial Answer,Medium,Medium,The response captures the core idea but leaves out an important supporting detail.,training note
774,Sports,statistics,win rate workflow,Which detail is supported by the context for win rate workflow?,The context indicates that win rate workflow is linked to causal factor number 14. A estimated cost is also mentioned in the same passage. The document keeps the explanation focused on the statistics use case.,"The key point is that win rate workflow is linked to causal factor number 14, and the passage also mentions a estimated cost.","The key point is that win rate workflow is linked to causal factor number 14, and the passage also mentions a estimated cost.",No Failure,Low,High,The answer is supported by the retrieved context and matches the expected response.,FAQ excerpt
775,Science,physics,force and motion benchmark,What does the document say about force and motion benchmark?,The document explains that force and motion benchmark is linked to procedure number 1. A follow-up action is also mentioned in the same passage. The document keeps the explanation focused on the physics use case.,"The key point is that force and motion benchmark is linked to procedure number 1, and the passage also mentions a follow-up action.","The key point is that force and motion benchmark is linked to procedure number 1, and it also causes a completely unsupported major issue.",Hallucination,High,Low,The model adds an unsupported detail that does not appear in the retrieved context.,support ticket
776,Healthcare,medication,asthma,What does the document say about asthma?,The passage states that asthma is linked to increase number 2. A required step is also mentioned in the same passage. The document keeps the explanation focused on the medication use case.,"The key point is that asthma is linked to increase number 2, and the passage also mentions a required step.","The key point is that asthma is linked to increase number 2, and it also causes a completely unsupported major issue.",Hallucination,High,Low,The model adds an unsupported detail that does not appear in the retrieved context.,training note
777,Travel,planning,itinerary,What is the correct answer regarding itinerary?,The document explains that itinerary is linked to procedure number 16. A risk factor is also mentioned in the same passage. The document keeps the explanation focused on the planning use case.,"The key point is that itinerary is linked to procedure number 16, and the passage also mentions a risk factor.","Since itinerary mentions a risk factor, the model concludes an unrelated extra result that does not follow.",Reasoning Error,Medium,Medium,The model uses the available evidence but reaches an incorrect inference.,training note
778,Technology,cloud,auto scaling guidance,What is the correct answer regarding auto scaling guidance?,The source says that auto scaling guidance is linked to deadline number 9. A time window is also mentioned in the same passage. The document keeps the explanation focused on the cloud use case.,"The key point is that auto scaling guidance is linked to deadline number 9, and the passage also mentions a time window.","The key point is that auto scaling guidance is not linked to deadline number 9; instead, it is linked to the opposite outcome.",Contradiction,High,Low,The answer directly conflicts with the information in the retrieved context.,policy memo
779,Science,chemistry,reaction rate guidance,What does the document say about reaction rate guidance?,The document explains that reaction rate guidance is linked to recommended action number 2. A estimated cost is also mentioned in the same passage. The document keeps the explanation focused on the chemistry use case.,"The key point is that reaction rate guidance is linked to recommended action number 2, and the passage also mentions a estimated cost.","The key point is that reaction rate guidance is linked to recommended action number 2, and it also causes a completely unsupported major issue.",Hallucination,High,Low,The model adds an unsupported detail that does not appear in the retrieved context.,FAQ excerpt
780,Science,earth science,climate patterns,Which detail is supported by the context for climate patterns?,The evidence shows that climate patterns is linked to causal factor number 5. A weekly review is also mentioned in the same passage. The document keeps the explanation focused on the earth science use case.,"The key point is that climate patterns is linked to causal factor number 5, and the passage also mentions a weekly review.",The key point is that climate patterns is linked to causal factor number 5.,Partial Answer,Medium,Medium,The response captures the core idea but leaves out an important supporting detail.,support ticket
781,Legal,intellectual property,copyright,Which detail is supported by the context for copyright?,The context indicates that copyright is linked to guideline number 12. A best practice is also mentioned in the same passage. The document keeps the explanation focused on the intellectual property use case.,"The key point is that copyright is linked to guideline number 12, and the passage also mentions a best practice.",The key point is that copyright is linked to guideline number 12.,Partial Answer,Medium,Medium,The response captures the core idea but leaves out an important supporting detail.,support ticket
782,Science,chemistry,reaction rate policy,Summarize the main fact about reaction rate policy from the passage.,The context indicates that reaction rate policy is linked to increase number 15. A priority order is also mentioned in the same passage. The document keeps the explanation focused on the chemistry use case.,"The key point is that reaction rate policy is linked to increase number 15, and the passage also mentions a priority order.",The key point is that reaction rate policy is linked to increase number 15.,Partial Answer,Medium,Medium,The response captures the core idea but leaves out an important supporting detail.,support ticket
783,Travel,local rules,visa requirements policy,What is the correct answer regarding visa requirements policy?,The evidence shows that visa requirements policy is linked to deadline number 11. A weekly review is also mentioned in the same passage. The document keeps the explanation focused on the local rules use case.,"The key point is that visa requirements policy is linked to deadline number 11, and the passage also mentions a weekly review.","The key point is that visa requirements policy is not linked to deadline number 11; instead, it is linked to the opposite outcome.",Contradiction,High,Low,The answer directly conflicts with the information in the retrieved context.,knowledge base article
784,History,movement,civil rights benchmark,Summarize the main fact about civil rights benchmark from the passage.,The context indicates that civil rights benchmark is linked to threshold number 5. A time window is also mentioned in the same passage. The document keeps the explanation focused on the movement use case.,"The key point is that civil rights benchmark is linked to threshold number 5, and the passage also mentions a time window.","The key point is that civil rights benchmark is not linked to threshold number 5; instead, it is linked to the opposite outcome.",Contradiction,High,Low,The answer directly conflicts with the information in the retrieved context.,support ticket
785,Technology,machine learning,overfitting,What is the correct answer regarding overfitting?,The passage states that overfitting is linked to recommended action number 11. A follow-up action is also mentioned in the same passage. The document keeps the explanation focused on the machine learning use case.,"The key point is that overfitting is linked to recommended action number 11, and the passage also mentions a follow-up action.",The context does not provide enough information to answer confidently.,Missing Context,Medium,Medium,The answer ignores useful evidence that is present in the retrieved context.,knowledge base article
786,Business,operations,inventory turnover,"According to the provided context, what is the key point about inventory turnover?",The document explains that inventory turnover is linked to comparison number 14. A follow-up action is also mentioned in the same passage. The document keeps the explanation focused on the operations use case.,"The key point is that inventory turnover is linked to comparison number 14, and the passage also mentions a follow-up action.","The key point is that inventory turnover is linked to comparison number 14, and it also causes a completely unsupported major issue.",Hallucination,High,Low,The model adds an unsupported detail that does not appear in the retrieved context.,training note
787,Technology,databases,indexing workflow,"According to the provided context, what is the key point about indexing workflow?",The passage states that indexing workflow is linked to deadline number 9. A risk factor is also mentioned in the same passage. The document keeps the explanation focused on the databases use case.,"The key point is that indexing workflow is linked to deadline number 9, and the passage also mentions a risk factor.","The key point is that indexing workflow is linked to deadline number 9, but the supporting reference points to another passage.",Wrong Citation,Medium,Medium,"The answer may be correct, but the cited source or evidence reference is incorrect or mismatched.",FAQ excerpt
788,Education,assignment,research methods guidance,"According to the provided context, what is the key point about research methods guidance?",The document explains that research methods guidance is linked to guideline number 16. A time window is also mentioned in the same passage. The document keeps the explanation focused on the assignment use case.,"The key point is that research methods guidance is linked to guideline number 16, and the passage also mentions a time window.",The context does not provide enough information to answer confidently.,Missing Context,Medium,Medium,The answer ignores useful evidence that is present in the retrieved context.,policy memo
789,Healthcare,lab results,anemia,Summarize the main fact about anemia from the passage.,The passage states that anemia is linked to decrease number 5. A risk factor is also mentioned in the same passage. The document keeps the explanation focused on the lab results use case.,"The key point is that anemia is linked to decrease number 5, and the passage also mentions a risk factor.","The key point is that anemia is linked to decrease number 5, and the passage also mentions a risk factor.",No Failure,Low,High,The answer is supported by the retrieved context and matches the expected response.,knowledge base article
790,Science,earth science,climate patterns overview,What is the correct answer regarding climate patterns overview?,The evidence shows that climate patterns overview is linked to recommended action number 11. A time window is also mentioned in the same passage. The document keeps the explanation focused on the earth science use case.,"The key point is that climate patterns overview is linked to recommended action number 11, and the passage also mentions a time window.","The key point is that climate patterns overview is not linked to recommended action number 11; instead, it is linked to the opposite outcome.",Contradiction,High,Low,The answer directly conflicts with the information in the retrieved context.,support ticket
791,Education,study plan,final revision,Summarize the main fact about final revision from the passage.,The source says that final revision is linked to decrease number 17. A best practice is also mentioned in the same passage. The document keeps the explanation focused on the study plan use case.,"The key point is that final revision is linked to decrease number 17, and the passage also mentions a best practice.","The key point is that final revision is linked to decrease number 17, and the passage also mentions a best practice.",No Failure,Low,High,The answer is supported by the retrieved context and matches the expected response.,FAQ excerpt
792,Finance,budgeting,monthly expenses policy,What does the document say about monthly expenses policy?,The document explains that monthly expenses policy is linked to guideline number 13. A verification step is also mentioned in the same passage. The document keeps the explanation focused on the budgeting use case.,"The key point is that monthly expenses policy is linked to guideline number 13, and the passage also mentions a verification step.",The key point is that monthly expenses policy is linked to guideline number 13.,Partial Answer,Medium,Medium,The response captures the core idea but leaves out an important supporting detail.,policy memo
793,Legal,contract clause,termination,What does the document say about termination?,The passage states that termination is linked to warning sign number 1. A time window is also mentioned in the same passage. The document keeps the explanation focused on the contract clause use case.,"The key point is that termination is linked to warning sign number 1, and the passage also mentions a time window.",The answer concerns an unrelated topic and says that termination is mostly about a different domain.,Retrieval Failure,High,Low,The retrieved context is not relevant enough to answer the question well.,support ticket
794,Sports,tactics,pressing workflow,What is the correct answer regarding pressing workflow?,The document explains that pressing workflow is linked to comparison number 3. A best practice is also mentioned in the same passage. The document keeps the explanation focused on the tactics use case.,"The key point is that pressing workflow is linked to comparison number 3, and the passage also mentions a best practice.",The answer concerns an unrelated topic and says that pressing workflow is mostly about a different domain.,Retrieval Failure,High,Low,The retrieved context is not relevant enough to answer the question well.,support ticket
795,Education,assignment,research methods guidance,What is the correct answer regarding research methods guidance?,The passage states that research methods guidance is linked to warning sign number 11. A estimated cost is also mentioned in the same passage. The document keeps the explanation focused on the assignment use case.,"The key point is that research methods guidance is linked to warning sign number 11, and the passage also mentions a estimated cost.","The key point is that research methods guidance is linked to warning sign number 11, and the passage also mentions a estimated cost.",No Failure,Low,High,The answer is supported by the retrieved context and matches the expected response.,knowledge base article
796,Environment,air quality,particulate matter,"According to the provided context, what is the key point about particulate matter?",The context indicates that particulate matter is linked to warning sign number 7. A exception clause is also mentioned in the same passage. The document keeps the explanation focused on the air quality use case.,"The key point is that particulate matter is linked to warning sign number 7, and the passage also mentions a exception clause.",The answer concerns an unrelated topic and says that particulate matter is mostly about a different domain.,Retrieval Failure,High,Low,The retrieved context is not relevant enough to answer the question well.,support ticket
797,Science,biology,photosynthesis overview,What is the correct answer regarding photosynthesis overview?,The document explains that photosynthesis overview is linked to increase number 15. A verification step is also mentioned in the same passage. The document keeps the explanation focused on the biology use case.,"The key point is that photosynthesis overview is linked to increase number 15, and the passage also mentions a verification step.","The key point is that photosynthesis overview is linked to increase number 15, but the supporting reference points to another passage.",Wrong Citation,Medium,Medium,"The answer may be correct, but the cited source or evidence reference is incorrect or mismatched.",knowledge base article
798,History,event,industrial revolution overview,What does the document say about industrial revolution overview?,The source says that industrial revolution overview is linked to comparison number 9. A risk factor is also mentioned in the same passage. The document keeps the explanation focused on the event use case.,"The key point is that industrial revolution overview is linked to comparison number 9, and the passage also mentions a risk factor.","Since industrial revolution overview mentions a risk factor, the model concludes an unrelated extra result that does not follow.",Reasoning Error,Medium,Medium,The model uses the available evidence but reaches an incorrect inference.,knowledge base article
799,Science,biology,photosynthesis,What does the document say about photosynthesis?,The document explains that photosynthesis is linked to deadline number 4. A weekly review is also mentioned in the same passage. The document keeps the explanation focused on the biology use case.,"The key point is that photosynthesis is linked to deadline number 4, and the passage also mentions a weekly review.",The answer concerns an unrelated topic and says that photosynthesis is mostly about a different domain.,Retrieval Failure,High,Low,The retrieved context is not relevant enough to answer the question well.,training note
800,Sports,statistics,win rate guidance,Which detail is supported by the context for win rate guidance?,The passage states that win rate guidance is linked to threshold number 9. A time window is also mentioned in the same passage. The document keeps the explanation focused on the statistics use case.,"The key point is that win rate guidance is linked to threshold number 9, and the passage also mentions a time window.","The key point is that win rate guidance is not linked to threshold number 9; instead, it is linked to the opposite outcome.",Contradiction,High,Low,The answer directly conflicts with the information in the retrieved context.,support ticket
801,Sports,tactics,pressing,"According to the provided context, what is the key point about pressing?",The passage states that pressing is linked to causal factor number 6. A exception clause is also mentioned in the same passage. The document keeps the explanation focused on the tactics use case.,"The key point is that pressing is linked to causal factor number 6, and the passage also mentions a exception clause.","The key point is that pressing is linked to causal factor number 6, and it also causes a completely unsupported major issue.",Hallucination,High,Low,The model adds an unsupported detail that does not appear in the retrieved context.,training note
802,Science,astronomy,exoplanets,"According to the provided context, what is the key point about exoplanets?",The source says that exoplanets is linked to deadline number 5. A weekly review is also mentioned in the same passage. The document keeps the explanation focused on the astronomy use case.,"The key point is that exoplanets is linked to deadline number 5, and the passage also mentions a weekly review.",The context does not provide enough information to answer confidently.,Missing Context,Medium,Medium,The answer ignores useful evidence that is present in the retrieved context.,support ticket
803,Legal,privacy,data retention,"According to the provided context, what is the key point about data retention?",The document explains that data retention is linked to procedure number 14. A risk factor is also mentioned in the same passage. The document keeps the explanation focused on the privacy use case.,"The key point is that data retention is linked to procedure number 14, and the passage also mentions a risk factor.","The key point is that data retention is linked to procedure number 14, but the supporting reference points to another passage.",Wrong Citation,Medium,Medium,"The answer may be correct, but the cited source or evidence reference is incorrect or mismatched.",knowledge base article
804,Finance,budgeting,monthly expenses policy,Summarize the main fact about monthly expenses policy from the passage.,The evidence shows that monthly expenses policy is linked to increase number 15. A best practice is also mentioned in the same passage. The document keeps the explanation focused on the budgeting use case.,"The key point is that monthly expenses policy is linked to increase number 15, and the passage also mentions a best practice.",The context does not provide enough information to answer confidently.,Missing Context,Medium,Medium,The answer ignores useful evidence that is present in the retrieved context.,FAQ excerpt
805,History,movement,civil rights guidance,What is the correct answer regarding civil rights guidance?,The passage states that civil rights guidance is linked to recommended action number 1. A risk factor is also mentioned in the same passage. The document keeps the explanation focused on the movement use case.,"The key point is that civil rights guidance is linked to recommended action number 1, and the passage also mentions a risk factor.","The key point is that civil rights guidance is linked to recommended action number 1, and it also causes a completely unsupported major issue.",Hallucination,High,Low,The model adds an unsupported detail that does not appear in the retrieved context.,training note
806,Legal,contract clause,termination overview,What is the correct answer regarding termination overview?,The passage states that termination overview is linked to causal factor number 6. A priority order is also mentioned in the same passage. The document keeps the explanation focused on the contract clause use case.,"The key point is that termination overview is linked to causal factor number 6, and the passage also mentions a priority order.","The key point is that termination overview is linked to causal factor number 6, but the supporting reference points to another passage.",Wrong Citation,Medium,Medium,"The answer may be correct, but the cited source or evidence reference is incorrect or mismatched.",training note
807,Finance,credit,credit score,"According to the provided context, what is the key point about credit score?",The evidence shows that credit score is linked to deadline number 8. A required step is also mentioned in the same passage. The document keeps the explanation focused on the credit use case.,"The key point is that credit score is linked to deadline number 8, and the passage also mentions a required step.",The answer concerns an unrelated topic and says that credit score is mostly about a different domain.,Retrieval Failure,High,Low,The retrieved context is not relevant enough to answer the question well.,training note
808,Travel,planning,itinerary overview,What does the document say about itinerary overview?,The source says that itinerary overview is linked to decrease number 9. A estimated cost is also mentioned in the same passage. The document keeps the explanation focused on the planning use case.,"The key point is that itinerary overview is linked to decrease number 9, and the passage also mentions a estimated cost.","The key point is that itinerary overview is linked to decrease number 9, and the passage also mentions a estimated cost.",No Failure,Low,High,The answer is supported by the retrieved context and matches the expected response.,policy memo
809,Education,concept,machine learning policy,Summarize the main fact about machine learning policy from the passage.,The document explains that machine learning policy is linked to causal factor number 5. A exception clause is also mentioned in the same passage. The document keeps the explanation focused on the concept use case.,"The key point is that machine learning policy is linked to causal factor number 5, and the passage also mentions a exception clause.","The key point is that machine learning policy is not linked to causal factor number 5; instead, it is linked to the opposite outcome.",Contradiction,High,Low,The answer directly conflicts with the information in the retrieved context.,FAQ excerpt
810,Business,marketing,customer retention,Which detail is supported by the context for customer retention?,The source says that customer retention is linked to comparison number 12. A weekly review is also mentioned in the same passage. The document keeps the explanation focused on the marketing use case.,"The key point is that customer retention is linked to comparison number 12, and the passage also mentions a weekly review.","The key point is that customer retention is not linked to comparison number 12; instead, it is linked to the opposite outcome.",Contradiction,High,Low,The answer directly conflicts with the information in the retrieved context.,FAQ excerpt
811,Healthcare,treatment,hypertension,What does the document say about hypertension?,The passage states that hypertension is linked to recommended action number 16. A priority order is also mentioned in the same passage. The document keeps the explanation focused on the treatment use case.,"The key point is that hypertension is linked to recommended action number 16, and the passage also mentions a priority order.",The answer concerns an unrelated topic and says that hypertension is mostly about a different domain.,Retrieval Failure,High,Low,The retrieved context is not relevant enough to answer the question well.,policy memo
812,Food,recipe,baking,Summarize the main fact about baking from the passage.,The evidence shows that baking is linked to recommended action number 2. A required step is also mentioned in the same passage. The document keeps the explanation focused on the recipe use case.,"The key point is that baking is linked to recommended action number 2, and the passage also mentions a required step.","The key point is that baking is linked to recommended action number 2, and the passage also mentions a required step.",No Failure,Low,High,The answer is supported by the retrieved context and matches the expected response.,FAQ excerpt
813,Travel,local rules,visa requirements,What does the document say about visa requirements?,The context indicates that visa requirements is linked to guideline number 10. A risk factor is also mentioned in the same passage. The document keeps the explanation focused on the local rules use case.,"The key point is that visa requirements is linked to guideline number 10, and the passage also mentions a risk factor.",The answer concerns an unrelated topic and says that visa requirements is mostly about a different domain.,Retrieval Failure,High,Low,The retrieved context is not relevant enough to answer the question well.,knowledge base article
814,Business,operations,inventory turnover,Which detail is supported by the context for inventory turnover?,The source says that inventory turnover is linked to comparison number 13. A follow-up action is also mentioned in the same passage. The document keeps the explanation focused on the operations use case.,"The key point is that inventory turnover is linked to comparison number 13, and the passage also mentions a follow-up action.",The answer concerns an unrelated topic and says that inventory turnover is mostly about a different domain.,Retrieval Failure,High,Low,The retrieved context is not relevant enough to answer the question well.,training note
815,Education,exam prep,linear algebra policy,What does the document say about linear algebra policy?,The passage states that linear algebra policy is linked to deadline number 1. A risk factor is also mentioned in the same passage. The document keeps the explanation focused on the exam prep use case.,"The key point is that linear algebra policy is linked to deadline number 1, and the passage also mentions a risk factor.","The key point is that linear algebra policy is linked to deadline number 1, and the passage also mentions a risk factor.",No Failure,Low,High,The answer is supported by the retrieved context and matches the expected response.,knowledge base article
816,Business,strategy,market positioning,What is the correct answer regarding market positioning?,The evidence shows that market positioning is linked to increase number 16. A estimated cost is also mentioned in the same passage. The document keeps the explanation focused on the strategy use case.,"The key point is that market positioning is linked to increase number 16, and the passage also mentions a estimated cost.","The key point is that market positioning is linked to increase number 16, but the supporting reference points to another passage.",Wrong Citation,Medium,Medium,"The answer may be correct, but the cited source or evidence reference is incorrect or mismatched.",knowledge base article
817,History,leader,mauryan empire guidance,Summarize the main fact about mauryan empire guidance from the passage.,The source says that mauryan empire guidance is linked to warning sign number 5. A exception clause is also mentioned in the same passage. The document keeps the explanation focused on the leader use case.,"The key point is that mauryan empire guidance is linked to warning sign number 5, and the passage also mentions a exception clause.",The answer concerns an unrelated topic and says that mauryan empire guidance is mostly about a different domain.,Retrieval Failure,High,Low,The retrieved context is not relevant enough to answer the question well.,training note
818,Environment,water,contamination,What is the correct answer regarding contamination?,The document explains that contamination is linked to deadline number 5. A priority order is also mentioned in the same passage. The document keeps the explanation focused on the water use case.,"The key point is that contamination is linked to deadline number 5, and the passage also mentions a priority order.",The key point is that contamination is linked to deadline number 5.,Partial Answer,Medium,Medium,The response captures the core idea but leaves out an important supporting detail.,support ticket
819,Legal,consumer rights,refund policy overview,"According to the provided context, what is the key point about refund policy overview?",The source says that refund policy overview is linked to guideline number 8. A priority order is also mentioned in the same passage. The document keeps the explanation focused on the consumer rights use case.,"The key point is that refund policy overview is linked to guideline number 8, and the passage also mentions a priority order.","The key point is that refund policy overview is linked to guideline number 8, and the passage also mentions a priority order.",No Failure,Low,High,The answer is supported by the retrieved context and matches the expected response.,support ticket
820,Legal,employment,notice period benchmark,Summarize the main fact about notice period benchmark from the passage.,The document explains that notice period benchmark is linked to procedure number 15. A exception clause is also mentioned in the same passage. The document keeps the explanation focused on the employment use case.,"The key point is that notice period benchmark is linked to procedure number 15, and the passage also mentions a exception clause.","The key point is that notice period benchmark is not linked to procedure number 15; instead, it is linked to the opposite outcome.",Contradiction,High,Low,The answer directly conflicts with the information in the retrieved context.,knowledge base article
821,Science,biology,photosynthesis,What does the document say about photosynthesis?,The source says that photosynthesis is linked to procedure number 6. A estimated cost is also mentioned in the same passage. The document keeps the explanation focused on the biology use case.,"The key point is that photosynthesis is linked to procedure number 6, and the passage also mentions a estimated cost.",The context does not provide enough information to answer confidently.,Missing Context,Medium,Medium,The answer ignores useful evidence that is present in the retrieved context.,training note
822,History,leader,mauryan empire guidance,Summarize the main fact about mauryan empire guidance from the passage.,The context indicates that mauryan empire guidance is linked to comparison number 9. A priority order is also mentioned in the same passage. The document keeps the explanation focused on the leader use case.,"The key point is that mauryan empire guidance is linked to comparison number 9, and the passage also mentions a priority order.",The key point is that mauryan empire guidance is linked to comparison number 9.,Partial Answer,Medium,Medium,The response captures the core idea but leaves out an important supporting detail.,FAQ excerpt
823,Healthcare,diagnosis,type 2 diabetes guidance,Summarize the main fact about type 2 diabetes guidance from the passage.,The document explains that type 2 diabetes guidance is linked to deadline number 12. A verification step is also mentioned in the same passage. The document keeps the explanation focused on the diagnosis use case.,"The key point is that type 2 diabetes guidance is linked to deadline number 12, and the passage also mentions a verification step.","The key point is that type 2 diabetes guidance is not linked to deadline number 12; instead, it is linked to the opposite outcome.",Contradiction,High,Low,The answer directly conflicts with the information in the retrieved context.,training note
824,Healthcare,symptoms,migraine,"According to the provided context, what is the key point about migraine?",The source says that migraine is linked to threshold number 15. A required step is also mentioned in the same passage. The document keeps the explanation focused on the symptoms use case.,"The key point is that migraine is linked to threshold number 15, and the passage also mentions a required step.","The key point is that migraine is linked to threshold number 15, but the supporting reference points to another passage.",Wrong Citation,Medium,Medium,"The answer may be correct, but the cited source or evidence reference is incorrect or mismatched.",policy memo
825,Food,recipe,baking policy,What does the document say about baking policy?,The source says that baking policy is linked to threshold number 16. A risk factor is also mentioned in the same passage. The document keeps the explanation focused on the recipe use case.,"The key point is that baking policy is linked to threshold number 16, and the passage also mentions a risk factor.","The key point is that baking policy is linked to threshold number 16, and it also causes a completely unsupported major issue.",Hallucination,High,Low,The model adds an unsupported detail that does not appear in the retrieved context.,FAQ excerpt
826,Business,operations,inventory turnover,What is the correct answer regarding inventory turnover?,The evidence shows that inventory turnover is linked to decrease number 8. A priority order is also mentioned in the same passage. The document keeps the explanation focused on the operations use case.,"The key point is that inventory turnover is linked to decrease number 8, and the passage also mentions a priority order.","The key point is that inventory turnover is linked to decrease number 8, but the supporting reference points to another passage.",Wrong Citation,Medium,Medium,"The answer may be correct, but the cited source or evidence reference is incorrect or mismatched.",support ticket
827,Sports,statistics,win rate,"According to the provided context, what is the key point about win rate?",The source says that win rate is linked to deadline number 3. A exception clause is also mentioned in the same passage. The document keeps the explanation focused on the statistics use case.,"The key point is that win rate is linked to deadline number 3, and the passage also mentions a exception clause.","The key point is that win rate is linked to deadline number 3, and it also causes a completely unsupported major issue.",Hallucination,High,Low,The model adds an unsupported detail that does not appear in the retrieved context.,FAQ excerpt
828,Science,biology,photosynthesis,Summarize the main fact about photosynthesis from the passage.,The passage states that photosynthesis is linked to procedure number 15. A required step is also mentioned in the same passage. The document keeps the explanation focused on the biology use case.,"The key point is that photosynthesis is linked to procedure number 15, and the passage also mentions a required step.",The key point is that photosynthesis is linked to procedure number 15.,Partial Answer,Medium,Medium,The response captures the core idea but leaves out an important supporting detail.,knowledge base article
829,History,period,renaissance benchmark,What is the correct answer regarding renaissance benchmark?,The passage states that renaissance benchmark is linked to threshold number 14. A priority order is also mentioned in the same passage. The document keeps the explanation focused on the period use case.,"The key point is that renaissance benchmark is linked to threshold number 14, and the passage also mentions a priority order.",The context does not provide enough information to answer confidently.,Missing Context,Medium,Medium,The answer ignores useful evidence that is present in the retrieved context.,knowledge base article
830,Healthcare,treatment,hypertension,Summarize the main fact about hypertension from the passage.,The document explains that hypertension is linked to deadline number 14. A estimated cost is also mentioned in the same passage. The document keeps the explanation focused on the treatment use case.,"The key point is that hypertension is linked to deadline number 14, and the passage also mentions a estimated cost.","The key point is that hypertension is linked to deadline number 14, and it also causes a completely unsupported major issue.",Hallucination,High,Low,The model adds an unsupported detail that does not appear in the retrieved context.,FAQ excerpt
831,History,conflict,world war II workflow,What is the correct answer regarding world war II workflow?,The source says that world war II workflow is linked to warning sign number 14. A weekly review is also mentioned in the same passage. The document keeps the explanation focused on the conflict use case.,"The key point is that world war II workflow is linked to warning sign number 14, and the passage also mentions a weekly review.",The key point is that world war II workflow is linked to warning sign number 14.,Partial Answer,Medium,Medium,The response captures the core idea but leaves out an important supporting detail.,policy memo
832,Legal,intellectual property,copyright,What is the correct answer regarding copyright?,The source says that copyright is linked to decrease number 10. A time window is also mentioned in the same passage. The document keeps the explanation focused on the intellectual property use case.,"The key point is that copyright is linked to decrease number 10, and the passage also mentions a time window.","The key point is that copyright is linked to decrease number 10, and it also causes a completely unsupported major issue.",Hallucination,High,Low,The model adds an unsupported detail that does not appear in the retrieved context.,FAQ excerpt
833,Travel,local rules,visa requirements guidance,Which detail is supported by the context for visa requirements guidance?,The document explains that visa requirements guidance is linked to recommended action number 14. A best practice is also mentioned in the same passage. The document keeps the explanation focused on the local rules use case.,"The key point is that visa requirements guidance is linked to recommended action number 14, and the passage also mentions a best practice.","The key point is that visa requirements guidance is linked to recommended action number 14, but the supporting reference points to another passage.",Wrong Citation,Medium,Medium,"The answer may be correct, but the cited source or evidence reference is incorrect or mismatched.",training note
834,Food,recipe,baking,Which detail is supported by the context for baking?,The document explains that baking is linked to procedure number 15. A best practice is also mentioned in the same passage. The document keeps the explanation focused on the recipe use case.,"The key point is that baking is linked to procedure number 15, and the passage also mentions a best practice.","The key point is that baking is linked to procedure number 15, but the supporting reference points to another passage.",Wrong Citation,Medium,Medium,"The answer may be correct, but the cited source or evidence reference is incorrect or mismatched.",training note
835,Food,nutrition,protein intake,"According to the provided context, what is the key point about protein intake?",The evidence shows that protein intake is linked to warning sign number 16. A required step is also mentioned in the same passage. The document keeps the explanation focused on the nutrition use case.,"The key point is that protein intake is linked to warning sign number 16, and the passage also mentions a required step.",The key point is that protein intake is linked to warning sign number 16.,Partial Answer,Medium,Medium,The response captures the core idea but leaves out an important supporting detail.,training note
836,Finance,credit,credit score workflow,What does the document say about credit score workflow?,The context indicates that credit score workflow is linked to increase number 1. A time window is also mentioned in the same passage. The document keeps the explanation focused on the credit use case.,"The key point is that credit score workflow is linked to increase number 1, and the passage also mentions a time window.","Since credit score workflow mentions a time window, the model concludes an unrelated extra result that does not follow.",Reasoning Error,Medium,Medium,The model uses the available evidence but reaches an incorrect inference.,policy memo
837,Environment,wildlife,habitat loss,Summarize the main fact about habitat loss from the passage.,The evidence shows that habitat loss is linked to threshold number 1. A verification step is also mentioned in the same passage. The document keeps the explanation focused on the wildlife use case.,"The key point is that habitat loss is linked to threshold number 1, and the passage also mentions a verification step.",The key point is that habitat loss is linked to threshold number 1.,Partial Answer,Medium,Medium,The response captures the core idea but leaves out an important supporting detail.,support ticket
838,Healthcare,lab results,anemia,What is the correct answer regarding anemia?,The source says that anemia is linked to recommended action number 5. A required step is also mentioned in the same passage. The document keeps the explanation focused on the lab results use case.,"The key point is that anemia is linked to recommended action number 5, and the passage also mentions a required step.",The context does not provide enough information to answer confidently.,Missing Context,Medium,Medium,The answer ignores useful evidence that is present in the retrieved context.,policy memo
839,Finance,risk,emergency fund workflow,Which detail is supported by the context for emergency fund workflow?,The evidence shows that emergency fund workflow is linked to increase number 9. A estimated cost is also mentioned in the same passage. The document keeps the explanation focused on the risk use case.,"The key point is that emergency fund workflow is linked to increase number 9, and the passage also mentions a estimated cost.","The key point is that emergency fund workflow is linked to increase number 9, and it also causes a completely unsupported major issue.",Hallucination,High,Low,The model adds an unsupported detail that does not appear in the retrieved context.,training note
840,Healthcare,symptoms,migraine guidance,Summarize the main fact about migraine guidance from the passage.,The context indicates that migraine guidance is linked to increase number 8. A weekly review is also mentioned in the same passage. The document keeps the explanation focused on the symptoms use case.,"The key point is that migraine guidance is linked to increase number 8, and the passage also mentions a weekly review.",The key point is that migraine guidance is linked to increase number 8.,Partial Answer,Medium,Medium,The response captures the core idea but leaves out an important supporting detail.,knowledge base article
841,Environment,water,contamination,"According to the provided context, what is the key point about contamination?",The source says that contamination is linked to warning sign number 4. A verification step is also mentioned in the same passage. The document keeps the explanation focused on the water use case.,"The key point is that contamination is linked to warning sign number 4, and the passage also mentions a verification step.","The key point is that contamination is linked to warning sign number 4, but the supporting reference points to another passage.",Wrong Citation,Medium,Medium,"The answer may be correct, but the cited source or evidence reference is incorrect or mismatched.",policy memo
842,Technology,machine learning,overfitting workflow,"According to the provided context, what is the key point about overfitting workflow?",The passage states that overfitting workflow is linked to threshold number 6. A best practice is also mentioned in the same passage. The document keeps the explanation focused on the machine learning use case.,"The key point is that overfitting workflow is linked to threshold number 6, and the passage also mentions a best practice.",The key point is that overfitting workflow is linked to threshold number 6.,Partial Answer,Medium,Medium,The response captures the core idea but leaves out an important supporting detail.,support ticket
843,Travel,planning,itinerary guidance,Summarize the main fact about itinerary guidance from the passage.,The source says that itinerary guidance is linked to causal factor number 13. A exception clause is also mentioned in the same passage. The document keeps the explanation focused on the planning use case.,"The key point is that itinerary guidance is linked to causal factor number 13, and the passage also mentions a exception clause.","The key point is that itinerary guidance is linked to causal factor number 13, and it also causes a completely unsupported major issue.",Hallucination,High,Low,The model adds an unsupported detail that does not appear in the retrieved context.,knowledge base article
844,Legal,privacy,data retention policy,What does the document say about data retention policy?,The evidence shows that data retention policy is linked to comparison number 15. A priority order is also mentioned in the same passage. The document keeps the explanation focused on the privacy use case.,"The key point is that data retention policy is linked to comparison number 15, and the passage also mentions a priority order.","The key point is that data retention policy is linked to comparison number 15, but the supporting reference points to another passage.",Wrong Citation,Medium,Medium,"The answer may be correct, but the cited source or evidence reference is incorrect or mismatched.",support ticket
845,Travel,local rules,visa requirements,What does the document say about visa requirements?,The document explains that visa requirements is linked to procedure number 13. A risk factor is also mentioned in the same passage. The document keeps the explanation focused on the local rules use case.,"The key point is that visa requirements is linked to procedure number 13, and the passage also mentions a risk factor.","The key point is that visa requirements is linked to procedure number 13, and it also causes a completely unsupported major issue.",Hallucination,High,Low,The model adds an unsupported detail that does not appear in the retrieved context.,knowledge base article
846,History,leader,mauryan empire,Which detail is supported by the context for mauryan empire?,The evidence shows that mauryan empire is linked to threshold number 12. A best practice is also mentioned in the same passage. The document keeps the explanation focused on the leader use case.,"The key point is that mauryan empire is linked to threshold number 12, and the passage also mentions a best practice.","The key point is that mauryan empire is linked to threshold number 12, but the supporting reference points to another passage.",Wrong Citation,Medium,Medium,"The answer may be correct, but the cited source or evidence reference is incorrect or mismatched.",training note
847,Legal,contract clause,termination overview,What does the document say about termination overview?,The evidence shows that termination overview is linked to threshold number 6. A risk factor is also mentioned in the same passage. The document keeps the explanation focused on the contract clause use case.,"The key point is that termination overview is linked to threshold number 6, and the passage also mentions a risk factor.","Since termination overview mentions a risk factor, the model concludes an unrelated extra result that does not follow.",Reasoning Error,Medium,Medium,The model uses the available evidence but reaches an incorrect inference.,support ticket
848,Legal,compliance,record keeping workflow,Summarize the main fact about record keeping workflow from the passage.,The evidence shows that record keeping workflow is linked to warning sign number 17. A follow-up action is also mentioned in the same passage. The document keeps the explanation focused on the compliance use case.,"The key point is that record keeping workflow is linked to warning sign number 17, and the passage also mentions a follow-up action.","The key point is that record keeping workflow is not linked to warning sign number 17; instead, it is linked to the opposite outcome.",Contradiction,High,Low,The answer directly conflicts with the information in the retrieved context.,FAQ excerpt
849,History,event,industrial revolution,What is the correct answer regarding industrial revolution?,The evidence shows that industrial revolution is linked to deadline number 1. A exception clause is also mentioned in the same passage. The document keeps the explanation focused on the event use case.,"The key point is that industrial revolution is linked to deadline number 1, and the passage also mentions a exception clause.",The context does not provide enough information to answer confidently.,Missing Context,Medium,Medium,The answer ignores useful evidence that is present in the retrieved context.,policy memo
850,History,period,renaissance guidance,What is the correct answer regarding renaissance guidance?,The evidence shows that renaissance guidance is linked to deadline number 9. A priority order is also mentioned in the same passage. The document keeps the explanation focused on the period use case.,"The key point is that renaissance guidance is linked to deadline number 9, and the passage also mentions a priority order.",The context does not provide enough information to answer confidently.,Missing Context,Medium,Medium,The answer ignores useful evidence that is present in the retrieved context.,policy memo
851,Business,operations,inventory turnover benchmark,Summarize the main fact about inventory turnover benchmark from the passage.,The passage states that inventory turnover benchmark is linked to procedure number 1. A risk factor is also mentioned in the same passage. The document keeps the explanation focused on the operations use case.,"The key point is that inventory turnover benchmark is linked to procedure number 1, and the passage also mentions a risk factor.",The answer concerns an unrelated topic and says that inventory turnover benchmark is mostly about a different domain.,Retrieval Failure,High,Low,The retrieved context is not relevant enough to answer the question well.,support ticket
852,Sports,tactics,pressing,"According to the provided context, what is the key point about pressing?",The context indicates that pressing is linked to causal factor number 11. A estimated cost is also mentioned in the same passage. The document keeps the explanation focused on the tactics use case.,"The key point is that pressing is linked to causal factor number 11, and the passage also mentions a estimated cost.",The key point is that pressing is linked to causal factor number 11.,Partial Answer,Medium,Medium,The response captures the core idea but leaves out an important supporting detail.,FAQ excerpt
853,Food,meal planning,portion control,What is the correct answer regarding portion control?,The source says that portion control is linked to procedure number 9. A priority order is also mentioned in the same passage. The document keeps the explanation focused on the meal planning use case.,"The key point is that portion control is linked to procedure number 9, and the passage also mentions a priority order.",The key point is that portion control is linked to procedure number 9.,Partial Answer,Medium,Medium,The response captures the core idea but leaves out an important supporting detail.,policy memo
854,Legal,compliance,record keeping overview,Which detail is supported by the context for record keeping overview?,The source says that record keeping overview is linked to guideline number 1. A estimated cost is also mentioned in the same passage. The document keeps the explanation focused on the compliance use case.,"The key point is that record keeping overview is linked to guideline number 1, and the passage also mentions a estimated cost.","The key point is that record keeping overview is linked to guideline number 1, and it also causes a completely unsupported major issue.",Hallucination,High,Low,The model adds an unsupported detail that does not appear in the retrieved context.,training note
855,Travel,booking,cancellation policy workflow,What is the correct answer regarding cancellation policy workflow?,The context indicates that cancellation policy workflow is linked to causal factor number 15. A verification step is also mentioned in the same passage. The document keeps the explanation focused on the booking use case.,"The key point is that cancellation policy workflow is linked to causal factor number 15, and the passage also mentions a verification step.",The answer concerns an unrelated topic and says that cancellation policy workflow is mostly about a different domain.,Retrieval Failure,High,Low,The retrieved context is not relevant enough to answer the question well.,policy memo
856,Healthcare,lab results,anemia,"According to the provided context, what is the key point about anemia?",The passage states that anemia is linked to decrease number 16. A exception clause is also mentioned in the same passage. The document keeps the explanation focused on the lab results use case.,"The key point is that anemia is linked to decrease number 16, and the passage also mentions a exception clause.","The key point is that anemia is not linked to decrease number 16; instead, it is linked to the opposite outcome.",Contradiction,High,Low,The answer directly conflicts with the information in the retrieved context.,support ticket
857,Finance,tax,capital gains,"According to the provided context, what is the key point about capital gains?",The context indicates that capital gains is linked to recommended action number 2. A estimated cost is also mentioned in the same passage. The document keeps the explanation focused on the tax use case.,"The key point is that capital gains is linked to recommended action number 2, and the passage also mentions a estimated cost.","The key point is that capital gains is linked to recommended action number 2, and it also causes a completely unsupported major issue.",Hallucination,High,Low,The model adds an unsupported detail that does not appear in the retrieved context.,training note
858,Business,sales,conversion rate,Which detail is supported by the context for conversion rate?,The context indicates that conversion rate is linked to decrease number 11. A estimated cost is also mentioned in the same passage. The document keeps the explanation focused on the sales use case.,"The key point is that conversion rate is linked to decrease number 11, and the passage also mentions a estimated cost.","The key point is that conversion rate is linked to decrease number 11, and it also causes a completely unsupported major issue.",Hallucination,High,Low,The model adds an unsupported detail that does not appear in the retrieved context.,support ticket
859,Environment,water,contamination,What is the correct answer regarding contamination?,The context indicates that contamination is linked to recommended action number 9. A follow-up action is also mentioned in the same passage. The document keeps the explanation focused on the water use case.,"The key point is that contamination is linked to recommended action number 9, and the passage also mentions a follow-up action.",The context does not provide enough information to answer confidently.,Missing Context,Medium,Medium,The answer ignores useful evidence that is present in the retrieved context.,training note
860,Finance,risk,emergency fund policy,Which detail is supported by the context for emergency fund policy?,The source says that emergency fund policy is linked to deadline number 4. A priority order is also mentioned in the same passage. The document keeps the explanation focused on the risk use case.,"The key point is that emergency fund policy is linked to deadline number 4, and the passage also mentions a priority order.","The key point is that emergency fund policy is not linked to deadline number 4; instead, it is linked to the opposite outcome.",Contradiction,High,Low,The answer directly conflicts with the information in the retrieved context.,training note
861,Business,HR,employee onboarding overview,"According to the provided context, what is the key point about employee onboarding overview?",The evidence shows that employee onboarding overview is linked to comparison number 10. A verification step is also mentioned in the same passage. The document keeps the explanation focused on the HR use case.,"The key point is that employee onboarding overview is linked to comparison number 10, and the passage also mentions a verification step.",The context does not provide enough information to answer confidently.,Missing Context,Medium,Medium,The answer ignores useful evidence that is present in the retrieved context.,policy memo
862,Environment,water,contamination benchmark,Summarize the main fact about contamination benchmark from the passage.,The context indicates that contamination benchmark is linked to increase number 13. A required step is also mentioned in the same passage. The document keeps the explanation focused on the water use case.,"The key point is that contamination benchmark is linked to increase number 13, and the passage also mentions a required step.",The answer concerns an unrelated topic and says that contamination benchmark is mostly about a different domain.,Retrieval Failure,High,Low,The retrieved context is not relevant enough to answer the question well.,policy memo
863,Science,astronomy,exoplanets,"According to the provided context, what is the key point about exoplanets?",The source says that exoplanets is linked to warning sign number 11. A time window is also mentioned in the same passage. The document keeps the explanation focused on the astronomy use case.,"The key point is that exoplanets is linked to warning sign number 11, and the passage also mentions a time window.","The key point is that exoplanets is linked to warning sign number 11, but the supporting reference points to another passage.",Wrong Citation,Medium,Medium,"The answer may be correct, but the cited source or evidence reference is incorrect or mismatched.",support ticket
864,Legal,consumer rights,refund policy,Which detail is supported by the context for refund policy?,The document explains that refund policy is linked to causal factor number 11. A weekly review is also mentioned in the same passage. The document keeps the explanation focused on the consumer rights use case.,"The key point is that refund policy is linked to causal factor number 11, and the passage also mentions a weekly review.","Since refund policy mentions a weekly review, the model concludes an unrelated extra result that does not follow.",Reasoning Error,Medium,Medium,The model uses the available evidence but reaches an incorrect inference.,support ticket
865,Technology,software design,API rate limiting,What is the correct answer regarding API rate limiting?,The passage states that API rate limiting is linked to decrease number 5. A best practice is also mentioned in the same passage. The document keeps the explanation focused on the software design use case.,"The key point is that API rate limiting is linked to decrease number 5, and the passage also mentions a best practice.",The answer concerns an unrelated topic and says that API rate limiting is mostly about a different domain.,Retrieval Failure,High,Low,The retrieved context is not relevant enough to answer the question well.,knowledge base article
866,Food,recipe,baking benchmark,"According to the provided context, what is the key point about baking benchmark?",The context indicates that baking benchmark is linked to comparison number 1. A risk factor is also mentioned in the same passage. The document keeps the explanation focused on the recipe use case.,"The key point is that baking benchmark is linked to comparison number 1, and the passage also mentions a risk factor.","The key point is that baking benchmark is not linked to comparison number 1; instead, it is linked to the opposite outcome.",Contradiction,High,Low,The answer directly conflicts with the information in the retrieved context.,policy memo
867,History,movement,civil rights guidance,Summarize the main fact about civil rights guidance from the passage.,The document explains that civil rights guidance is linked to guideline number 8. A estimated cost is also mentioned in the same passage. The document keeps the explanation focused on the movement use case.,"The key point is that civil rights guidance is linked to guideline number 8, and the passage also mentions a estimated cost.","The key point is that civil rights guidance is not linked to guideline number 8; instead, it is linked to the opposite outcome.",Contradiction,High,Low,The answer directly conflicts with the information in the retrieved context.,FAQ excerpt
868,Legal,intellectual property,copyright,What does the document say about copyright?,The passage states that copyright is linked to causal factor number 12. A weekly review is also mentioned in the same passage. The document keeps the explanation focused on the intellectual property use case.,"The key point is that copyright is linked to causal factor number 12, and the passage also mentions a weekly review.","The key point is that copyright is linked to causal factor number 12, and it also causes a completely unsupported major issue.",Hallucination,High,Low,The model adds an unsupported detail that does not appear in the retrieved context.,policy memo
869,Food,food safety,storage temperature workflow,Summarize the main fact about storage temperature workflow from the passage.,The passage states that storage temperature workflow is linked to threshold number 3. A exception clause is also mentioned in the same passage. The document keeps the explanation focused on the food safety use case.,"The key point is that storage temperature workflow is linked to threshold number 3, and the passage also mentions a exception clause.","The key point is that storage temperature workflow is linked to threshold number 3, but the supporting reference points to another passage.",Wrong Citation,Medium,Medium,"The answer may be correct, but the cited source or evidence reference is incorrect or mismatched.",policy memo
870,Travel,local rules,visa requirements overview,What is the correct answer regarding visa requirements overview?,The source says that visa requirements overview is linked to decrease number 16. A required step is also mentioned in the same passage. The document keeps the explanation focused on the local rules use case.,"The key point is that visa requirements overview is linked to decrease number 16, and the passage also mentions a required step.",The key point is that visa requirements overview is linked to decrease number 16.,Partial Answer,Medium,Medium,The response captures the core idea but leaves out an important supporting detail.,FAQ excerpt
871,Finance,tax,capital gains,Summarize the main fact about capital gains from the passage.,The context indicates that capital gains is linked to warning sign number 2. A risk factor is also mentioned in the same passage. The document keeps the explanation focused on the tax use case.,"The key point is that capital gains is linked to warning sign number 2, and the passage also mentions a risk factor.","The key point is that capital gains is linked to warning sign number 2, and the passage also mentions a risk factor.",No Failure,Low,High,The answer is supported by the retrieved context and matches the expected response.,policy memo
872,Technology,databases,indexing,What does the document say about indexing?,The context indicates that indexing is linked to deadline number 15. A required step is also mentioned in the same passage. The document keeps the explanation focused on the databases use case.,"The key point is that indexing is linked to deadline number 15, and the passage also mentions a required step.","The key point is that indexing is linked to deadline number 15, but the supporting reference points to another passage.",Wrong Citation,Medium,Medium,"The answer may be correct, but the cited source or evidence reference is incorrect or mismatched.",training note
873,Business,operations,inventory turnover,Which detail is supported by the context for inventory turnover?,The context indicates that inventory turnover is linked to warning sign number 7. A estimated cost is also mentioned in the same passage. The document keeps the explanation focused on the operations use case.,"The key point is that inventory turnover is linked to warning sign number 7, and the passage also mentions a estimated cost.","The key point is that inventory turnover is linked to warning sign number 7, and it also causes a completely unsupported major issue.",Hallucination,High,Low,The model adds an unsupported detail that does not appear in the retrieved context.,policy memo
874,Travel,transport,rail schedules,Summarize the main fact about rail schedules from the passage.,The document explains that rail schedules is linked to deadline number 10. A priority order is also mentioned in the same passage. The document keeps the explanation focused on the transport use case.,"The key point is that rail schedules is linked to deadline number 10, and the passage also mentions a priority order.",The context does not provide enough information to answer confidently.,Missing Context,Medium,Medium,The answer ignores useful evidence that is present in the retrieved context.,training note
875,Science,astronomy,exoplanets guidance,"According to the provided context, what is the key point about exoplanets guidance?",The passage states that exoplanets guidance is linked to guideline number 7. A weekly review is also mentioned in the same passage. The document keeps the explanation focused on the astronomy use case.,"The key point is that exoplanets guidance is linked to guideline number 7, and the passage also mentions a weekly review.",The context does not provide enough information to answer confidently.,Missing Context,Medium,Medium,The answer ignores useful evidence that is present in the retrieved context.,FAQ excerpt
876,Science,earth science,climate patterns,"According to the provided context, what is the key point about climate patterns?",The evidence shows that climate patterns is linked to causal factor number 11. A best practice is also mentioned in the same passage. The document keeps the explanation focused on the earth science use case.,"The key point is that climate patterns is linked to causal factor number 11, and the passage also mentions a best practice.","The key point is that climate patterns is linked to causal factor number 11, but the supporting reference points to another passage.",Wrong Citation,Medium,Medium,"The answer may be correct, but the cited source or evidence reference is incorrect or mismatched.",policy memo
877,Finance,investment,index funds guidance,"According to the provided context, what is the key point about index funds guidance?",The evidence shows that index funds guidance is linked to procedure number 15. A verification step is also mentioned in the same passage. The document keeps the explanation focused on the investment use case.,"The key point is that index funds guidance is linked to procedure number 15, and the passage also mentions a verification step.",The context does not provide enough information to answer confidently.,Missing Context,Medium,Medium,The answer ignores useful evidence that is present in the retrieved context.,training note
878,Food,cooking,spices benchmark,What is the correct answer regarding spices benchmark?,The passage states that spices benchmark is linked to threshold number 1. A weekly review is also mentioned in the same passage. The document keeps the explanation focused on the cooking use case.,"The key point is that spices benchmark is linked to threshold number 1, and the passage also mentions a weekly review.",The context does not provide enough information to answer confidently.,Missing Context,Medium,Medium,The answer ignores useful evidence that is present in the retrieved context.,FAQ excerpt
879,Environment,energy,solar adoption guidance,What does the document say about solar adoption guidance?,The passage states that solar adoption guidance is linked to deadline number 8. A estimated cost is also mentioned in the same passage. The document keeps the explanation focused on the energy use case.,"The key point is that solar adoption guidance is linked to deadline number 8, and the passage also mentions a estimated cost.",The answer concerns an unrelated topic and says that solar adoption guidance is mostly about a different domain.,Retrieval Failure,High,Low,The retrieved context is not relevant enough to answer the question well.,support ticket
880,Travel,local rules,visa requirements,"According to the provided context, what is the key point about visa requirements?",The context indicates that visa requirements is linked to causal factor number 3. A best practice is also mentioned in the same passage. The document keeps the explanation focused on the local rules use case.,"The key point is that visa requirements is linked to causal factor number 3, and the passage also mentions a best practice.","The key point is that visa requirements is linked to causal factor number 3, and it also causes a completely unsupported major issue.",Hallucination,High,Low,The model adds an unsupported detail that does not appear in the retrieved context.,FAQ excerpt
881,Science,astronomy,exoplanets,Which detail is supported by the context for exoplanets?,The passage states that exoplanets is linked to decrease number 17. A best practice is also mentioned in the same passage. The document keeps the explanation focused on the astronomy use case.,"The key point is that exoplanets is linked to decrease number 17, and the passage also mentions a best practice.",The answer concerns an unrelated topic and says that exoplanets is mostly about a different domain.,Retrieval Failure,High,Low,The retrieved context is not relevant enough to answer the question well.,training note
882,Science,environmental science,water quality workflow,Summarize the main fact about water quality workflow from the passage.,The passage states that water quality workflow is linked to warning sign number 14. A verification step is also mentioned in the same passage. The document keeps the explanation focused on the environmental science use case.,"The key point is that water quality workflow is linked to warning sign number 14, and the passage also mentions a verification step.","The key point is that water quality workflow is linked to warning sign number 14, and the passage also mentions a verification step.",No Failure,Low,High,The answer is supported by the retrieved context and matches the expected response.,support ticket
883,Environment,air quality,particulate matter policy,What does the document say about particulate matter policy?,The evidence shows that particulate matter policy is linked to comparison number 6. A verification step is also mentioned in the same passage. The document keeps the explanation focused on the air quality use case.,"The key point is that particulate matter policy is linked to comparison number 6, and the passage also mentions a verification step.","The key point is that particulate matter policy is not linked to comparison number 6; instead, it is linked to the opposite outcome.",Contradiction,High,Low,The answer directly conflicts with the information in the retrieved context.,support ticket
884,Finance,budgeting,monthly expenses guidance,What does the document say about monthly expenses guidance?,The document explains that monthly expenses guidance is linked to decrease number 3. A exception clause is also mentioned in the same passage. The document keeps the explanation focused on the budgeting use case.,"The key point is that monthly expenses guidance is linked to decrease number 3, and the passage also mentions a exception clause.","The key point is that monthly expenses guidance is linked to decrease number 3, and the passage also mentions a exception clause.",No Failure,Low,High,The answer is supported by the retrieved context and matches the expected response.,training note
885,Education,exam prep,linear algebra,What is the correct answer regarding linear algebra?,The document explains that linear algebra is linked to deadline number 13. A priority order is also mentioned in the same passage. The document keeps the explanation focused on the exam prep use case.,"The key point is that linear algebra is linked to deadline number 13, and the passage also mentions a priority order.","The key point is that linear algebra is not linked to deadline number 13; instead, it is linked to the opposite outcome.",Contradiction,High,Low,The answer directly conflicts with the information in the retrieved context.,policy memo
886,History,leader,mauryan empire benchmark,Which detail is supported by the context for mauryan empire benchmark?,The passage states that mauryan empire benchmark is linked to threshold number 8. A required step is also mentioned in the same passage. The document keeps the explanation focused on the leader use case.,"The key point is that mauryan empire benchmark is linked to threshold number 8, and the passage also mentions a required step.","Since mauryan empire benchmark mentions a required step, the model concludes an unrelated extra result that does not follow.",Reasoning Error,Medium,Medium,The model uses the available evidence but reaches an incorrect inference.,policy memo
887,Business,HR,employee onboarding,What is the correct answer regarding employee onboarding?,The evidence shows that employee onboarding is linked to decrease number 1. A estimated cost is also mentioned in the same passage. The document keeps the explanation focused on the HR use case.,"The key point is that employee onboarding is linked to decrease number 1, and the passage also mentions a estimated cost.","The key point is that employee onboarding is not linked to decrease number 1; instead, it is linked to the opposite outcome.",Contradiction,High,Low,The answer directly conflicts with the information in the retrieved context.,training note
888,Healthcare,medication,asthma,Which detail is supported by the context for asthma?,The source says that asthma is linked to decrease number 8. A best practice is also mentioned in the same passage. The document keeps the explanation focused on the medication use case.,"The key point is that asthma is linked to decrease number 8, and the passage also mentions a best practice.",The context does not provide enough information to answer confidently.,Missing Context,Medium,Medium,The answer ignores useful evidence that is present in the retrieved context.,training note
889,Healthcare,treatment,hypertension,Summarize the main fact about hypertension from the passage.,The evidence shows that hypertension is linked to comparison number 2. A best practice is also mentioned in the same passage. The document keeps the explanation focused on the treatment use case.,"The key point is that hypertension is linked to comparison number 2, and the passage also mentions a best practice.","The key point is that hypertension is linked to comparison number 2, and the passage also mentions a best practice.",No Failure,Low,High,The answer is supported by the retrieved context and matches the expected response.,policy memo
890,Technology,networking,latency,Summarize the main fact about latency from the passage.,The passage states that latency is linked to increase number 14. A verification step is also mentioned in the same passage. The document keeps the explanation focused on the networking use case.,"The key point is that latency is linked to increase number 14, and the passage also mentions a verification step.",The key point is that latency is linked to increase number 14.,Partial Answer,Medium,Medium,The response captures the core idea but leaves out an important supporting detail.,support ticket
891,Legal,contract clause,termination,What is the correct answer regarding termination?,The evidence shows that termination is linked to decrease number 6. A weekly review is also mentioned in the same passage. The document keeps the explanation focused on the contract clause use case.,"The key point is that termination is linked to decrease number 6, and the passage also mentions a weekly review.","The key point is that termination is not linked to decrease number 6; instead, it is linked to the opposite outcome.",Contradiction,High,Low,The answer directly conflicts with the information in the retrieved context.,training note
892,Science,chemistry,reaction rate guidance,Which detail is supported by the context for reaction rate guidance?,The passage states that reaction rate guidance is linked to causal factor number 5. A risk factor is also mentioned in the same passage. The document keeps the explanation focused on the chemistry use case.,"The key point is that reaction rate guidance is linked to causal factor number 5, and the passage also mentions a risk factor.",The context does not provide enough information to answer confidently.,Missing Context,Medium,Medium,The answer ignores useful evidence that is present in the retrieved context.,knowledge base article
893,Travel,safety,emergency contacts,"According to the provided context, what is the key point about emergency contacts?",The document explains that emergency contacts is linked to recommended action number 9. A estimated cost is also mentioned in the same passage. The document keeps the explanation focused on the safety use case.,"The key point is that emergency contacts is linked to recommended action number 9, and the passage also mentions a estimated cost.","The key point is that emergency contacts is linked to recommended action number 9, and it also causes a completely unsupported major issue.",Hallucination,High,Low,The model adds an unsupported detail that does not appear in the retrieved context.,support ticket
894,Business,strategy,market positioning overview,Which detail is supported by the context for market positioning overview?,The evidence shows that market positioning overview is linked to warning sign number 16. A verification step is also mentioned in the same passage. The document keeps the explanation focused on the strategy use case.,"The key point is that market positioning overview is linked to warning sign number 16, and the passage also mentions a verification step.",The key point is that market positioning overview is linked to warning sign number 16.,Partial Answer,Medium,Medium,The response captures the core idea but leaves out an important supporting detail.,FAQ excerpt
895,Business,HR,employee onboarding,"According to the provided context, what is the key point about employee onboarding?",The context indicates that employee onboarding is linked to causal factor number 12. A risk factor is also mentioned in the same passage. The document keeps the explanation focused on the HR use case.,"The key point is that employee onboarding is linked to causal factor number 12, and the passage also mentions a risk factor.","The key point is that employee onboarding is not linked to causal factor number 12; instead, it is linked to the opposite outcome.",Contradiction,High,Low,The answer directly conflicts with the information in the retrieved context.,policy memo
896,Education,assignment,research methods,What is the correct answer regarding research methods?,The context indicates that research methods is linked to comparison number 7. A risk factor is also mentioned in the same passage. The document keeps the explanation focused on the assignment use case.,"The key point is that research methods is linked to comparison number 7, and the passage also mentions a risk factor.","The key point is that research methods is not linked to comparison number 7; instead, it is linked to the opposite outcome.",Contradiction,High,Low,The answer directly conflicts with the information in the retrieved context.,knowledge base article
897,Business,operations,inventory turnover benchmark,What does the document say about inventory turnover benchmark?,The document explains that inventory turnover benchmark is linked to procedure number 16. A follow-up action is also mentioned in the same passage. The document keeps the explanation focused on the operations use case.,"The key point is that inventory turnover benchmark is linked to procedure number 16, and the passage also mentions a follow-up action.","The key point is that inventory turnover benchmark is linked to procedure number 16, but the supporting reference points to another passage.",Wrong Citation,Medium,Medium,"The answer may be correct, but the cited source or evidence reference is incorrect or mismatched.",training note
898,Education,learning strategy,note taking guidance,"According to the provided context, what is the key point about note taking guidance?",The evidence shows that note taking guidance is linked to increase number 2. A exception clause is also mentioned in the same passage. The document keeps the explanation focused on the learning strategy use case.,"The key point is that note taking guidance is linked to increase number 2, and the passage also mentions a exception clause.","The key point is that note taking guidance is not linked to increase number 2; instead, it is linked to the opposite outcome.",Contradiction,High,Low,The answer directly conflicts with the information in the retrieved context.,policy memo
899,Food,diet,fiber,What does the document say about fiber?,The evidence shows that fiber is linked to warning sign number 5. A verification step is also mentioned in the same passage. The document keeps the explanation focused on the diet use case.,"The key point is that fiber is linked to warning sign number 5, and the passage also mentions a verification step.","The key point is that fiber is linked to warning sign number 5, but the supporting reference points to another passage.",Wrong Citation,Medium,Medium,"The answer may be correct, but the cited source or evidence reference is incorrect or mismatched.",policy memo
900,Finance,investment,index funds,What does the document say about index funds?,The document explains that index funds is linked to deadline number 3. A estimated cost is also mentioned in the same passage. The document keeps the explanation focused on the investment use case.,"The key point is that index funds is linked to deadline number 3, and the passage also mentions a estimated cost.","The key point is that index funds is linked to deadline number 3, but the supporting reference points to another passage.",Wrong Citation,Medium,Medium,"The answer may be correct, but the cited source or evidence reference is incorrect or mismatched.",policy memo
901,Healthcare,symptoms,migraine,What is the correct answer regarding migraine?,The evidence shows that migraine is linked to warning sign number 5. A time window is also mentioned in the same passage. The document keeps the explanation focused on the symptoms use case.,"The key point is that migraine is linked to warning sign number 5, and the passage also mentions a time window.","The key point is that migraine is linked to warning sign number 5, and the passage also mentions a time window.",No Failure,Low,High,The answer is supported by the retrieved context and matches the expected response.,training note
902,Legal,contract clause,termination overview,Summarize the main fact about termination overview from the passage.,The document explains that termination overview is linked to deadline number 4. A verification step is also mentioned in the same passage. The document keeps the explanation focused on the contract clause use case.,"The key point is that termination overview is linked to deadline number 4, and the passage also mentions a verification step.","The key point is that termination overview is linked to deadline number 4, and it also causes a completely unsupported major issue.",Hallucination,High,Low,The model adds an unsupported detail that does not appear in the retrieved context.,support ticket
903,Business,marketing,customer retention guidance,What is the correct answer regarding customer retention guidance?,The source says that customer retention guidance is linked to warning sign number 5. A follow-up action is also mentioned in the same passage. The document keeps the explanation focused on the marketing use case.,"The key point is that customer retention guidance is linked to warning sign number 5, and the passage also mentions a follow-up action.","The key point is that customer retention guidance is linked to warning sign number 5, and it also causes a completely unsupported major issue.",Hallucination,High,Low,The model adds an unsupported detail that does not appear in the retrieved context.,knowledge base article
904,Sports,training,recovery benchmark,Summarize the main fact about recovery benchmark from the passage.,The source says that recovery benchmark is linked to procedure number 16. A estimated cost is also mentioned in the same passage. The document keeps the explanation focused on the training use case.,"The key point is that recovery benchmark is linked to procedure number 16, and the passage also mentions a estimated cost.",The key point is that recovery benchmark is linked to procedure number 16.,Partial Answer,Medium,Medium,The response captures the core idea but leaves out an important supporting detail.,FAQ excerpt
905,Healthcare,lab results,anemia,What does the document say about anemia?,The source says that anemia is linked to procedure number 14. A best practice is also mentioned in the same passage. The document keeps the explanation focused on the lab results use case.,"The key point is that anemia is linked to procedure number 14, and the passage also mentions a best practice.",The context does not provide enough information to answer confidently.,Missing Context,Medium,Medium,The answer ignores useful evidence that is present in the retrieved context.,policy memo
906,Healthcare,medication,asthma,Summarize the main fact about asthma from the passage.,The document explains that asthma is linked to comparison number 3. A required step is also mentioned in the same passage. The document keeps the explanation focused on the medication use case.,"The key point is that asthma is linked to comparison number 3, and the passage also mentions a required step.","The key point is that asthma is not linked to comparison number 3; instead, it is linked to the opposite outcome.",Contradiction,High,Low,The answer directly conflicts with the information in the retrieved context.,FAQ excerpt
907,Environment,air quality,particulate matter policy,What does the document say about particulate matter policy?,The document explains that particulate matter policy is linked to comparison number 8. A risk factor is also mentioned in the same passage. The document keeps the explanation focused on the air quality use case.,"The key point is that particulate matter policy is linked to comparison number 8, and the passage also mentions a risk factor.",The answer concerns an unrelated topic and says that particulate matter policy is mostly about a different domain.,Retrieval Failure,High,Low,The retrieved context is not relevant enough to answer the question well.,support ticket
908,Travel,local rules,visa requirements workflow,"According to the provided context, what is the key point about visa requirements workflow?",The source says that visa requirements workflow is linked to recommended action number 3. A best practice is also mentioned in the same passage. The document keeps the explanation focused on the local rules use case.,"The key point is that visa requirements workflow is linked to recommended action number 3, and the passage also mentions a best practice.",The answer concerns an unrelated topic and says that visa requirements workflow is mostly about a different domain.,Retrieval Failure,High,Low,The retrieved context is not relevant enough to answer the question well.,support ticket
909,Technology,networking,latency benchmark,"According to the provided context, what is the key point about latency benchmark?",The context indicates that latency benchmark is linked to comparison number 10. A risk factor is also mentioned in the same passage. The document keeps the explanation focused on the networking use case.,"The key point is that latency benchmark is linked to comparison number 10, and the passage also mentions a risk factor.",The context does not provide enough information to answer confidently.,Missing Context,Medium,Medium,The answer ignores useful evidence that is present in the retrieved context.,knowledge base article
910,Legal,intellectual property,copyright benchmark,What does the document say about copyright benchmark?,The evidence shows that copyright benchmark is linked to comparison number 14. A risk factor is also mentioned in the same passage. The document keeps the explanation focused on the intellectual property use case.,"The key point is that copyright benchmark is linked to comparison number 14, and the passage also mentions a risk factor.","The key point is that copyright benchmark is not linked to comparison number 14; instead, it is linked to the opposite outcome.",Contradiction,High,Low,The answer directly conflicts with the information in the retrieved context.,FAQ excerpt
911,Business,sales,conversion rate,What does the document say about conversion rate?,The evidence shows that conversion rate is linked to decrease number 11. A verification step is also mentioned in the same passage. The document keeps the explanation focused on the sales use case.,"The key point is that conversion rate is linked to decrease number 11, and the passage also mentions a verification step.",The answer concerns an unrelated topic and says that conversion rate is mostly about a different domain.,Retrieval Failure,High,Low,The retrieved context is not relevant enough to answer the question well.,training note
912,Technology,networking,latency,"According to the provided context, what is the key point about latency?",The source says that latency is linked to decrease number 13. A required step is also mentioned in the same passage. The document keeps the explanation focused on the networking use case.,"The key point is that latency is linked to decrease number 13, and the passage also mentions a required step.",The context does not provide enough information to answer confidently.,Missing Context,Medium,Medium,The answer ignores useful evidence that is present in the retrieved context.,knowledge base article
913,Technology,networking,latency,"According to the provided context, what is the key point about latency?",The source says that latency is linked to causal factor number 2. A best practice is also mentioned in the same passage. The document keeps the explanation focused on the networking use case.,"The key point is that latency is linked to causal factor number 2, and the passage also mentions a best practice.","The key point is that latency is not linked to causal factor number 2; instead, it is linked to the opposite outcome.",Contradiction,High,Low,The answer directly conflicts with the information in the retrieved context.,policy memo
914,Education,course selection,statistics,Which detail is supported by the context for statistics?,The passage states that statistics is linked to deadline number 11. A time window is also mentioned in the same passage. The document keeps the explanation focused on the course selection use case.,"The key point is that statistics is linked to deadline number 11, and the passage also mentions a time window.","The key point is that statistics is linked to deadline number 11, but the supporting reference points to another passage.",Wrong Citation,Medium,Medium,"The answer may be correct, but the cited source or evidence reference is incorrect or mismatched.",policy memo
915,Sports,match analysis,possession benchmark,Which detail is supported by the context for possession benchmark?,The document explains that possession benchmark is linked to causal factor number 2. A exception clause is also mentioned in the same passage. The document keeps the explanation focused on the match analysis use case.,"The key point is that possession benchmark is linked to causal factor number 2, and the passage also mentions a exception clause.",The answer concerns an unrelated topic and says that possession benchmark is mostly about a different domain.,Retrieval Failure,High,Low,The retrieved context is not relevant enough to answer the question well.,support ticket
916,Business,strategy,market positioning workflow,What does the document say about market positioning workflow?,The context indicates that market positioning workflow is linked to comparison number 14. A verification step is also mentioned in the same passage. The document keeps the explanation focused on the strategy use case.,"The key point is that market positioning workflow is linked to comparison number 14, and the passage also mentions a verification step.","The key point is that market positioning workflow is linked to comparison number 14, but the supporting reference points to another passage.",Wrong Citation,Medium,Medium,"The answer may be correct, but the cited source or evidence reference is incorrect or mismatched.",policy memo
917,Finance,risk,emergency fund policy,"According to the provided context, what is the key point about emergency fund policy?",The context indicates that emergency fund policy is linked to increase number 3. A best practice is also mentioned in the same passage. The document keeps the explanation focused on the risk use case.,"The key point is that emergency fund policy is linked to increase number 3, and the passage also mentions a best practice.","The key point is that emergency fund policy is linked to increase number 3, and the passage also mentions a best practice.",No Failure,Low,High,The answer is supported by the retrieved context and matches the expected response.,knowledge base article
918,Education,concept,machine learning,Summarize the main fact about machine learning from the passage.,The passage states that machine learning is linked to threshold number 17. A weekly review is also mentioned in the same passage. The document keeps the explanation focused on the concept use case.,"The key point is that machine learning is linked to threshold number 17, and the passage also mentions a weekly review.","The key point is that machine learning is not linked to threshold number 17; instead, it is linked to the opposite outcome.",Contradiction,High,Low,The answer directly conflicts with the information in the retrieved context.,policy memo
919,Finance,banking,loan repayment,"According to the provided context, what is the key point about loan repayment?",The passage states that loan repayment is linked to increase number 5. A time window is also mentioned in the same passage. The document keeps the explanation focused on the banking use case.,"The key point is that loan repayment is linked to increase number 5, and the passage also mentions a time window.",The context does not provide enough information to answer confidently.,Missing Context,Medium,Medium,The answer ignores useful evidence that is present in the retrieved context.,policy memo
920,Sports,tactics,pressing workflow,"According to the provided context, what is the key point about pressing workflow?",The context indicates that pressing workflow is linked to threshold number 4. A estimated cost is also mentioned in the same passage. The document keeps the explanation focused on the tactics use case.,"The key point is that pressing workflow is linked to threshold number 4, and the passage also mentions a estimated cost.",The key point is that pressing workflow is linked to threshold number 4.,Partial Answer,Medium,Medium,The response captures the core idea but leaves out an important supporting detail.,support ticket
921,Food,meal planning,portion control overview,"According to the provided context, what is the key point about portion control overview?",The document explains that portion control overview is linked to comparison number 7. A verification step is also mentioned in the same passage. The document keeps the explanation focused on the meal planning use case.,"The key point is that portion control overview is linked to comparison number 7, and the passage also mentions a verification step.",The answer concerns an unrelated topic and says that portion control overview is mostly about a different domain.,Retrieval Failure,High,Low,The retrieved context is not relevant enough to answer the question well.,policy memo
922,Technology,networking,latency benchmark,Which detail is supported by the context for latency benchmark?,The evidence shows that latency benchmark is linked to causal factor number 14. A required step is also mentioned in the same passage. The document keeps the explanation focused on the networking use case.,"The key point is that latency benchmark is linked to causal factor number 14, and the passage also mentions a required step.",The key point is that latency benchmark is linked to causal factor number 14.,Partial Answer,Medium,Medium,The response captures the core idea but leaves out an important supporting detail.,training note
923,Finance,budgeting,monthly expenses,What does the document say about monthly expenses?,The context indicates that monthly expenses is linked to guideline number 1. A risk factor is also mentioned in the same passage. The document keeps the explanation focused on the budgeting use case.,"The key point is that monthly expenses is linked to guideline number 1, and the passage also mentions a risk factor.","The key point is that monthly expenses is linked to guideline number 1, and the passage also mentions a risk factor.",No Failure,Low,High,The answer is supported by the retrieved context and matches the expected response.,training note
924,Healthcare,prevention,influenza,What does the document say about influenza?,The evidence shows that influenza is linked to increase number 4. A exception clause is also mentioned in the same passage. The document keeps the explanation focused on the prevention use case.,"The key point is that influenza is linked to increase number 4, and the passage also mentions a exception clause.",The context does not provide enough information to answer confidently.,Missing Context,Medium,Medium,The answer ignores useful evidence that is present in the retrieved context.,knowledge base article
925,Environment,energy,solar adoption workflow,"According to the provided context, what is the key point about solar adoption workflow?",The source says that solar adoption workflow is linked to warning sign number 8. A risk factor is also mentioned in the same passage. The document keeps the explanation focused on the energy use case.,"The key point is that solar adoption workflow is linked to warning sign number 8, and the passage also mentions a risk factor.",The context does not provide enough information to answer confidently.,Missing Context,Medium,Medium,The answer ignores useful evidence that is present in the retrieved context.,knowledge base article
926,Science,environmental science,water quality workflow,Summarize the main fact about water quality workflow from the passage.,The evidence shows that water quality workflow is linked to procedure number 17. A required step is also mentioned in the same passage. The document keeps the explanation focused on the environmental science use case.,"The key point is that water quality workflow is linked to procedure number 17, and the passage also mentions a required step.","The key point is that water quality workflow is linked to procedure number 17, but the supporting reference points to another passage.",Wrong Citation,Medium,Medium,"The answer may be correct, but the cited source or evidence reference is incorrect or mismatched.",knowledge base article
927,History,leader,mauryan empire,"According to the provided context, what is the key point about mauryan empire?",The evidence shows that mauryan empire is linked to decrease number 5. A weekly review is also mentioned in the same passage. The document keeps the explanation focused on the leader use case.,"The key point is that mauryan empire is linked to decrease number 5, and the passage also mentions a weekly review.","Since mauryan empire mentions a weekly review, the model concludes an unrelated extra result that does not follow.",Reasoning Error,Medium,Medium,The model uses the available evidence but reaches an incorrect inference.,FAQ excerpt
928,Finance,banking,loan repayment,Summarize the main fact about loan repayment from the passage.,The passage states that loan repayment is linked to decrease number 7. A best practice is also mentioned in the same passage. The document keeps the explanation focused on the banking use case.,"The key point is that loan repayment is linked to decrease number 7, and the passage also mentions a best practice.","The key point is that loan repayment is linked to decrease number 7, and it also causes a completely unsupported major issue.",Hallucination,High,Low,The model adds an unsupported detail that does not appear in the retrieved context.,training note
929,Sports,tactics,pressing,"According to the provided context, what is the key point about pressing?",The document explains that pressing is linked to increase number 12. A estimated cost is also mentioned in the same passage. The document keeps the explanation focused on the tactics use case.,"The key point is that pressing is linked to increase number 12, and the passage also mentions a estimated cost.","The key point is that pressing is linked to increase number 12, but the supporting reference points to another passage.",Wrong Citation,Medium,Medium,"The answer may be correct, but the cited source or evidence reference is incorrect or mismatched.",policy memo
930,Legal,contract clause,termination,Which detail is supported by the context for termination?,The context indicates that termination is linked to increase number 4. A weekly review is also mentioned in the same passage. The document keeps the explanation focused on the contract clause use case.,"The key point is that termination is linked to increase number 4, and the passage also mentions a weekly review.","The key point is that termination is linked to increase number 4, and it also causes a completely unsupported major issue.",Hallucination,High,Low,The model adds an unsupported detail that does not appear in the retrieved context.,training note
931,Travel,local rules,visa requirements,"According to the provided context, what is the key point about visa requirements?",The evidence shows that visa requirements is linked to deadline number 1. A time window is also mentioned in the same passage. The document keeps the explanation focused on the local rules use case.,"The key point is that visa requirements is linked to deadline number 1, and the passage also mentions a time window.","Since visa requirements mentions a time window, the model concludes an unrelated extra result that does not follow.",Reasoning Error,Medium,Medium,The model uses the available evidence but reaches an incorrect inference.,training note
932,Finance,banking,loan repayment,What is the correct answer regarding loan repayment?,The passage states that loan repayment is linked to recommended action number 13. A risk factor is also mentioned in the same passage. The document keeps the explanation focused on the banking use case.,"The key point is that loan repayment is linked to recommended action number 13, and the passage also mentions a risk factor.","Since loan repayment mentions a risk factor, the model concludes an unrelated extra result that does not follow.",Reasoning Error,Medium,Medium,The model uses the available evidence but reaches an incorrect inference.,policy memo
933,Food,diet,fiber overview,"According to the provided context, what is the key point about fiber overview?",The context indicates that fiber overview is linked to procedure number 16. A time window is also mentioned in the same passage. The document keeps the explanation focused on the diet use case.,"The key point is that fiber overview is linked to procedure number 16, and the passage also mentions a time window.","The key point is that fiber overview is linked to procedure number 16, and the passage also mentions a time window.",No Failure,Low,High,The answer is supported by the retrieved context and matches the expected response.,support ticket
934,Legal,privacy,data retention workflow,"According to the provided context, what is the key point about data retention workflow?",The source says that data retention workflow is linked to deadline number 1. A weekly review is also mentioned in the same passage. The document keeps the explanation focused on the privacy use case.,"The key point is that data retention workflow is linked to deadline number 1, and the passage also mentions a weekly review.","The key point is that data retention workflow is linked to deadline number 1, and it also causes a completely unsupported major issue.",Hallucination,High,Low,The model adds an unsupported detail that does not appear in the retrieved context.,FAQ excerpt
935,Business,strategy,market positioning,What is the correct answer regarding market positioning?,The evidence shows that market positioning is linked to guideline number 16. A weekly review is also mentioned in the same passage. The document keeps the explanation focused on the strategy use case.,"The key point is that market positioning is linked to guideline number 16, and the passage also mentions a weekly review.",The key point is that market positioning is linked to guideline number 16.,Partial Answer,Medium,Medium,The response captures the core idea but leaves out an important supporting detail.,knowledge base article
936,Environment,wildlife,habitat loss workflow,"According to the provided context, what is the key point about habitat loss workflow?",The evidence shows that habitat loss workflow is linked to decrease number 8. A required step is also mentioned in the same passage. The document keeps the explanation focused on the wildlife use case.,"The key point is that habitat loss workflow is linked to decrease number 8, and the passage also mentions a required step.","The key point is that habitat loss workflow is linked to decrease number 8, and it also causes a completely unsupported major issue.",Hallucination,High,Low,The model adds an unsupported detail that does not appear in the retrieved context.,training note
937,Legal,compliance,record keeping policy,What is the correct answer regarding record keeping policy?,The document explains that record keeping policy is linked to warning sign number 5. A priority order is also mentioned in the same passage. The document keeps the explanation focused on the compliance use case.,"The key point is that record keeping policy is linked to warning sign number 5, and the passage also mentions a priority order.","The key point is that record keeping policy is linked to warning sign number 5, and it also causes a completely unsupported major issue.",Hallucination,High,Low,The model adds an unsupported detail that does not appear in the retrieved context.,training note
938,Food,cooking,spices,Summarize the main fact about spices from the passage.,The document explains that spices is linked to guideline number 4. A risk factor is also mentioned in the same passage. The document keeps the explanation focused on the cooking use case.,"The key point is that spices is linked to guideline number 4, and the passage also mentions a risk factor.","Since spices mentions a risk factor, the model concludes an unrelated extra result that does not follow.",Reasoning Error,Medium,Medium,The model uses the available evidence but reaches an incorrect inference.,training note
939,Legal,employment,notice period,Which detail is supported by the context for notice period?,The document explains that notice period is linked to guideline number 9. A estimated cost is also mentioned in the same passage. The document keeps the explanation focused on the employment use case.,"The key point is that notice period is linked to guideline number 9, and the passage also mentions a estimated cost.","Since notice period mentions a estimated cost, the model concludes an unrelated extra result that does not follow.",Reasoning Error,Medium,Medium,The model uses the available evidence but reaches an incorrect inference.,training note
940,Sports,tactics,pressing benchmark,What does the document say about pressing benchmark?,The evidence shows that pressing benchmark is linked to increase number 10. A time window is also mentioned in the same passage. The document keeps the explanation focused on the tactics use case.,"The key point is that pressing benchmark is linked to increase number 10, and the passage also mentions a time window.",The answer concerns an unrelated topic and says that pressing benchmark is mostly about a different domain.,Retrieval Failure,High,Low,The retrieved context is not relevant enough to answer the question well.,support ticket
941,Finance,investment,index funds overview,"According to the provided context, what is the key point about index funds overview?",The source says that index funds overview is linked to guideline number 5. A estimated cost is also mentioned in the same passage. The document keeps the explanation focused on the investment use case.,"The key point is that index funds overview is linked to guideline number 5, and the passage also mentions a estimated cost.","The key point is that index funds overview is linked to guideline number 5, but the supporting reference points to another passage.",Wrong Citation,Medium,Medium,"The answer may be correct, but the cited source or evidence reference is incorrect or mismatched.",support ticket
942,History,period,renaissance workflow,Summarize the main fact about renaissance workflow from the passage.,The evidence shows that renaissance workflow is linked to increase number 2. A weekly review is also mentioned in the same passage. The document keeps the explanation focused on the period use case.,"The key point is that renaissance workflow is linked to increase number 2, and the passage also mentions a weekly review.","The key point is that renaissance workflow is linked to increase number 2, and it also causes a completely unsupported major issue.",Hallucination,High,Low,The model adds an unsupported detail that does not appear in the retrieved context.,support ticket
943,Healthcare,prevention,influenza,Summarize the main fact about influenza from the passage.,The evidence shows that influenza is linked to increase number 2. A risk factor is also mentioned in the same passage. The document keeps the explanation focused on the prevention use case.,"The key point is that influenza is linked to increase number 2, and the passage also mentions a risk factor.",The context does not provide enough information to answer confidently.,Missing Context,Medium,Medium,The answer ignores useful evidence that is present in the retrieved context.,FAQ excerpt
944,Technology,databases,indexing guidance,Summarize the main fact about indexing guidance from the passage.,The document explains that indexing guidance is linked to threshold number 7. A priority order is also mentioned in the same passage. The document keeps the explanation focused on the databases use case.,"The key point is that indexing guidance is linked to threshold number 7, and the passage also mentions a priority order.","Since indexing guidance mentions a priority order, the model concludes an unrelated extra result that does not follow.",Reasoning Error,Medium,Medium,The model uses the available evidence but reaches an incorrect inference.,training note
945,Food,diet,fiber benchmark,"According to the provided context, what is the key point about fiber benchmark?",The document explains that fiber benchmark is linked to decrease number 9. A exception clause is also mentioned in the same passage. The document keeps the explanation focused on the diet use case.,"The key point is that fiber benchmark is linked to decrease number 9, and the passage also mentions a exception clause.","Since fiber benchmark mentions a exception clause, the model concludes an unrelated extra result that does not follow.",Reasoning Error,Medium,Medium,The model uses the available evidence but reaches an incorrect inference.,FAQ excerpt
946,Education,assignment,research methods,Which detail is supported by the context for research methods?,The source says that research methods is linked to guideline number 10. A verification step is also mentioned in the same passage. The document keeps the explanation focused on the assignment use case.,"The key point is that research methods is linked to guideline number 10, and the passage also mentions a verification step.",The context does not provide enough information to answer confidently.,Missing Context,Medium,Medium,The answer ignores useful evidence that is present in the retrieved context.,training note
947,History,period,renaissance,What does the document say about renaissance?,The document explains that renaissance is linked to causal factor number 5. A required step is also mentioned in the same passage. The document keeps the explanation focused on the period use case.,"The key point is that renaissance is linked to causal factor number 5, and the passage also mentions a required step.","Since renaissance mentions a required step, the model concludes an unrelated extra result that does not follow.",Reasoning Error,Medium,Medium,The model uses the available evidence but reaches an incorrect inference.,training note
948,History,movement,civil rights benchmark,"According to the provided context, what is the key point about civil rights benchmark?",The passage states that civil rights benchmark is linked to recommended action number 16. A follow-up action is also mentioned in the same passage. The document keeps the explanation focused on the movement use case.,"The key point is that civil rights benchmark is linked to recommended action number 16, and the passage also mentions a follow-up action.","Since civil rights benchmark mentions a follow-up action, the model concludes an unrelated extra result that does not follow.",Reasoning Error,Medium,Medium,The model uses the available evidence but reaches an incorrect inference.,support ticket
949,Education,assignment,research methods overview,Which detail is supported by the context for research methods overview?,The document explains that research methods overview is linked to comparison number 6. A priority order is also mentioned in the same passage. The document keeps the explanation focused on the assignment use case.,"The key point is that research methods overview is linked to comparison number 6, and the passage also mentions a priority order.",The context does not provide enough information to answer confidently.,Missing Context,Medium,Medium,The answer ignores useful evidence that is present in the retrieved context.,policy memo
950,Science,physics,force and motion benchmark,What does the document say about force and motion benchmark?,The evidence shows that force and motion benchmark is linked to guideline number 5. A weekly review is also mentioned in the same passage. The document keeps the explanation focused on the physics use case.,"The key point is that force and motion benchmark is linked to guideline number 5, and the passage also mentions a weekly review.",The answer concerns an unrelated topic and says that force and motion benchmark is mostly about a different domain.,Retrieval Failure,High,Low,The retrieved context is not relevant enough to answer the question well.,policy memo
951,Healthcare,symptoms,migraine,"According to the provided context, what is the key point about migraine?",The source says that migraine is linked to guideline number 7. A required step is also mentioned in the same passage. The document keeps the explanation focused on the symptoms use case.,"The key point is that migraine is linked to guideline number 7, and the passage also mentions a required step.","The key point is that migraine is not linked to guideline number 7; instead, it is linked to the opposite outcome.",Contradiction,High,Low,The answer directly conflicts with the information in the retrieved context.,policy memo
952,Healthcare,diagnosis,type 2 diabetes,"According to the provided context, what is the key point about type 2 diabetes?",The passage states that type 2 diabetes is linked to decrease number 1. A required step is also mentioned in the same passage. The document keeps the explanation focused on the diagnosis use case.,"The key point is that type 2 diabetes is linked to decrease number 1, and the passage also mentions a required step.","The key point is that type 2 diabetes is linked to decrease number 1, but the supporting reference points to another passage.",Wrong Citation,Medium,Medium,"The answer may be correct, but the cited source or evidence reference is incorrect or mismatched.",knowledge base article
953,Sports,training,recovery benchmark,What does the document say about recovery benchmark?,The evidence shows that recovery benchmark is linked to warning sign number 7. A weekly review is also mentioned in the same passage. The document keeps the explanation focused on the training use case.,"The key point is that recovery benchmark is linked to warning sign number 7, and the passage also mentions a weekly review.","The key point is that recovery benchmark is linked to warning sign number 7, and it also causes a completely unsupported major issue.",Hallucination,High,Low,The model adds an unsupported detail that does not appear in the retrieved context.,knowledge base article
954,Science,physics,force and motion guidance,Summarize the main fact about force and motion guidance from the passage.,The source says that force and motion guidance is linked to procedure number 9. A verification step is also mentioned in the same passage. The document keeps the explanation focused on the physics use case.,"The key point is that force and motion guidance is linked to procedure number 9, and the passage also mentions a verification step.","The key point is that force and motion guidance is linked to procedure number 9, and the passage also mentions a verification step.",No Failure,Low,High,The answer is supported by the retrieved context and matches the expected response.,policy memo
955,Technology,databases,indexing,Which detail is supported by the context for indexing?,The context indicates that indexing is linked to warning sign number 6. A follow-up action is also mentioned in the same passage. The document keeps the explanation focused on the databases use case.,"The key point is that indexing is linked to warning sign number 6, and the passage also mentions a follow-up action.","The key point is that indexing is not linked to warning sign number 6; instead, it is linked to the opposite outcome.",Contradiction,High,Low,The answer directly conflicts with the information in the retrieved context.,FAQ excerpt
956,Science,chemistry,reaction rate,Summarize the main fact about reaction rate from the passage.,The source says that reaction rate is linked to warning sign number 3. A weekly review is also mentioned in the same passage. The document keeps the explanation focused on the chemistry use case.,"The key point is that reaction rate is linked to warning sign number 3, and the passage also mentions a weekly review.","The key point is that reaction rate is linked to warning sign number 3, and it also causes a completely unsupported major issue.",Hallucination,High,Low,The model adds an unsupported detail that does not appear in the retrieved context.,FAQ excerpt
957,Food,meal planning,portion control,Summarize the main fact about portion control from the passage.,The evidence shows that portion control is linked to recommended action number 5. A verification step is also mentioned in the same passage. The document keeps the explanation focused on the meal planning use case.,"The key point is that portion control is linked to recommended action number 5, and the passage also mentions a verification step.","Since portion control mentions a verification step, the model concludes an unrelated extra result that does not follow.",Reasoning Error,Medium,Medium,The model uses the available evidence but reaches an incorrect inference.,knowledge base article
958,Travel,booking,cancellation policy overview,"According to the provided context, what is the key point about cancellation policy overview?",The document explains that cancellation policy overview is linked to warning sign number 4. A required step is also mentioned in the same passage. The document keeps the explanation focused on the booking use case.,"The key point is that cancellation policy overview is linked to warning sign number 4, and the passage also mentions a required step.","The key point is that cancellation policy overview is linked to warning sign number 4, and it also causes a completely unsupported major issue.",Hallucination,High,Low,The model adds an unsupported detail that does not appear in the retrieved context.,support ticket
959,Education,study plan,final revision overview,Which detail is supported by the context for final revision overview?,The context indicates that final revision overview is linked to decrease number 13. A best practice is also mentioned in the same passage. The document keeps the explanation focused on the study plan use case.,"The key point is that final revision overview is linked to decrease number 13, and the passage also mentions a best practice.","Since final revision overview mentions a best practice, the model concludes an unrelated extra result that does not follow.",Reasoning Error,Medium,Medium,The model uses the available evidence but reaches an incorrect inference.,training note
960,Finance,budgeting,monthly expenses,Summarize the main fact about monthly expenses from the passage.,The source says that monthly expenses is linked to comparison number 17. A time window is also mentioned in the same passage. The document keeps the explanation focused on the budgeting use case.,"The key point is that monthly expenses is linked to comparison number 17, and the passage also mentions a time window.","The key point is that monthly expenses is linked to comparison number 17, but the supporting reference points to another passage.",Wrong Citation,Medium,Medium,"The answer may be correct, but the cited source or evidence reference is incorrect or mismatched.",policy memo
961,Legal,employment,notice period,What does the document say about notice period?,The passage states that notice period is linked to deadline number 4. A risk factor is also mentioned in the same passage. The document keeps the explanation focused on the employment use case.,"The key point is that notice period is linked to deadline number 4, and the passage also mentions a risk factor.","Since notice period mentions a risk factor, the model concludes an unrelated extra result that does not follow.",Reasoning Error,Medium,Medium,The model uses the available evidence but reaches an incorrect inference.,policy memo
962,Education,concept,machine learning workflow,"According to the provided context, what is the key point about machine learning workflow?",The evidence shows that machine learning workflow is linked to increase number 4. A exception clause is also mentioned in the same passage. The document keeps the explanation focused on the concept use case.,"The key point is that machine learning workflow is linked to increase number 4, and the passage also mentions a exception clause.",The context does not provide enough information to answer confidently.,Missing Context,Medium,Medium,The answer ignores useful evidence that is present in the retrieved context.,support ticket
963,Food,food safety,storage temperature overview,"According to the provided context, what is the key point about storage temperature overview?",The document explains that storage temperature overview is linked to guideline number 10. A time window is also mentioned in the same passage. The document keeps the explanation focused on the food safety use case.,"The key point is that storage temperature overview is linked to guideline number 10, and the passage also mentions a time window.",The key point is that storage temperature overview is linked to guideline number 10.,Partial Answer,Medium,Medium,The response captures the core idea but leaves out an important supporting detail.,support ticket
964,Education,course selection,statistics,"According to the provided context, what is the key point about statistics?",The document explains that statistics is linked to recommended action number 14. A follow-up action is also mentioned in the same passage. The document keeps the explanation focused on the course selection use case.,"The key point is that statistics is linked to recommended action number 14, and the passage also mentions a follow-up action.","The key point is that statistics is not linked to recommended action number 14; instead, it is linked to the opposite outcome.",Contradiction,High,Low,The answer directly conflicts with the information in the retrieved context.,FAQ excerpt
965,Sports,player performance,stamina overview,Which detail is supported by the context for stamina overview?,The document explains that stamina overview is linked to warning sign number 10. A risk factor is also mentioned in the same passage. The document keeps the explanation focused on the player performance use case.,"The key point is that stamina overview is linked to warning sign number 10, and the passage also mentions a risk factor.","The key point is that stamina overview is linked to warning sign number 10, and the passage also mentions a risk factor.",No Failure,Low,High,The answer is supported by the retrieved context and matches the expected response.,support ticket
966,Science,environmental science,water quality,Summarize the main fact about water quality from the passage.,The source says that water quality is linked to deadline number 7. A priority order is also mentioned in the same passage. The document keeps the explanation focused on the environmental science use case.,"The key point is that water quality is linked to deadline number 7, and the passage also mentions a priority order.",The key point is that water quality is linked to deadline number 7.,Partial Answer,Medium,Medium,The response captures the core idea but leaves out an important supporting detail.,support ticket
967,Education,study plan,final revision,What does the document say about final revision?,The passage states that final revision is linked to deadline number 11. A required step is also mentioned in the same passage. The document keeps the explanation focused on the study plan use case.,"The key point is that final revision is linked to deadline number 11, and the passage also mentions a required step.","The key point is that final revision is linked to deadline number 11, and the passage also mentions a required step.",No Failure,Low,High,The answer is supported by the retrieved context and matches the expected response.,support ticket
968,Education,exam prep,linear algebra,Which detail is supported by the context for linear algebra?,The passage states that linear algebra is linked to warning sign number 6. A risk factor is also mentioned in the same passage. The document keeps the explanation focused on the exam prep use case.,"The key point is that linear algebra is linked to warning sign number 6, and the passage also mentions a risk factor.","The key point is that linear algebra is linked to warning sign number 6, and the passage also mentions a risk factor.",No Failure,Low,High,The answer is supported by the retrieved context and matches the expected response.,knowledge base article
969,History,period,renaissance,Summarize the main fact about renaissance from the passage.,The passage states that renaissance is linked to threshold number 17. A best practice is also mentioned in the same passage. The document keeps the explanation focused on the period use case.,"The key point is that renaissance is linked to threshold number 17, and the passage also mentions a best practice.","The key point is that renaissance is not linked to threshold number 17; instead, it is linked to the opposite outcome.",Contradiction,High,Low,The answer directly conflicts with the information in the retrieved context.,training note
970,Education,study plan,final revision guidance,What is the correct answer regarding final revision guidance?,The passage states that final revision guidance is linked to decrease number 4. A best practice is also mentioned in the same passage. The document keeps the explanation focused on the study plan use case.,"The key point is that final revision guidance is linked to decrease number 4, and the passage also mentions a best practice.",The answer concerns an unrelated topic and says that final revision guidance is mostly about a different domain.,Retrieval Failure,High,Low,The retrieved context is not relevant enough to answer the question well.,FAQ excerpt
971,History,movement,civil rights benchmark,What does the document say about civil rights benchmark?,The context indicates that civil rights benchmark is linked to comparison number 13. A estimated cost is also mentioned in the same passage. The document keeps the explanation focused on the movement use case.,"The key point is that civil rights benchmark is linked to comparison number 13, and the passage also mentions a estimated cost.",The context does not provide enough information to answer confidently.,Missing Context,Medium,Medium,The answer ignores useful evidence that is present in the retrieved context.,knowledge base article
972,Technology,software design,API rate limiting,Which detail is supported by the context for API rate limiting?,The evidence shows that API rate limiting is linked to guideline number 16. A verification step is also mentioned in the same passage. The document keeps the explanation focused on the software design use case.,"The key point is that API rate limiting is linked to guideline number 16, and the passage also mentions a verification step.",The context does not provide enough information to answer confidently.,Missing Context,Medium,Medium,The answer ignores useful evidence that is present in the retrieved context.,training note
973,Education,course selection,statistics benchmark,What does the document say about statistics benchmark?,The evidence shows that statistics benchmark is linked to deadline number 17. A time window is also mentioned in the same passage. The document keeps the explanation focused on the course selection use case.,"The key point is that statistics benchmark is linked to deadline number 17, and the passage also mentions a time window.",The key point is that statistics benchmark is linked to deadline number 17.,Partial Answer,Medium,Medium,The response captures the core idea but leaves out an important supporting detail.,policy memo
974,Education,concept,machine learning,What does the document say about machine learning?,The evidence shows that machine learning is linked to causal factor number 7. A best practice is also mentioned in the same passage. The document keeps the explanation focused on the concept use case.,"The key point is that machine learning is linked to causal factor number 7, and the passage also mentions a best practice.","The key point is that machine learning is linked to causal factor number 7, but the supporting reference points to another passage.",Wrong Citation,Medium,Medium,"The answer may be correct, but the cited source or evidence reference is incorrect or mismatched.",policy memo
975,Travel,transport,rail schedules guidance,"According to the provided context, what is the key point about rail schedules guidance?",The document explains that rail schedules guidance is linked to deadline number 11. A risk factor is also mentioned in the same passage. The document keeps the explanation focused on the transport use case.,"The key point is that rail schedules guidance is linked to deadline number 11, and the passage also mentions a risk factor.","Since rail schedules guidance mentions a risk factor, the model concludes an unrelated extra result that does not follow.",Reasoning Error,Medium,Medium,The model uses the available evidence but reaches an incorrect inference.,training note
976,Technology,cloud,auto scaling,Which detail is supported by the context for auto scaling?,The context indicates that auto scaling is linked to guideline number 13. A best practice is also mentioned in the same passage. The document keeps the explanation focused on the cloud use case.,"The key point is that auto scaling is linked to guideline number 13, and the passage also mentions a best practice.","The key point is that auto scaling is linked to guideline number 13, but the supporting reference points to another passage.",Wrong Citation,Medium,Medium,"The answer may be correct, but the cited source or evidence reference is incorrect or mismatched.",knowledge base article
977,Legal,intellectual property,copyright benchmark,"According to the provided context, what is the key point about copyright benchmark?",The context indicates that copyright benchmark is linked to recommended action number 14. A risk factor is also mentioned in the same passage. The document keeps the explanation focused on the intellectual property use case.,"The key point is that copyright benchmark is linked to recommended action number 14, and the passage also mentions a risk factor.","The key point is that copyright benchmark is linked to recommended action number 14, but the supporting reference points to another passage.",Wrong Citation,Medium,Medium,"The answer may be correct, but the cited source or evidence reference is incorrect or mismatched.",FAQ excerpt
978,History,movement,civil rights,Which detail is supported by the context for civil rights?,The passage states that civil rights is linked to recommended action number 12. A required step is also mentioned in the same passage. The document keeps the explanation focused on the movement use case.,"The key point is that civil rights is linked to recommended action number 12, and the passage also mentions a required step.",The answer concerns an unrelated topic and says that civil rights is mostly about a different domain.,Retrieval Failure,High,Low,The retrieved context is not relevant enough to answer the question well.,support ticket
979,Legal,privacy,data retention,"According to the provided context, what is the key point about data retention?",The passage states that data retention is linked to recommended action number 17. A weekly review is also mentioned in the same passage. The document keeps the explanation focused on the privacy use case.,"The key point is that data retention is linked to recommended action number 17, and the passage also mentions a weekly review.","The key point is that data retention is not linked to recommended action number 17; instead, it is linked to the opposite outcome.",Contradiction,High,Low,The answer directly conflicts with the information in the retrieved context.,support ticket
980,Travel,planning,itinerary,Summarize the main fact about itinerary from the passage.,The evidence shows that itinerary is linked to causal factor number 8. A time window is also mentioned in the same passage. The document keeps the explanation focused on the planning use case.,"The key point is that itinerary is linked to causal factor number 8, and the passage also mentions a time window.",The key point is that itinerary is linked to causal factor number 8.,Partial Answer,Medium,Medium,The response captures the core idea but leaves out an important supporting detail.,knowledge base article
981,Science,chemistry,reaction rate guidance,What is the correct answer regarding reaction rate guidance?,The source says that reaction rate guidance is linked to comparison number 4. A risk factor is also mentioned in the same passage. The document keeps the explanation focused on the chemistry use case.,"The key point is that reaction rate guidance is linked to comparison number 4, and the passage also mentions a risk factor.",The key point is that reaction rate guidance is linked to comparison number 4.,Partial Answer,Medium,Medium,The response captures the core idea but leaves out an important supporting detail.,FAQ excerpt
982,Finance,risk,emergency fund,Summarize the main fact about emergency fund from the passage.,The document explains that emergency fund is linked to comparison number 7. A priority order is also mentioned in the same passage. The document keeps the explanation focused on the risk use case.,"The key point is that emergency fund is linked to comparison number 7, and the passage also mentions a priority order.","The key point is that emergency fund is linked to comparison number 7, but the supporting reference points to another passage.",Wrong Citation,Medium,Medium,"The answer may be correct, but the cited source or evidence reference is incorrect or mismatched.",knowledge base article
983,Sports,match analysis,possession,What is the correct answer regarding possession?,The document explains that possession is linked to deadline number 14. A best practice is also mentioned in the same passage. The document keeps the explanation focused on the match analysis use case.,"The key point is that possession is linked to deadline number 14, and the passage also mentions a best practice.",The key point is that possession is linked to deadline number 14.,Partial Answer,Medium,Medium,The response captures the core idea but leaves out an important supporting detail.,policy memo
984,Business,sales,conversion rate overview,"According to the provided context, what is the key point about conversion rate overview?",The context indicates that conversion rate overview is linked to guideline number 3. A risk factor is also mentioned in the same passage. The document keeps the explanation focused on the sales use case.,"The key point is that conversion rate overview is linked to guideline number 3, and the passage also mentions a risk factor.","The key point is that conversion rate overview is linked to guideline number 3, and the passage also mentions a risk factor.",No Failure,Low,High,The answer is supported by the retrieved context and matches the expected response.,training note
985,Environment,water,contamination workflow,"According to the provided context, what is the key point about contamination workflow?",The source says that contamination workflow is linked to comparison number 17. A estimated cost is also mentioned in the same passage. The document keeps the explanation focused on the water use case.,"The key point is that contamination workflow is linked to comparison number 17, and the passage also mentions a estimated cost.","The key point is that contamination workflow is linked to comparison number 17, and the passage also mentions a estimated cost.",No Failure,Low,High,The answer is supported by the retrieved context and matches the expected response.,support ticket
986,Travel,planning,itinerary,Which detail is supported by the context for itinerary?,The source says that itinerary is linked to threshold number 4. A required step is also mentioned in the same passage. The document keeps the explanation focused on the planning use case.,"The key point is that itinerary is linked to threshold number 4, and the passage also mentions a required step.",The key point is that itinerary is linked to threshold number 4.,Partial Answer,Medium,Medium,The response captures the core idea but leaves out an important supporting detail.,policy memo
987,Healthcare,lab results,anemia policy,Summarize the main fact about anemia policy from the passage.,The context indicates that anemia policy is linked to recommended action number 11. A estimated cost is also mentioned in the same passage. The document keeps the explanation focused on the lab results use case.,"The key point is that anemia policy is linked to recommended action number 11, and the passage also mentions a estimated cost.","The key point is that anemia policy is not linked to recommended action number 11; instead, it is linked to the opposite outcome.",Contradiction,High,Low,The answer directly conflicts with the information in the retrieved context.,training note
988,Travel,budget travel,daily spending,What does the document say about daily spending?,The document explains that daily spending is linked to recommended action number 12. A required step is also mentioned in the same passage. The document keeps the explanation focused on the budget travel use case.,"The key point is that daily spending is linked to recommended action number 12, and the passage also mentions a required step.","The key point is that daily spending is linked to recommended action number 12, and it also causes a completely unsupported major issue.",Hallucination,High,Low,The model adds an unsupported detail that does not appear in the retrieved context.,policy memo
989,Technology,machine learning,overfitting benchmark,What does the document say about overfitting benchmark?,The source says that overfitting benchmark is linked to decrease number 14. A best practice is also mentioned in the same passage. The document keeps the explanation focused on the machine learning use case.,"The key point is that overfitting benchmark is linked to decrease number 14, and the passage also mentions a best practice.","The key point is that overfitting benchmark is not linked to decrease number 14; instead, it is linked to the opposite outcome.",Contradiction,High,Low,The answer directly conflicts with the information in the retrieved context.,support ticket
990,Education,study plan,final revision benchmark,Summarize the main fact about final revision benchmark from the passage.,The evidence shows that final revision benchmark is linked to causal factor number 14. A estimated cost is also mentioned in the same passage. The document keeps the explanation focused on the study plan use case.,"The key point is that final revision benchmark is linked to causal factor number 14, and the passage also mentions a estimated cost.",The answer concerns an unrelated topic and says that final revision benchmark is mostly about a different domain.,Retrieval Failure,High,Low,The retrieved context is not relevant enough to answer the question well.,policy memo
991,Legal,contract clause,termination policy,Summarize the main fact about termination policy from the passage.,The evidence shows that termination policy is linked to warning sign number 9. A exception clause is also mentioned in the same passage. The document keeps the explanation focused on the contract clause use case.,"The key point is that termination policy is linked to warning sign number 9, and the passage also mentions a exception clause.","The key point is that termination policy is linked to warning sign number 9, and the passage also mentions a exception clause.",No Failure,Low,High,The answer is supported by the retrieved context and matches the expected response.,support ticket
992,Science,chemistry,reaction rate,What does the document say about reaction rate?,The source says that reaction rate is linked to deadline number 10. A best practice is also mentioned in the same passage. The document keeps the explanation focused on the chemistry use case.,"The key point is that reaction rate is linked to deadline number 10, and the passage also mentions a best practice.","The key point is that reaction rate is linked to deadline number 10, but the supporting reference points to another passage.",Wrong Citation,Medium,Medium,"The answer may be correct, but the cited source or evidence reference is incorrect or mismatched.",training note
993,Science,environmental science,water quality overview,"According to the provided context, what is the key point about water quality overview?",The context indicates that water quality overview is linked to recommended action number 14. A estimated cost is also mentioned in the same passage. The document keeps the explanation focused on the environmental science use case.,"The key point is that water quality overview is linked to recommended action number 14, and the passage also mentions a estimated cost.","The key point is that water quality overview is linked to recommended action number 14, but the supporting reference points to another passage.",Wrong Citation,Medium,Medium,"The answer may be correct, but the cited source or evidence reference is incorrect or mismatched.",knowledge base article
994,Legal,contract clause,termination,Which detail is supported by the context for termination?,The passage states that termination is linked to recommended action number 5. A weekly review is also mentioned in the same passage. The document keeps the explanation focused on the contract clause use case.,"The key point is that termination is linked to recommended action number 5, and the passage also mentions a weekly review.","The key point is that termination is linked to recommended action number 5, and the passage also mentions a weekly review.",No Failure,Low,High,The answer is supported by the retrieved context and matches the expected response.,support ticket
995,Education,course selection,statistics,Summarize the main fact about statistics from the passage.,The source says that statistics is linked to comparison number 2. A follow-up action is also mentioned in the same passage. The document keeps the explanation focused on the course selection use case.,"The key point is that statistics is linked to comparison number 2, and the passage also mentions a follow-up action.","The key point is that statistics is linked to comparison number 2, and it also causes a completely unsupported major issue.",Hallucination,High,Low,The model adds an unsupported detail that does not appear in the retrieved context.,knowledge base article
996,Science,biology,photosynthesis,What does the document say about photosynthesis?,The document explains that photosynthesis is linked to recommended action number 11. A time window is also mentioned in the same passage. The document keeps the explanation focused on the biology use case.,"The key point is that photosynthesis is linked to recommended action number 11, and the passage also mentions a time window.","The key point is that photosynthesis is not linked to recommended action number 11; instead, it is linked to the opposite outcome.",Contradiction,High,Low,The answer directly conflicts with the information in the retrieved context.,FAQ excerpt
997,Finance,banking,loan repayment overview,What is the correct answer regarding loan repayment overview?,The source says that loan repayment overview is linked to comparison number 15. A estimated cost is also mentioned in the same passage. The document keeps the explanation focused on the banking use case.,"The key point is that loan repayment overview is linked to comparison number 15, and the passage also mentions a estimated cost.","The key point is that loan repayment overview is linked to comparison number 15, and the passage also mentions a estimated cost.",No Failure,Low,High,The answer is supported by the retrieved context and matches the expected response.,FAQ excerpt
998,Sports,training,recovery,"According to the provided context, what is the key point about recovery?",The context indicates that recovery is linked to decrease number 11. A risk factor is also mentioned in the same passage. The document keeps the explanation focused on the training use case.,"The key point is that recovery is linked to decrease number 11, and the passage also mentions a risk factor.","The key point is that recovery is linked to decrease number 11, and the passage also mentions a risk factor.",No Failure,Low,High,The answer is supported by the retrieved context and matches the expected response.,support ticket
999,Sports,tactics,pressing guidance,"According to the provided context, what is the key point about pressing guidance?",The passage states that pressing guidance is linked to warning sign number 10. A weekly review is also mentioned in the same passage. The document keeps the explanation focused on the tactics use case.,"The key point is that pressing guidance is linked to warning sign number 10, and the passage also mentions a weekly review.",The key point is that pressing guidance is linked to warning sign number 10.,Partial Answer,Medium,Medium,The response captures the core idea but leaves out an important supporting detail.,policy memo
1000,Travel,transport,rail schedules,What is the correct answer regarding rail schedules?,The passage states that rail schedules is linked to guideline number 3. A verification step is also mentioned in the same passage. The document keeps the explanation focused on the transport use case.,"The key point is that rail schedules is linked to guideline number 3, and the passage also mentions a verification step.","Since rail schedules mentions a verification step, the model concludes an unrelated extra result that does not follow.",Reasoning Error,Medium,Medium,The model uses the available evidence but reaches an incorrect inference.,training note
1001,Legal,compliance,record keeping,Which detail is supported by the context for record keeping?,The document explains that record keeping is linked to deadline number 2. A best practice is also mentioned in the same passage. The document keeps the explanation focused on the compliance use case.,"The key point is that record keeping is linked to deadline number 2, and the passage also mentions a best practice.",The answer concerns an unrelated topic and says that record keeping is mostly about a different domain.,Retrieval Failure,High,Low,The retrieved context is not relevant enough to answer the question well.,policy memo
1002,Science,biology,photosynthesis workflow,Which detail is supported by the context for photosynthesis workflow?,The evidence shows that photosynthesis workflow is linked to recommended action number 4. A weekly review is also mentioned in the same passage. The document keeps the explanation focused on the biology use case.,"The key point is that photosynthesis workflow is linked to recommended action number 4, and the passage also mentions a weekly review.","Since photosynthesis workflow mentions a weekly review, the model concludes an unrelated extra result that does not follow.",Reasoning Error,Medium,Medium,The model uses the available evidence but reaches an incorrect inference.,policy memo
1003,History,event,industrial revolution overview,Which detail is supported by the context for industrial revolution overview?,The evidence shows that industrial revolution overview is linked to deadline number 1. A estimated cost is also mentioned in the same passage. The document keeps the explanation focused on the event use case.,"The key point is that industrial revolution overview is linked to deadline number 1, and the passage also mentions a estimated cost.","The key point is that industrial revolution overview is linked to deadline number 1, and it also causes a completely unsupported major issue.",Hallucination,High,Low,The model adds an unsupported detail that does not appear in the retrieved context.,FAQ excerpt
1004,Sports,statistics,win rate,Summarize the main fact about win rate from the passage.,The document explains that win rate is linked to procedure number 11. A time window is also mentioned in the same passage. The document keeps the explanation focused on the statistics use case.,"The key point is that win rate is linked to procedure number 11, and the passage also mentions a time window.",The answer concerns an unrelated topic and says that win rate is mostly about a different domain.,Retrieval Failure,High,Low,The retrieved context is not relevant enough to answer the question well.,knowledge base article
1005,Healthcare,prevention,influenza guidance,"According to the provided context, what is the key point about influenza guidance?",The evidence shows that influenza guidance is linked to causal factor number 11. A exception clause is also mentioned in the same passage. The document keeps the explanation focused on the prevention use case.,"The key point is that influenza guidance is linked to causal factor number 11, and the passage also mentions a exception clause.","The key point is that influenza guidance is linked to causal factor number 11, and it also causes a completely unsupported major issue.",Hallucination,High,Low,The model adds an unsupported detail that does not appear in the retrieved context.,support ticket
1006,Sports,team strategy,set pieces overview,"According to the provided context, what is the key point about set pieces overview?",The context indicates that set pieces overview is linked to comparison number 5. A follow-up action is also mentioned in the same passage. The document keeps the explanation focused on the team strategy use case.,"The key point is that set pieces overview is linked to comparison number 5, and the passage also mentions a follow-up action.","The key point is that set pieces overview is linked to comparison number 5, and it also causes a completely unsupported major issue.",Hallucination,High,Low,The model adds an unsupported detail that does not appear in the retrieved context.,training note
1007,History,event,industrial revolution,"According to the provided context, what is the key point about industrial revolution?",The evidence shows that industrial revolution is linked to decrease number 8. A weekly review is also mentioned in the same passage. The document keeps the explanation focused on the event use case.,"The key point is that industrial revolution is linked to decrease number 8, and the passage also mentions a weekly review.","The key point is that industrial revolution is linked to decrease number 8, and the passage also mentions a weekly review.",No Failure,Low,High,The answer is supported by the retrieved context and matches the expected response.,knowledge base article
1008,Legal,contract clause,termination,"According to the provided context, what is the key point about termination?",The context indicates that termination is linked to decrease number 10. A required step is also mentioned in the same passage. The document keeps the explanation focused on the contract clause use case.,"The key point is that termination is linked to decrease number 10, and the passage also mentions a required step.","Since termination mentions a required step, the model concludes an unrelated extra result that does not follow.",Reasoning Error,Medium,Medium,The model uses the available evidence but reaches an incorrect inference.,policy memo
1009,Environment,air quality,particulate matter policy,What is the correct answer regarding particulate matter policy?,The document explains that particulate matter policy is linked to causal factor number 8. A exception clause is also mentioned in the same passage. The document keeps the explanation focused on the air quality use case.,"The key point is that particulate matter policy is linked to causal factor number 8, and the passage also mentions a exception clause.","Since particulate matter policy mentions a exception clause, the model concludes an unrelated extra result that does not follow.",Reasoning Error,Medium,Medium,The model uses the available evidence but reaches an incorrect inference.,support ticket
1010,Education,course selection,statistics overview,What is the correct answer regarding statistics overview?,The context indicates that statistics overview is linked to causal factor number 11. A follow-up action is also mentioned in the same passage. The document keeps the explanation focused on the course selection use case.,"The key point is that statistics overview is linked to causal factor number 11, and the passage also mentions a follow-up action.","The key point is that statistics overview is linked to causal factor number 11, but the supporting reference points to another passage.",Wrong Citation,Medium,Medium,"The answer may be correct, but the cited source or evidence reference is incorrect or mismatched.",knowledge base article
1011,Travel,transport,rail schedules,Summarize the main fact about rail schedules from the passage.,The document explains that rail schedules is linked to causal factor number 17. A required step is also mentioned in the same passage. The document keeps the explanation focused on the transport use case.,"The key point is that rail schedules is linked to causal factor number 17, and the passage also mentions a required step.",The answer concerns an unrelated topic and says that rail schedules is mostly about a different domain.,Retrieval Failure,High,Low,The retrieved context is not relevant enough to answer the question well.,FAQ excerpt
1012,Healthcare,prevention,influenza overview,Summarize the main fact about influenza overview from the passage.,The document explains that influenza overview is linked to warning sign number 15. A required step is also mentioned in the same passage. The document keeps the explanation focused on the prevention use case.,"The key point is that influenza overview is linked to warning sign number 15, and the passage also mentions a required step.","The key point is that influenza overview is not linked to warning sign number 15; instead, it is linked to the opposite outcome.",Contradiction,High,Low,The answer directly conflicts with the information in the retrieved context.,policy memo
1013,Education,assignment,research methods,What does the document say about research methods?,The document explains that research methods is linked to comparison number 10. A required step is also mentioned in the same passage. The document keeps the explanation focused on the assignment use case.,"The key point is that research methods is linked to comparison number 10, and the passage also mentions a required step.","The key point is that research methods is linked to comparison number 10, but the supporting reference points to another passage.",Wrong Citation,Medium,Medium,"The answer may be correct, but the cited source or evidence reference is incorrect or mismatched.",support ticket
1014,Sports,training,recovery,What is the correct answer regarding recovery?,The context indicates that recovery is linked to recommended action number 12. A priority order is also mentioned in the same passage. The document keeps the explanation focused on the training use case.,"The key point is that recovery is linked to recommended action number 12, and the passage also mentions a priority order.","The key point is that recovery is linked to recommended action number 12, but the supporting reference points to another passage.",Wrong Citation,Medium,Medium,"The answer may be correct, but the cited source or evidence reference is incorrect or mismatched.",policy memo
1015,Education,assignment,research methods,"According to the provided context, what is the key point about research methods?",The document explains that research methods is linked to deadline number 12. A required step is also mentioned in the same passage. The document keeps the explanation focused on the assignment use case.,"The key point is that research methods is linked to deadline number 12, and the passage also mentions a required step.","The key point is that research methods is not linked to deadline number 12; instead, it is linked to the opposite outcome.",Contradiction,High,Low,The answer directly conflicts with the information in the retrieved context.,FAQ excerpt
1016,Travel,booking,cancellation policy guidance,"According to the provided context, what is the key point about cancellation policy guidance?",The context indicates that cancellation policy guidance is linked to deadline number 8. A best practice is also mentioned in the same passage. The document keeps the explanation focused on the booking use case.,"The key point is that cancellation policy guidance is linked to deadline number 8, and the passage also mentions a best practice.","The key point is that cancellation policy guidance is linked to deadline number 8, and the passage also mentions a best practice.",No Failure,Low,High,The answer is supported by the retrieved context and matches the expected response.,training note
1017,Business,sales,conversion rate overview,Summarize the main fact about conversion rate overview from the passage.,The document explains that conversion rate overview is linked to guideline number 4. A best practice is also mentioned in the same passage. The document keeps the explanation focused on the sales use case.,"The key point is that conversion rate overview is linked to guideline number 4, and the passage also mentions a best practice.","The key point is that conversion rate overview is linked to guideline number 4, and the passage also mentions a best practice.",No Failure,Low,High,The answer is supported by the retrieved context and matches the expected response.,knowledge base article
1018,Education,exam prep,linear algebra overview,Summarize the main fact about linear algebra overview from the passage.,The context indicates that linear algebra overview is linked to comparison number 9. A priority order is also mentioned in the same passage. The document keeps the explanation focused on the exam prep use case.,"The key point is that linear algebra overview is linked to comparison number 9, and the passage also mentions a priority order.","The key point is that linear algebra overview is linked to comparison number 9, and the passage also mentions a priority order.",No Failure,Low,High,The answer is supported by the retrieved context and matches the expected response.,knowledge base article
1019,Healthcare,prevention,influenza,What does the document say about influenza?,The context indicates that influenza is linked to decrease number 6. A weekly review is also mentioned in the same passage. The document keeps the explanation focused on the prevention use case.,"The key point is that influenza is linked to decrease number 6, and the passage also mentions a weekly review.","The key point is that influenza is linked to decrease number 6, but the supporting reference points to another passage.",Wrong Citation,Medium,Medium,"The answer may be correct, but the cited source or evidence reference is incorrect or mismatched.",training note
1020,Science,physics,force and motion,What does the document say about force and motion?,The passage states that force and motion is linked to recommended action number 7. A estimated cost is also mentioned in the same passage. The document keeps the explanation focused on the physics use case.,"The key point is that force and motion is linked to recommended action number 7, and the passage also mentions a estimated cost.","Since force and motion mentions a estimated cost, the model concludes an unrelated extra result that does not follow.",Reasoning Error,Medium,Medium,The model uses the available evidence but reaches an incorrect inference.,knowledge base article
1021,Travel,booking,cancellation policy,"According to the provided context, what is the key point about cancellation policy?",The source says that cancellation policy is linked to guideline number 13. A weekly review is also mentioned in the same passage. The document keeps the explanation focused on the booking use case.,"The key point is that cancellation policy is linked to guideline number 13, and the passage also mentions a weekly review.",The key point is that cancellation policy is linked to guideline number 13.,Partial Answer,Medium,Medium,The response captures the core idea but leaves out an important supporting detail.,knowledge base article
1022,Business,strategy,market positioning,What does the document say about market positioning?,The passage states that market positioning is linked to increase number 16. A follow-up action is also mentioned in the same passage. The document keeps the explanation focused on the strategy use case.,"The key point is that market positioning is linked to increase number 16, and the passage also mentions a follow-up action.",The answer concerns an unrelated topic and says that market positioning is mostly about a different domain.,Retrieval Failure,High,Low,The retrieved context is not relevant enough to answer the question well.,knowledge base article
1023,Travel,transport,rail schedules overview,Summarize the main fact about rail schedules overview from the passage.,The evidence shows that rail schedules overview is linked to warning sign number 4. A best practice is also mentioned in the same passage. The document keeps the explanation focused on the transport use case.,"The key point is that rail schedules overview is linked to warning sign number 4, and the passage also mentions a best practice.","The key point is that rail schedules overview is linked to warning sign number 4, and the passage also mentions a best practice.",No Failure,Low,High,The answer is supported by the retrieved context and matches the expected response.,knowledge base article
1024,History,leader,mauryan empire,"According to the provided context, what is the key point about mauryan empire?",The passage states that mauryan empire is linked to threshold number 15. A exception clause is also mentioned in the same passage. The document keeps the explanation focused on the leader use case.,"The key point is that mauryan empire is linked to threshold number 15, and the passage also mentions a exception clause.","The key point is that mauryan empire is not linked to threshold number 15; instead, it is linked to the opposite outcome.",Contradiction,High,Low,The answer directly conflicts with the information in the retrieved context.,training note
1025,Food,meal planning,portion control,What does the document say about portion control?,The document explains that portion control is linked to causal factor number 7. A risk factor is also mentioned in the same passage. The document keeps the explanation focused on the meal planning use case.,"The key point is that portion control is linked to causal factor number 7, and the passage also mentions a risk factor.","The key point is that portion control is linked to causal factor number 7, and the passage also mentions a risk factor.",No Failure,Low,High,The answer is supported by the retrieved context and matches the expected response.,FAQ excerpt
1026,Technology,networking,latency,"According to the provided context, what is the key point about latency?",The source says that latency is linked to increase number 3. A best practice is also mentioned in the same passage. The document keeps the explanation focused on the networking use case.,"The key point is that latency is linked to increase number 3, and the passage also mentions a best practice.","The key point is that latency is linked to increase number 3, and it also causes a completely unsupported major issue.",Hallucination,High,Low,The model adds an unsupported detail that does not appear in the retrieved context.,FAQ excerpt
1027,Legal,privacy,data retention,What is the correct answer regarding data retention?,The passage states that data retention is linked to threshold number 11. A follow-up action is also mentioned in the same passage. The document keeps the explanation focused on the privacy use case.,"The key point is that data retention is linked to threshold number 11, and the passage also mentions a follow-up action.","The key point is that data retention is not linked to threshold number 11; instead, it is linked to the opposite outcome.",Contradiction,High,Low,The answer directly conflicts with the information in the retrieved context.,policy memo
1028,History,conflict,world war II guidance,Which detail is supported by the context for world war II guidance?,The passage states that world war II guidance is linked to causal factor number 13. A estimated cost is also mentioned in the same passage. The document keeps the explanation focused on the conflict use case.,"The key point is that world war II guidance is linked to causal factor number 13, and the passage also mentions a estimated cost.","The key point is that world war II guidance is linked to causal factor number 13, and it also causes a completely unsupported major issue.",Hallucination,High,Low,The model adds an unsupported detail that does not appear in the retrieved context.,support ticket
1029,History,conflict,world war II,"According to the provided context, what is the key point about world war II?",The evidence shows that world war II is linked to causal factor number 10. A priority order is also mentioned in the same passage. The document keeps the explanation focused on the conflict use case.,"The key point is that world war II is linked to causal factor number 10, and the passage also mentions a priority order.","The key point is that world war II is linked to causal factor number 10, and it also causes a completely unsupported major issue.",Hallucination,High,Low,The model adds an unsupported detail that does not appear in the retrieved context.,knowledge base article
1030,Travel,budget travel,daily spending,Which detail is supported by the context for daily spending?,The evidence shows that daily spending is linked to comparison number 1. A estimated cost is also mentioned in the same passage. The document keeps the explanation focused on the budget travel use case.,"The key point is that daily spending is linked to comparison number 1, and the passage also mentions a estimated cost.","Since daily spending mentions a estimated cost, the model concludes an unrelated extra result that does not follow.",Reasoning Error,Medium,Medium,The model uses the available evidence but reaches an incorrect inference.,policy memo
1031,Sports,training,recovery,What does the document say about recovery?,The context indicates that recovery is linked to increase number 12. A best practice is also mentioned in the same passage. The document keeps the explanation focused on the training use case.,"The key point is that recovery is linked to increase number 12, and the passage also mentions a best practice.","The key point is that recovery is linked to increase number 12, but the supporting reference points to another passage.",Wrong Citation,Medium,Medium,"The answer may be correct, but the cited source or evidence reference is incorrect or mismatched.",training note
1032,Technology,cloud,auto scaling,"According to the provided context, what is the key point about auto scaling?",The context indicates that auto scaling is linked to threshold number 8. A follow-up action is also mentioned in the same passage. The document keeps the explanation focused on the cloud use case.,"The key point is that auto scaling is linked to threshold number 8, and the passage also mentions a follow-up action.",The context does not provide enough information to answer confidently.,Missing Context,Medium,Medium,The answer ignores useful evidence that is present in the retrieved context.,training note
1033,Healthcare,diagnosis,type 2 diabetes overview,Summarize the main fact about type 2 diabetes overview from the passage.,The source says that type 2 diabetes overview is linked to decrease number 10. A verification step is also mentioned in the same passage. The document keeps the explanation focused on the diagnosis use case.,"The key point is that type 2 diabetes overview is linked to decrease number 10, and the passage also mentions a verification step.","Since type 2 diabetes overview mentions a verification step, the model concludes an unrelated extra result that does not follow.",Reasoning Error,Medium,Medium,The model uses the available evidence but reaches an incorrect inference.,knowledge base article
1034,Legal,compliance,record keeping,What does the document say about record keeping?,The evidence shows that record keeping is linked to threshold number 17. A best practice is also mentioned in the same passage. The document keeps the explanation focused on the compliance use case.,"The key point is that record keeping is linked to threshold number 17, and the passage also mentions a best practice.",The key point is that record keeping is linked to threshold number 17.,Partial Answer,Medium,Medium,The response captures the core idea but leaves out an important supporting detail.,knowledge base article
1035,Business,sales,conversion rate,Which detail is supported by the context for conversion rate?,The document explains that conversion rate is linked to guideline number 13. A estimated cost is also mentioned in the same passage. The document keeps the explanation focused on the sales use case.,"The key point is that conversion rate is linked to guideline number 13, and the passage also mentions a estimated cost.",The answer concerns an unrelated topic and says that conversion rate is mostly about a different domain.,Retrieval Failure,High,Low,The retrieved context is not relevant enough to answer the question well.,knowledge base article
1036,Environment,wildlife,habitat loss workflow,"According to the provided context, what is the key point about habitat loss workflow?",The source says that habitat loss workflow is linked to causal factor number 3. A priority order is also mentioned in the same passage. The document keeps the explanation focused on the wildlife use case.,"The key point is that habitat loss workflow is linked to causal factor number 3, and the passage also mentions a priority order.","Since habitat loss workflow mentions a priority order, the model concludes an unrelated extra result that does not follow.",Reasoning Error,Medium,Medium,The model uses the available evidence but reaches an incorrect inference.,training note
1037,Science,biology,photosynthesis,What is the correct answer regarding photosynthesis?,The context indicates that photosynthesis is linked to decrease number 9. A verification step is also mentioned in the same passage. The document keeps the explanation focused on the biology use case.,"The key point is that photosynthesis is linked to decrease number 9, and the passage also mentions a verification step.","The key point is that photosynthesis is linked to decrease number 9, and it also causes a completely unsupported major issue.",Hallucination,High,Low,The model adds an unsupported detail that does not appear in the retrieved context.,knowledge base article
1038,Technology,machine learning,overfitting,Summarize the main fact about overfitting from the passage.,The source says that overfitting is linked to guideline number 7. A time window is also mentioned in the same passage. The document keeps the explanation focused on the machine learning use case.,"The key point is that overfitting is linked to guideline number 7, and the passage also mentions a time window.","The key point is that overfitting is not linked to guideline number 7; instead, it is linked to the opposite outcome.",Contradiction,High,Low,The answer directly conflicts with the information in the retrieved context.,policy memo
1039,Healthcare,symptoms,migraine,What does the document say about migraine?,The source says that migraine is linked to decrease number 11. A risk factor is also mentioned in the same passage. The document keeps the explanation focused on the symptoms use case.,"The key point is that migraine is linked to decrease number 11, and the passage also mentions a risk factor.",The answer concerns an unrelated topic and says that migraine is mostly about a different domain.,Retrieval Failure,High,Low,The retrieved context is not relevant enough to answer the question well.,training note
1040,Technology,security,password hashing,Summarize the main fact about password hashing from the passage.,The document explains that password hashing is linked to deadline number 8. A priority order is also mentioned in the same passage. The document keeps the explanation focused on the security use case.,"The key point is that password hashing is linked to deadline number 8, and the passage also mentions a priority order.","The key point is that password hashing is not linked to deadline number 8; instead, it is linked to the opposite outcome.",Contradiction,High,Low,The answer directly conflicts with the information in the retrieved context.,training note
1041,Healthcare,lab results,anemia guidance,Summarize the main fact about anemia guidance from the passage.,The evidence shows that anemia guidance is linked to recommended action number 5. A required step is also mentioned in the same passage. The document keeps the explanation focused on the lab results use case.,"The key point is that anemia guidance is linked to recommended action number 5, and the passage also mentions a required step.",The key point is that anemia guidance is linked to recommended action number 5.,Partial Answer,Medium,Medium,The response captures the core idea but leaves out an important supporting detail.,knowledge base article
1042,Travel,booking,cancellation policy,What is the correct answer regarding cancellation policy?,The passage states that cancellation policy is linked to causal factor number 2. A weekly review is also mentioned in the same passage. The document keeps the explanation focused on the booking use case.,"The key point is that cancellation policy is linked to causal factor number 2, and the passage also mentions a weekly review.","The key point is that cancellation policy is linked to causal factor number 2, but the supporting reference points to another passage.",Wrong Citation,Medium,Medium,"The answer may be correct, but the cited source or evidence reference is incorrect or mismatched.",knowledge base article
1043,Education,exam prep,linear algebra,What does the document say about linear algebra?,The document explains that linear algebra is linked to causal factor number 14. A best practice is also mentioned in the same passage. The document keeps the explanation focused on the exam prep use case.,"The key point is that linear algebra is linked to causal factor number 14, and the passage also mentions a best practice.","Since linear algebra mentions a best practice, the model concludes an unrelated extra result that does not follow.",Reasoning Error,Medium,Medium,The model uses the available evidence but reaches an incorrect inference.,knowledge base article
1044,History,movement,civil rights,"According to the provided context, what is the key point about civil rights?",The passage states that civil rights is linked to guideline number 5. A follow-up action is also mentioned in the same passage. The document keeps the explanation focused on the movement use case.,"The key point is that civil rights is linked to guideline number 5, and the passage also mentions a follow-up action.",The context does not provide enough information to answer confidently.,Missing Context,Medium,Medium,The answer ignores useful evidence that is present in the retrieved context.,knowledge base article
1045,Technology,software design,API rate limiting benchmark,What is the correct answer regarding API rate limiting benchmark?,The context indicates that API rate limiting benchmark is linked to recommended action number 14. A time window is also mentioned in the same passage. The document keeps the explanation focused on the software design use case.,"The key point is that API rate limiting benchmark is linked to recommended action number 14, and the passage also mentions a time window.",The answer concerns an unrelated topic and says that API rate limiting benchmark is mostly about a different domain.,Retrieval Failure,High,Low,The retrieved context is not relevant enough to answer the question well.,support ticket
1046,Science,earth science,climate patterns policy,Which detail is supported by the context for climate patterns policy?,The context indicates that climate patterns policy is linked to increase number 4. A best practice is also mentioned in the same passage. The document keeps the explanation focused on the earth science use case.,"The key point is that climate patterns policy is linked to increase number 4, and the passage also mentions a best practice.",The answer concerns an unrelated topic and says that climate patterns policy is mostly about a different domain.,Retrieval Failure,High,Low,The retrieved context is not relevant enough to answer the question well.,policy memo
1047,Sports,team strategy,set pieces,What does the document say about set pieces?,The context indicates that set pieces is linked to deadline number 17. A estimated cost is also mentioned in the same passage. The document keeps the explanation focused on the team strategy use case.,"The key point is that set pieces is linked to deadline number 17, and the passage also mentions a estimated cost.",The answer concerns an unrelated topic and says that set pieces is mostly about a different domain.,Retrieval Failure,High,Low,The retrieved context is not relevant enough to answer the question well.,policy memo
1048,Business,sales,conversion rate,Summarize the main fact about conversion rate from the passage.,The context indicates that conversion rate is linked to guideline number 2. A estimated cost is also mentioned in the same passage. The document keeps the explanation focused on the sales use case.,"The key point is that conversion rate is linked to guideline number 2, and the passage also mentions a estimated cost.",The context does not provide enough information to answer confidently.,Missing Context,Medium,Medium,The answer ignores useful evidence that is present in the retrieved context.,training note
1049,Travel,budget travel,daily spending workflow,Which detail is supported by the context for daily spending workflow?,The evidence shows that daily spending workflow is linked to decrease number 12. A follow-up action is also mentioned in the same passage. The document keeps the explanation focused on the budget travel use case.,"The key point is that daily spending workflow is linked to decrease number 12, and the passage also mentions a follow-up action.","Since daily spending workflow mentions a follow-up action, the model concludes an unrelated extra result that does not follow.",Reasoning Error,Medium,Medium,The model uses the available evidence but reaches an incorrect inference.,training note
1050,Science,biology,photosynthesis,Summarize the main fact about photosynthesis from the passage.,The evidence shows that photosynthesis is linked to causal factor number 5. A estimated cost is also mentioned in the same passage. The document keeps the explanation focused on the biology use case.,"The key point is that photosynthesis is linked to causal factor number 5, and the passage also mentions a estimated cost.","Since photosynthesis mentions a estimated cost, the model concludes an unrelated extra result that does not follow.",Reasoning Error,Medium,Medium,The model uses the available evidence but reaches an incorrect inference.,FAQ excerpt
1051,Legal,contract clause,termination overview,"According to the provided context, what is the key point about termination overview?",The passage states that termination overview is linked to decrease number 1. A best practice is also mentioned in the same passage. The document keeps the explanation focused on the contract clause use case.,"The key point is that termination overview is linked to decrease number 1, and the passage also mentions a best practice.",The answer concerns an unrelated topic and says that termination overview is mostly about a different domain.,Retrieval Failure,High,Low,The retrieved context is not relevant enough to answer the question well.,training note
1052,Travel,safety,emergency contacts policy,Summarize the main fact about emergency contacts policy from the passage.,The evidence shows that emergency contacts policy is linked to increase number 6. A follow-up action is also mentioned in the same passage. The document keeps the explanation focused on the safety use case.,"The key point is that emergency contacts policy is linked to increase number 6, and the passage also mentions a follow-up action.",The context does not provide enough information to answer confidently.,Missing Context,Medium,Medium,The answer ignores useful evidence that is present in the retrieved context.,support ticket
1053,Finance,budgeting,monthly expenses policy,What does the document say about monthly expenses policy?,The source says that monthly expenses policy is linked to threshold number 11. A required step is also mentioned in the same passage. The document keeps the explanation focused on the budgeting use case.,"The key point is that monthly expenses policy is linked to threshold number 11, and the passage also mentions a required step.","Since monthly expenses policy mentions a required step, the model concludes an unrelated extra result that does not follow.",Reasoning Error,Medium,Medium,The model uses the available evidence but reaches an incorrect inference.,policy memo
1054,Healthcare,lab results,anemia guidance,What is the correct answer regarding anemia guidance?,The context indicates that anemia guidance is linked to comparison number 3. A estimated cost is also mentioned in the same passage. The document keeps the explanation focused on the lab results use case.,"The key point is that anemia guidance is linked to comparison number 3, and the passage also mentions a estimated cost.","The key point is that anemia guidance is linked to comparison number 3, and it also causes a completely unsupported major issue.",Hallucination,High,Low,The model adds an unsupported detail that does not appear in the retrieved context.,policy memo
1055,Sports,tactics,pressing,Which detail is supported by the context for pressing?,The passage states that pressing is linked to procedure number 16. A time window is also mentioned in the same passage. The document keeps the explanation focused on the tactics use case.,"The key point is that pressing is linked to procedure number 16, and the passage also mentions a time window.",The context does not provide enough information to answer confidently.,Missing Context,Medium,Medium,The answer ignores useful evidence that is present in the retrieved context.,support ticket
1056,Sports,tactics,pressing,Summarize the main fact about pressing from the passage.,The source says that pressing is linked to comparison number 12. A priority order is also mentioned in the same passage. The document keeps the explanation focused on the tactics use case.,"The key point is that pressing is linked to comparison number 12, and the passage also mentions a priority order.",The context does not provide enough information to answer confidently.,Missing Context,Medium,Medium,The answer ignores useful evidence that is present in the retrieved context.,knowledge base article
1057,Legal,compliance,record keeping,Which detail is supported by the context for record keeping?,The passage states that record keeping is linked to comparison number 15. A verification step is also mentioned in the same passage. The document keeps the explanation focused on the compliance use case.,"The key point is that record keeping is linked to comparison number 15, and the passage also mentions a verification step.","Since record keeping mentions a verification step, the model concludes an unrelated extra result that does not follow.",Reasoning Error,Medium,Medium,The model uses the available evidence but reaches an incorrect inference.,policy memo
1058,Technology,machine learning,overfitting overview,Which detail is supported by the context for overfitting overview?,The source says that overfitting overview is linked to guideline number 11. A risk factor is also mentioned in the same passage. The document keeps the explanation focused on the machine learning use case.,"The key point is that overfitting overview is linked to guideline number 11, and the passage also mentions a risk factor.",The context does not provide enough information to answer confidently.,Missing Context,Medium,Medium,The answer ignores useful evidence that is present in the retrieved context.,support ticket
1059,History,movement,civil rights policy,Summarize the main fact about civil rights policy from the passage.,The source says that civil rights policy is linked to threshold number 8. A best practice is also mentioned in the same passage. The document keeps the explanation focused on the movement use case.,"The key point is that civil rights policy is linked to threshold number 8, and the passage also mentions a best practice.","The key point is that civil rights policy is linked to threshold number 8, and the passage also mentions a best practice.",No Failure,Low,High,The answer is supported by the retrieved context and matches the expected response.,support ticket
1060,History,culture,trade routes,What does the document say about trade routes?,The document explains that trade routes is linked to guideline number 4. A risk factor is also mentioned in the same passage. The document keeps the explanation focused on the culture use case.,"The key point is that trade routes is linked to guideline number 4, and the passage also mentions a risk factor.","The key point is that trade routes is linked to guideline number 4, and the passage also mentions a risk factor.",No Failure,Low,High,The answer is supported by the retrieved context and matches the expected response.,policy memo
1061,Business,product,feature prioritization benchmark,"According to the provided context, what is the key point about feature prioritization benchmark?",The document explains that feature prioritization benchmark is linked to comparison number 16. A risk factor is also mentioned in the same passage. The document keeps the explanation focused on the product use case.,"The key point is that feature prioritization benchmark is linked to comparison number 16, and the passage also mentions a risk factor.","The key point is that feature prioritization benchmark is not linked to comparison number 16; instead, it is linked to the opposite outcome.",Contradiction,High,Low,The answer directly conflicts with the information in the retrieved context.,FAQ excerpt
1062,Finance,risk,emergency fund benchmark,"According to the provided context, what is the key point about emergency fund benchmark?",The document explains that emergency fund benchmark is linked to guideline number 8. A exception clause is also mentioned in the same passage. The document keeps the explanation focused on the risk use case.,"The key point is that emergency fund benchmark is linked to guideline number 8, and the passage also mentions a exception clause.","The key point is that emergency fund benchmark is not linked to guideline number 8; instead, it is linked to the opposite outcome.",Contradiction,High,Low,The answer directly conflicts with the information in the retrieved context.,policy memo
1063,Environment,wildlife,habitat loss,What does the document say about habitat loss?,The context indicates that habitat loss is linked to decrease number 13. A priority order is also mentioned in the same passage. The document keeps the explanation focused on the wildlife use case.,"The key point is that habitat loss is linked to decrease number 13, and the passage also mentions a priority order.","The key point is that habitat loss is linked to decrease number 13, and the passage also mentions a priority order.",No Failure,Low,High,The answer is supported by the retrieved context and matches the expected response.,knowledge base article
1064,Education,learning strategy,note taking,Summarize the main fact about note taking from the passage.,The passage states that note taking is linked to procedure number 9. A risk factor is also mentioned in the same passage. The document keeps the explanation focused on the learning strategy use case.,"The key point is that note taking is linked to procedure number 9, and the passage also mentions a risk factor.",The key point is that note taking is linked to procedure number 9.,Partial Answer,Medium,Medium,The response captures the core idea but leaves out an important supporting detail.,policy memo
1065,Food,diet,fiber,What does the document say about fiber?,The evidence shows that fiber is linked to deadline number 1. A estimated cost is also mentioned in the same passage. The document keeps the explanation focused on the diet use case.,"The key point is that fiber is linked to deadline number 1, and the passage also mentions a estimated cost.","The key point is that fiber is linked to deadline number 1, and the passage also mentions a estimated cost.",No Failure,Low,High,The answer is supported by the retrieved context and matches the expected response.,FAQ excerpt
1066,Business,operations,inventory turnover overview,What does the document say about inventory turnover overview?,The passage states that inventory turnover overview is linked to deadline number 13. A time window is also mentioned in the same passage. The document keeps the explanation focused on the operations use case.,"The key point is that inventory turnover overview is linked to deadline number 13, and the passage also mentions a time window.","The key point is that inventory turnover overview is linked to deadline number 13, and it also causes a completely unsupported major issue.",Hallucination,High,Low,The model adds an unsupported detail that does not appear in the retrieved context.,knowledge base article
1067,Technology,machine learning,overfitting benchmark,Which detail is supported by the context for overfitting benchmark?,The context indicates that overfitting benchmark is linked to increase number 10. A weekly review is also mentioned in the same passage. The document keeps the explanation focused on the machine learning use case.,"The key point is that overfitting benchmark is linked to increase number 10, and the passage also mentions a weekly review.",The context does not provide enough information to answer confidently.,Missing Context,Medium,Medium,The answer ignores useful evidence that is present in the retrieved context.,knowledge base article
1068,Education,study plan,final revision,Summarize the main fact about final revision from the passage.,The source says that final revision is linked to procedure number 7. A weekly review is also mentioned in the same passage. The document keeps the explanation focused on the study plan use case.,"The key point is that final revision is linked to procedure number 7, and the passage also mentions a weekly review.","Since final revision mentions a weekly review, the model concludes an unrelated extra result that does not follow.",Reasoning Error,Medium,Medium,The model uses the available evidence but reaches an incorrect inference.,knowledge base article
1069,Technology,software design,API rate limiting,What does the document say about API rate limiting?,The passage states that API rate limiting is linked to threshold number 15. A time window is also mentioned in the same passage. The document keeps the explanation focused on the software design use case.,"The key point is that API rate limiting is linked to threshold number 15, and the passage also mentions a time window.","The key point is that API rate limiting is linked to threshold number 15, but the supporting reference points to another passage.",Wrong Citation,Medium,Medium,"The answer may be correct, but the cited source or evidence reference is incorrect or mismatched.",FAQ excerpt
1070,Finance,risk,emergency fund,What is the correct answer regarding emergency fund?,The context indicates that emergency fund is linked to procedure number 2. A verification step is also mentioned in the same passage. The document keeps the explanation focused on the risk use case.,"The key point is that emergency fund is linked to procedure number 2, and the passage also mentions a verification step.","The key point is that emergency fund is linked to procedure number 2, but the supporting reference points to another passage.",Wrong Citation,Medium,Medium,"The answer may be correct, but the cited source or evidence reference is incorrect or mismatched.",knowledge base article
1071,Finance,credit,credit score,Which detail is supported by the context for credit score?,The passage states that credit score is linked to comparison number 1. A verification step is also mentioned in the same passage. The document keeps the explanation focused on the credit use case.,"The key point is that credit score is linked to comparison number 1, and the passage also mentions a verification step.",The context does not provide enough information to answer confidently.,Missing Context,Medium,Medium,The answer ignores useful evidence that is present in the retrieved context.,support ticket
1072,Food,food safety,storage temperature guidance,Summarize the main fact about storage temperature guidance from the passage.,The evidence shows that storage temperature guidance is linked to causal factor number 7. A priority order is also mentioned in the same passage. The document keeps the explanation focused on the food safety use case.,"The key point is that storage temperature guidance is linked to causal factor number 7, and the passage also mentions a priority order.","The key point is that storage temperature guidance is linked to causal factor number 7, and the passage also mentions a priority order.",No Failure,Low,High,The answer is supported by the retrieved context and matches the expected response.,policy memo
1073,Finance,risk,emergency fund policy,Summarize the main fact about emergency fund policy from the passage.,The document explains that emergency fund policy is linked to causal factor number 11. A best practice is also mentioned in the same passage. The document keeps the explanation focused on the risk use case.,"The key point is that emergency fund policy is linked to causal factor number 11, and the passage also mentions a best practice.","The key point is that emergency fund policy is linked to causal factor number 11, and the passage also mentions a best practice.",No Failure,Low,High,The answer is supported by the retrieved context and matches the expected response.,FAQ excerpt
1074,Travel,safety,emergency contacts workflow,"According to the provided context, what is the key point about emergency contacts workflow?",The evidence shows that emergency contacts workflow is linked to increase number 16. A time window is also mentioned in the same passage. The document keeps the explanation focused on the safety use case.,"The key point is that emergency contacts workflow is linked to increase number 16, and the passage also mentions a time window.",The answer concerns an unrelated topic and says that emergency contacts workflow is mostly about a different domain.,Retrieval Failure,High,Low,The retrieved context is not relevant enough to answer the question well.,knowledge base article
1075,Technology,databases,indexing,What is the correct answer regarding indexing?,The context indicates that indexing is linked to decrease number 2. A time window is also mentioned in the same passage. The document keeps the explanation focused on the databases use case.,"The key point is that indexing is linked to decrease number 2, and the passage also mentions a time window.","The key point is that indexing is not linked to decrease number 2; instead, it is linked to the opposite outcome.",Contradiction,High,Low,The answer directly conflicts with the information in the retrieved context.,training note
1076,Business,HR,employee onboarding guidance,What is the correct answer regarding employee onboarding guidance?,The context indicates that employee onboarding guidance is linked to guideline number 12. A required step is also mentioned in the same passage. The document keeps the explanation focused on the HR use case.,"The key point is that employee onboarding guidance is linked to guideline number 12, and the passage also mentions a required step.","Since employee onboarding guidance mentions a required step, the model concludes an unrelated extra result that does not follow.",Reasoning Error,Medium,Medium,The model uses the available evidence but reaches an incorrect inference.,FAQ excerpt
1077,Environment,waste,recycling,What does the document say about recycling?,The context indicates that recycling is linked to increase number 11. A follow-up action is also mentioned in the same passage. The document keeps the explanation focused on the waste use case.,"The key point is that recycling is linked to increase number 11, and the passage also mentions a follow-up action.","The key point is that recycling is linked to increase number 11, and the passage also mentions a follow-up action.",No Failure,Low,High,The answer is supported by the retrieved context and matches the expected response.,FAQ excerpt
1078,Education,assignment,research methods policy,Which detail is supported by the context for research methods policy?,The source says that research methods policy is linked to threshold number 16. A verification step is also mentioned in the same passage. The document keeps the explanation focused on the assignment use case.,"The key point is that research methods policy is linked to threshold number 16, and the passage also mentions a verification step.","Since research methods policy mentions a verification step, the model concludes an unrelated extra result that does not follow.",Reasoning Error,Medium,Medium,The model uses the available evidence but reaches an incorrect inference.,FAQ excerpt
1079,Sports,training,recovery guidance,Which detail is supported by the context for recovery guidance?,The source says that recovery guidance is linked to threshold number 11. A time window is also mentioned in the same passage. The document keeps the explanation focused on the training use case.,"The key point is that recovery guidance is linked to threshold number 11, and the passage also mentions a time window.",The context does not provide enough information to answer confidently.,Missing Context,Medium,Medium,The answer ignores useful evidence that is present in the retrieved context.,training note
1080,Technology,software design,API rate limiting overview,Which detail is supported by the context for API rate limiting overview?,The evidence shows that API rate limiting overview is linked to recommended action number 2. A time window is also mentioned in the same passage. The document keeps the explanation focused on the software design use case.,"The key point is that API rate limiting overview is linked to recommended action number 2, and the passage also mentions a time window.",The answer concerns an unrelated topic and says that API rate limiting overview is mostly about a different domain.,Retrieval Failure,High,Low,The retrieved context is not relevant enough to answer the question well.,training note
1081,History,event,industrial revolution policy,Which detail is supported by the context for industrial revolution policy?,The passage states that industrial revolution policy is linked to increase number 2. A exception clause is also mentioned in the same passage. The document keeps the explanation focused on the event use case.,"The key point is that industrial revolution policy is linked to increase number 2, and the passage also mentions a exception clause.","The key point is that industrial revolution policy is linked to increase number 2, and it also causes a completely unsupported major issue.",Hallucination,High,Low,The model adds an unsupported detail that does not appear in the retrieved context.,policy memo
1082,Travel,transport,rail schedules,What is the correct answer regarding rail schedules?,The passage states that rail schedules is linked to causal factor number 12. A priority order is also mentioned in the same passage. The document keeps the explanation focused on the transport use case.,"The key point is that rail schedules is linked to causal factor number 12, and the passage also mentions a priority order.",The answer concerns an unrelated topic and says that rail schedules is mostly about a different domain.,Retrieval Failure,High,Low,The retrieved context is not relevant enough to answer the question well.,training note
1083,Food,nutrition,protein intake overview,What is the correct answer regarding protein intake overview?,The document explains that protein intake overview is linked to warning sign number 6. A risk factor is also mentioned in the same passage. The document keeps the explanation focused on the nutrition use case.,"The key point is that protein intake overview is linked to warning sign number 6, and the passage also mentions a risk factor.",The context does not provide enough information to answer confidently.,Missing Context,Medium,Medium,The answer ignores useful evidence that is present in the retrieved context.,training note
1084,Finance,credit,credit score workflow,Summarize the main fact about credit score workflow from the passage.,The context indicates that credit score workflow is linked to procedure number 11. A follow-up action is also mentioned in the same passage. The document keeps the explanation focused on the credit use case.,"The key point is that credit score workflow is linked to procedure number 11, and the passage also mentions a follow-up action.","The key point is that credit score workflow is not linked to procedure number 11; instead, it is linked to the opposite outcome.",Contradiction,High,Low,The answer directly conflicts with the information in the retrieved context.,support ticket
1085,Business,product,feature prioritization workflow,Summarize the main fact about feature prioritization workflow from the passage.,The passage states that feature prioritization workflow is linked to recommended action number 10. A estimated cost is also mentioned in the same passage. The document keeps the explanation focused on the product use case.,"The key point is that feature prioritization workflow is linked to recommended action number 10, and the passage also mentions a estimated cost.",The key point is that feature prioritization workflow is linked to recommended action number 10.,Partial Answer,Medium,Medium,The response captures the core idea but leaves out an important supporting detail.,policy memo
1086,Food,cooking,spices,Summarize the main fact about spices from the passage.,The source says that spices is linked to warning sign number 14. A weekly review is also mentioned in the same passage. The document keeps the explanation focused on the cooking use case.,"The key point is that spices is linked to warning sign number 14, and the passage also mentions a weekly review.",The context does not provide enough information to answer confidently.,Missing Context,Medium,Medium,The answer ignores useful evidence that is present in the retrieved context.,support ticket
1087,Food,meal planning,portion control workflow,What is the correct answer regarding portion control workflow?,The evidence shows that portion control workflow is linked to increase number 12. A priority order is also mentioned in the same passage. The document keeps the explanation focused on the meal planning use case.,"The key point is that portion control workflow is linked to increase number 12, and the passage also mentions a priority order.",The answer concerns an unrelated topic and says that portion control workflow is mostly about a different domain.,Retrieval Failure,High,Low,The retrieved context is not relevant enough to answer the question well.,support ticket
1088,Science,chemistry,reaction rate,What does the document say about reaction rate?,The document explains that reaction rate is linked to threshold number 1. A best practice is also mentioned in the same passage. The document keeps the explanation focused on the chemistry use case.,"The key point is that reaction rate is linked to threshold number 1, and the passage also mentions a best practice.",The answer concerns an unrelated topic and says that reaction rate is mostly about a different domain.,Retrieval Failure,High,Low,The retrieved context is not relevant enough to answer the question well.,FAQ excerpt
1089,Environment,air quality,particulate matter guidance,"According to the provided context, what is the key point about particulate matter guidance?",The source says that particulate matter guidance is linked to recommended action number 6. A estimated cost is also mentioned in the same passage. The document keeps the explanation focused on the air quality use case.,"The key point is that particulate matter guidance is linked to recommended action number 6, and the passage also mentions a estimated cost.",The answer concerns an unrelated topic and says that particulate matter guidance is mostly about a different domain.,Retrieval Failure,High,Low,The retrieved context is not relevant enough to answer the question well.,FAQ excerpt
1090,Healthcare,diagnosis,type 2 diabetes,Summarize the main fact about type 2 diabetes from the passage.,The source says that type 2 diabetes is linked to guideline number 15. A weekly review is also mentioned in the same passage. The document keeps the explanation focused on the diagnosis use case.,"The key point is that type 2 diabetes is linked to guideline number 15, and the passage also mentions a weekly review.",The key point is that type 2 diabetes is linked to guideline number 15.,Partial Answer,Medium,Medium,The response captures the core idea but leaves out an important supporting detail.,FAQ excerpt
1091,Legal,contract clause,termination guidance,Which detail is supported by the context for termination guidance?,The context indicates that termination guidance is linked to causal factor number 14. A estimated cost is also mentioned in the same passage. The document keeps the explanation focused on the contract clause use case.,"The key point is that termination guidance is linked to causal factor number 14, and the passage also mentions a estimated cost.",The context does not provide enough information to answer confidently.,Missing Context,Medium,Medium,The answer ignores useful evidence that is present in the retrieved context.,policy memo
1092,Legal,compliance,record keeping policy,Which detail is supported by the context for record keeping policy?,The source says that record keeping policy is linked to comparison number 4. A risk factor is also mentioned in the same passage. The document keeps the explanation focused on the compliance use case.,"The key point is that record keeping policy is linked to comparison number 4, and the passage also mentions a risk factor.","Since record keeping policy mentions a risk factor, the model concludes an unrelated extra result that does not follow.",Reasoning Error,Medium,Medium,The model uses the available evidence but reaches an incorrect inference.,knowledge base article
1093,Environment,climate,carbon emissions guidance,Summarize the main fact about carbon emissions guidance from the passage.,The context indicates that carbon emissions guidance is linked to threshold number 16. A weekly review is also mentioned in the same passage. The document keeps the explanation focused on the climate use case.,"The key point is that carbon emissions guidance is linked to threshold number 16, and the passage also mentions a weekly review.","Since carbon emissions guidance mentions a weekly review, the model concludes an unrelated extra result that does not follow.",Reasoning Error,Medium,Medium,The model uses the available evidence but reaches an incorrect inference.,support ticket
1094,Science,biology,photosynthesis,What does the document say about photosynthesis?,The source says that photosynthesis is linked to guideline number 17. A best practice is also mentioned in the same passage. The document keeps the explanation focused on the biology use case.,"The key point is that photosynthesis is linked to guideline number 17, and the passage also mentions a best practice.","The key point is that photosynthesis is linked to guideline number 17, and it also causes a completely unsupported major issue.",Hallucination,High,Low,The model adds an unsupported detail that does not appear in the retrieved context.,training note
1095,Legal,intellectual property,copyright,"According to the provided context, what is the key point about copyright?",The passage states that copyright is linked to deadline number 16. A priority order is also mentioned in the same passage. The document keeps the explanation focused on the intellectual property use case.,"The key point is that copyright is linked to deadline number 16, and the passage also mentions a priority order.","The key point is that copyright is linked to deadline number 16, and the passage also mentions a priority order.",No Failure,Low,High,The answer is supported by the retrieved context and matches the expected response.,FAQ excerpt
1096,History,movement,civil rights benchmark,What does the document say about civil rights benchmark?,The context indicates that civil rights benchmark is linked to causal factor number 11. A priority order is also mentioned in the same passage. The document keeps the explanation focused on the movement use case.,"The key point is that civil rights benchmark is linked to causal factor number 11, and the passage also mentions a priority order.","Since civil rights benchmark mentions a priority order, the model concludes an unrelated extra result that does not follow.",Reasoning Error,Medium,Medium,The model uses the available evidence but reaches an incorrect inference.,support ticket
1097,Science,environmental science,water quality,What does the document say about water quality?,The source says that water quality is linked to decrease number 4. A best practice is also mentioned in the same passage. The document keeps the explanation focused on the environmental science use case.,"The key point is that water quality is linked to decrease number 4, and the passage also mentions a best practice.",The answer concerns an unrelated topic and says that water quality is mostly about a different domain.,Retrieval Failure,High,Low,The retrieved context is not relevant enough to answer the question well.,training note
1098,Sports,match analysis,possession guidance,"According to the provided context, what is the key point about possession guidance?",The source says that possession guidance is linked to increase number 12. A priority order is also mentioned in the same passage. The document keeps the explanation focused on the match analysis use case.,"The key point is that possession guidance is linked to increase number 12, and the passage also mentions a priority order.",The answer concerns an unrelated topic and says that possession guidance is mostly about a different domain.,Retrieval Failure,High,Low,The retrieved context is not relevant enough to answer the question well.,support ticket
1099,History,conflict,world war II,What does the document say about world war II?,The evidence shows that world war II is linked to increase number 6. A best practice is also mentioned in the same passage. The document keeps the explanation focused on the conflict use case.,"The key point is that world war II is linked to increase number 6, and the passage also mentions a best practice.",The answer concerns an unrelated topic and says that world war II is mostly about a different domain.,Retrieval Failure,High,Low,The retrieved context is not relevant enough to answer the question well.,policy memo
1100,Healthcare,medication,asthma policy,Which detail is supported by the context for asthma policy?,The passage states that asthma policy is linked to comparison number 6. A required step is also mentioned in the same passage. The document keeps the explanation focused on the medication use case.,"The key point is that asthma policy is linked to comparison number 6, and the passage also mentions a required step.","The key point is that asthma policy is linked to comparison number 6, and it also causes a completely unsupported major issue.",Hallucination,High,Low,The model adds an unsupported detail that does not appear in the retrieved context.,support ticket
1101,Sports,player performance,stamina benchmark,Summarize the main fact about stamina benchmark from the passage.,The document explains that stamina benchmark is linked to decrease number 3. A best practice is also mentioned in the same passage. The document keeps the explanation focused on the player performance use case.,"The key point is that stamina benchmark is linked to decrease number 3, and the passage also mentions a best practice.",The key point is that stamina benchmark is linked to decrease number 3.,Partial Answer,Medium,Medium,The response captures the core idea but leaves out an important supporting detail.,training note
1102,Legal,privacy,data retention workflow,What does the document say about data retention workflow?,The passage states that data retention workflow is linked to increase number 2. A estimated cost is also mentioned in the same passage. The document keeps the explanation focused on the privacy use case.,"The key point is that data retention workflow is linked to increase number 2, and the passage also mentions a estimated cost.","The key point is that data retention workflow is linked to increase number 2, but the supporting reference points to another passage.",Wrong Citation,Medium,Medium,"The answer may be correct, but the cited source or evidence reference is incorrect or mismatched.",policy memo
1103,Healthcare,symptoms,migraine overview,What does the document say about migraine overview?,The context indicates that migraine overview is linked to warning sign number 1. A weekly review is also mentioned in the same passage. The document keeps the explanation focused on the symptoms use case.,"The key point is that migraine overview is linked to warning sign number 1, and the passage also mentions a weekly review.","Since migraine overview mentions a weekly review, the model concludes an unrelated extra result that does not follow.",Reasoning Error,Medium,Medium,The model uses the available evidence but reaches an incorrect inference.,FAQ excerpt
1104,Sports,player performance,stamina benchmark,Which detail is supported by the context for stamina benchmark?,The evidence shows that stamina benchmark is linked to threshold number 14. A verification step is also mentioned in the same passage. The document keeps the explanation focused on the player performance use case.,"The key point is that stamina benchmark is linked to threshold number 14, and the passage also mentions a verification step.","The key point is that stamina benchmark is linked to threshold number 14, but the supporting reference points to another passage.",Wrong Citation,Medium,Medium,"The answer may be correct, but the cited source or evidence reference is incorrect or mismatched.",training note
1105,Finance,banking,loan repayment,What is the correct answer regarding loan repayment?,The document explains that loan repayment is linked to recommended action number 5. A estimated cost is also mentioned in the same passage. The document keeps the explanation focused on the banking use case.,"The key point is that loan repayment is linked to recommended action number 5, and the passage also mentions a estimated cost.",The context does not provide enough information to answer confidently.,Missing Context,Medium,Medium,The answer ignores useful evidence that is present in the retrieved context.,support ticket
1106,History,culture,trade routes,Which detail is supported by the context for trade routes?,The context indicates that trade routes is linked to threshold number 12. A required step is also mentioned in the same passage. The document keeps the explanation focused on the culture use case.,"The key point is that trade routes is linked to threshold number 12, and the passage also mentions a required step.",The context does not provide enough information to answer confidently.,Missing Context,Medium,Medium,The answer ignores useful evidence that is present in the retrieved context.,FAQ excerpt
1107,Food,cooking,spices,What is the correct answer regarding spices?,The passage states that spices is linked to guideline number 14. A follow-up action is also mentioned in the same passage. The document keeps the explanation focused on the cooking use case.,"The key point is that spices is linked to guideline number 14, and the passage also mentions a follow-up action.","The key point is that spices is linked to guideline number 14, and it also causes a completely unsupported major issue.",Hallucination,High,Low,The model adds an unsupported detail that does not appear in the retrieved context.,knowledge base article
1108,Environment,air quality,particulate matter workflow,"According to the provided context, what is the key point about particulate matter workflow?",The passage states that particulate matter workflow is linked to increase number 1. A estimated cost is also mentioned in the same passage. The document keeps the explanation focused on the air quality use case.,"The key point is that particulate matter workflow is linked to increase number 1, and the passage also mentions a estimated cost.",The context does not provide enough information to answer confidently.,Missing Context,Medium,Medium,The answer ignores useful evidence that is present in the retrieved context.,FAQ excerpt
1109,Environment,energy,solar adoption,Summarize the main fact about solar adoption from the passage.,The source says that solar adoption is linked to comparison number 17. A verification step is also mentioned in the same passage. The document keeps the explanation focused on the energy use case.,"The key point is that solar adoption is linked to comparison number 17, and the passage also mentions a verification step.","Since solar adoption mentions a verification step, the model concludes an unrelated extra result that does not follow.",Reasoning Error,Medium,Medium,The model uses the available evidence but reaches an incorrect inference.,knowledge base article
1110,Education,study plan,final revision,What does the document say about final revision?,The document explains that final revision is linked to procedure number 17. A priority order is also mentioned in the same passage. The document keeps the explanation focused on the study plan use case.,"The key point is that final revision is linked to procedure number 17, and the passage also mentions a priority order.","The key point is that final revision is linked to procedure number 17, and it also causes a completely unsupported major issue.",Hallucination,High,Low,The model adds an unsupported detail that does not appear in the retrieved context.,FAQ excerpt
1111,Legal,compliance,record keeping benchmark,Which detail is supported by the context for record keeping benchmark?,The document explains that record keeping benchmark is linked to threshold number 12. A required step is also mentioned in the same passage. The document keeps the explanation focused on the compliance use case.,"The key point is that record keeping benchmark is linked to threshold number 12, and the passage also mentions a required step.",The context does not provide enough information to answer confidently.,Missing Context,Medium,Medium,The answer ignores useful evidence that is present in the retrieved context.,knowledge base article
1112,Education,concept,machine learning policy,"According to the provided context, what is the key point about machine learning policy?",The context indicates that machine learning policy is linked to guideline number 4. A follow-up action is also mentioned in the same passage. The document keeps the explanation focused on the concept use case.,"The key point is that machine learning policy is linked to guideline number 4, and the passage also mentions a follow-up action.",The answer concerns an unrelated topic and says that machine learning policy is mostly about a different domain.,Retrieval Failure,High,Low,The retrieved context is not relevant enough to answer the question well.,policy memo
1113,Legal,privacy,data retention,What does the document say about data retention?,The document explains that data retention is linked to recommended action number 3. A follow-up action is also mentioned in the same passage. The document keeps the explanation focused on the privacy use case.,"The key point is that data retention is linked to recommended action number 3, and the passage also mentions a follow-up action.","The key point is that data retention is linked to recommended action number 3, but the supporting reference points to another passage.",Wrong Citation,Medium,Medium,"The answer may be correct, but the cited source or evidence reference is incorrect or mismatched.",support ticket
1114,Food,food safety,storage temperature benchmark,"According to the provided context, what is the key point about storage temperature benchmark?",The source says that storage temperature benchmark is linked to warning sign number 3. A required step is also mentioned in the same passage. The document keeps the explanation focused on the food safety use case.,"The key point is that storage temperature benchmark is linked to warning sign number 3, and the passage also mentions a required step.","Since storage temperature benchmark mentions a required step, the model concludes an unrelated extra result that does not follow.",Reasoning Error,Medium,Medium,The model uses the available evidence but reaches an incorrect inference.,knowledge base article
1115,Legal,compliance,record keeping,Which detail is supported by the context for record keeping?,The source says that record keeping is linked to recommended action number 12. A required step is also mentioned in the same passage. The document keeps the explanation focused on the compliance use case.,"The key point is that record keeping is linked to recommended action number 12, and the passage also mentions a required step.","The key point is that record keeping is linked to recommended action number 12, and it also causes a completely unsupported major issue.",Hallucination,High,Low,The model adds an unsupported detail that does not appear in the retrieved context.,knowledge base article
1116,Finance,credit,credit score benchmark,Summarize the main fact about credit score benchmark from the passage.,The passage states that credit score benchmark is linked to warning sign number 15. A exception clause is also mentioned in the same passage. The document keeps the explanation focused on the credit use case.,"The key point is that credit score benchmark is linked to warning sign number 15, and the passage also mentions a exception clause.","The key point is that credit score benchmark is linked to warning sign number 15, but the supporting reference points to another passage.",Wrong Citation,Medium,Medium,"The answer may be correct, but the cited source or evidence reference is incorrect or mismatched.",support ticket
1117,Science,chemistry,reaction rate benchmark,Which detail is supported by the context for reaction rate benchmark?,The passage states that reaction rate benchmark is linked to procedure number 1. A required step is also mentioned in the same passage. The document keeps the explanation focused on the chemistry use case.,"The key point is that reaction rate benchmark is linked to procedure number 1, and the passage also mentions a required step.",The key point is that reaction rate benchmark is linked to procedure number 1.,Partial Answer,Medium,Medium,The response captures the core idea but leaves out an important supporting detail.,policy memo
1118,Education,course selection,statistics,Summarize the main fact about statistics from the passage.,The source says that statistics is linked to increase number 17. A best practice is also mentioned in the same passage. The document keeps the explanation focused on the course selection use case.,"The key point is that statistics is linked to increase number 17, and the passage also mentions a best practice.","The key point is that statistics is linked to increase number 17, but the supporting reference points to another passage.",Wrong Citation,Medium,Medium,"The answer may be correct, but the cited source or evidence reference is incorrect or mismatched.",support ticket
1119,Science,astronomy,exoplanets,What does the document say about exoplanets?,The source says that exoplanets is linked to guideline number 7. A follow-up action is also mentioned in the same passage. The document keeps the explanation focused on the astronomy use case.,"The key point is that exoplanets is linked to guideline number 7, and the passage also mentions a follow-up action.",The answer concerns an unrelated topic and says that exoplanets is mostly about a different domain.,Retrieval Failure,High,Low,The retrieved context is not relevant enough to answer the question well.,knowledge base article
1120,Education,exam prep,linear algebra,Which detail is supported by the context for linear algebra?,The document explains that linear algebra is linked to increase number 16. A exception clause is also mentioned in the same passage. The document keeps the explanation focused on the exam prep use case.,"The key point is that linear algebra is linked to increase number 16, and the passage also mentions a exception clause.","The key point is that linear algebra is not linked to increase number 16; instead, it is linked to the opposite outcome.",Contradiction,High,Low,The answer directly conflicts with the information in the retrieved context.,FAQ excerpt
1121,Education,exam prep,linear algebra,Which detail is supported by the context for linear algebra?,The context indicates that linear algebra is linked to causal factor number 3. A best practice is also mentioned in the same passage. The document keeps the explanation focused on the exam prep use case.,"The key point is that linear algebra is linked to causal factor number 3, and the passage also mentions a best practice.",The answer concerns an unrelated topic and says that linear algebra is mostly about a different domain.,Retrieval Failure,High,Low,The retrieved context is not relevant enough to answer the question well.,FAQ excerpt
1122,History,event,industrial revolution,"According to the provided context, what is the key point about industrial revolution?",The source says that industrial revolution is linked to threshold number 7. A priority order is also mentioned in the same passage. The document keeps the explanation focused on the event use case.,"The key point is that industrial revolution is linked to threshold number 7, and the passage also mentions a priority order.","The key point is that industrial revolution is linked to threshold number 7, and it also causes a completely unsupported major issue.",Hallucination,High,Low,The model adds an unsupported detail that does not appear in the retrieved context.,FAQ excerpt
1123,Travel,booking,cancellation policy,"According to the provided context, what is the key point about cancellation policy?",The context indicates that cancellation policy is linked to causal factor number 11. A exception clause is also mentioned in the same passage. The document keeps the explanation focused on the booking use case.,"The key point is that cancellation policy is linked to causal factor number 11, and the passage also mentions a exception clause.",The key point is that cancellation policy is linked to causal factor number 11.,Partial Answer,Medium,Medium,The response captures the core idea but leaves out an important supporting detail.,support ticket
1124,Sports,team strategy,set pieces overview,Summarize the main fact about set pieces overview from the passage.,The evidence shows that set pieces overview is linked to increase number 6. A risk factor is also mentioned in the same passage. The document keeps the explanation focused on the team strategy use case.,"The key point is that set pieces overview is linked to increase number 6, and the passage also mentions a risk factor.","Since set pieces overview mentions a risk factor, the model concludes an unrelated extra result that does not follow.",Reasoning Error,Medium,Medium,The model uses the available evidence but reaches an incorrect inference.,training note
1125,Sports,player performance,stamina,Summarize the main fact about stamina from the passage.,The passage states that stamina is linked to procedure number 6. A verification step is also mentioned in the same passage. The document keeps the explanation focused on the player performance use case.,"The key point is that stamina is linked to procedure number 6, and the passage also mentions a verification step.","Since stamina mentions a verification step, the model concludes an unrelated extra result that does not follow.",Reasoning Error,Medium,Medium,The model uses the available evidence but reaches an incorrect inference.,knowledge base article
1126,Science,chemistry,reaction rate,"According to the provided context, what is the key point about reaction rate?",The passage states that reaction rate is linked to causal factor number 16. A priority order is also mentioned in the same passage. The document keeps the explanation focused on the chemistry use case.,"The key point is that reaction rate is linked to causal factor number 16, and the passage also mentions a priority order.",The answer concerns an unrelated topic and says that reaction rate is mostly about a different domain.,Retrieval Failure,High,Low,The retrieved context is not relevant enough to answer the question well.,support ticket
1127,Science,physics,force and motion,What does the document say about force and motion?,The context indicates that force and motion is linked to decrease number 7. A weekly review is also mentioned in the same passage. The document keeps the explanation focused on the physics use case.,"The key point is that force and motion is linked to decrease number 7, and the passage also mentions a weekly review.",The context does not provide enough information to answer confidently.,Missing Context,Medium,Medium,The answer ignores useful evidence that is present in the retrieved context.,FAQ excerpt
1128,Healthcare,diagnosis,type 2 diabetes,What does the document say about type 2 diabetes?,The source says that type 2 diabetes is linked to recommended action number 3. A priority order is also mentioned in the same passage. The document keeps the explanation focused on the diagnosis use case.,"The key point is that type 2 diabetes is linked to recommended action number 3, and the passage also mentions a priority order.","The key point is that type 2 diabetes is linked to recommended action number 3, and it also causes a completely unsupported major issue.",Hallucination,High,Low,The model adds an unsupported detail that does not appear in the retrieved context.,knowledge base article
1129,Finance,credit,credit score guidance,What is the correct answer regarding credit score guidance?,The evidence shows that credit score guidance is linked to procedure number 13. A time window is also mentioned in the same passage. The document keeps the explanation focused on the credit use case.,"The key point is that credit score guidance is linked to procedure number 13, and the passage also mentions a time window.","The key point is that credit score guidance is not linked to procedure number 13; instead, it is linked to the opposite outcome.",Contradiction,High,Low,The answer directly conflicts with the information in the retrieved context.,FAQ excerpt
1130,Science,earth science,climate patterns overview,Which detail is supported by the context for climate patterns overview?,The passage states that climate patterns overview is linked to deadline number 5. A exception clause is also mentioned in the same passage. The document keeps the explanation focused on the earth science use case.,"The key point is that climate patterns overview is linked to deadline number 5, and the passage also mentions a exception clause.",The key point is that climate patterns overview is linked to deadline number 5.,Partial Answer,Medium,Medium,The response captures the core idea but leaves out an important supporting detail.,policy memo
1131,Environment,air quality,particulate matter,"According to the provided context, what is the key point about particulate matter?",The document explains that particulate matter is linked to recommended action number 6. A risk factor is also mentioned in the same passage. The document keeps the explanation focused on the air quality use case.,"The key point is that particulate matter is linked to recommended action number 6, and the passage also mentions a risk factor.",The context does not provide enough information to answer confidently.,Missing Context,Medium,Medium,The answer ignores useful evidence that is present in the retrieved context.,policy memo
1132,Legal,compliance,record keeping guidance,What is the correct answer regarding record keeping guidance?,The context indicates that record keeping guidance is linked to causal factor number 9. A follow-up action is also mentioned in the same passage. The document keeps the explanation focused on the compliance use case.,"The key point is that record keeping guidance is linked to causal factor number 9, and the passage also mentions a follow-up action.","The key point is that record keeping guidance is linked to causal factor number 9, but the supporting reference points to another passage.",Wrong Citation,Medium,Medium,"The answer may be correct, but the cited source or evidence reference is incorrect or mismatched.",training note
1133,Finance,banking,loan repayment,Which detail is supported by the context for loan repayment?,The evidence shows that loan repayment is linked to recommended action number 10. A time window is also mentioned in the same passage. The document keeps the explanation focused on the banking use case.,"The key point is that loan repayment is linked to recommended action number 10, and the passage also mentions a time window.","The key point is that loan repayment is linked to recommended action number 10, but the supporting reference points to another passage.",Wrong Citation,Medium,Medium,"The answer may be correct, but the cited source or evidence reference is incorrect or mismatched.",FAQ excerpt
1134,Food,diet,fiber,What does the document say about fiber?,The context indicates that fiber is linked to comparison number 12. A weekly review is also mentioned in the same passage. The document keeps the explanation focused on the diet use case.,"The key point is that fiber is linked to comparison number 12, and the passage also mentions a weekly review.","The key point is that fiber is linked to comparison number 12, but the supporting reference points to another passage.",Wrong Citation,Medium,Medium,"The answer may be correct, but the cited source or evidence reference is incorrect or mismatched.",policy memo
1135,Business,operations,inventory turnover policy,"According to the provided context, what is the key point about inventory turnover policy?",The context indicates that inventory turnover policy is linked to deadline number 13. A risk factor is also mentioned in the same passage. The document keeps the explanation focused on the operations use case.,"The key point is that inventory turnover policy is linked to deadline number 13, and the passage also mentions a risk factor.","The key point is that inventory turnover policy is not linked to deadline number 13; instead, it is linked to the opposite outcome.",Contradiction,High,Low,The answer directly conflicts with the information in the retrieved context.,support ticket
1136,Education,concept,machine learning,Which detail is supported by the context for machine learning?,The passage states that machine learning is linked to increase number 4. A exception clause is also mentioned in the same passage. The document keeps the explanation focused on the concept use case.,"The key point is that machine learning is linked to increase number 4, and the passage also mentions a exception clause.",The key point is that machine learning is linked to increase number 4.,Partial Answer,Medium,Medium,The response captures the core idea but leaves out an important supporting detail.,knowledge base article
1137,Food,cooking,spices policy,"According to the provided context, what is the key point about spices policy?",The context indicates that spices policy is linked to procedure number 7. A required step is also mentioned in the same passage. The document keeps the explanation focused on the cooking use case.,"The key point is that spices policy is linked to procedure number 7, and the passage also mentions a required step.","The key point is that spices policy is linked to procedure number 7, and it also causes a completely unsupported major issue.",Hallucination,High,Low,The model adds an unsupported detail that does not appear in the retrieved context.,training note
1138,Finance,risk,emergency fund,Summarize the main fact about emergency fund from the passage.,The passage states that emergency fund is linked to procedure number 11. A required step is also mentioned in the same passage. The document keeps the explanation focused on the risk use case.,"The key point is that emergency fund is linked to procedure number 11, and the passage also mentions a required step.",The key point is that emergency fund is linked to procedure number 11.,Partial Answer,Medium,Medium,The response captures the core idea but leaves out an important supporting detail.,support ticket
1139,Business,strategy,market positioning,Summarize the main fact about market positioning from the passage.,The context indicates that market positioning is linked to warning sign number 16. A required step is also mentioned in the same passage. The document keeps the explanation focused on the strategy use case.,"The key point is that market positioning is linked to warning sign number 16, and the passage also mentions a required step.",The answer concerns an unrelated topic and says that market positioning is mostly about a different domain.,Retrieval Failure,High,Low,The retrieved context is not relevant enough to answer the question well.,training note
1140,Food,food safety,storage temperature,Which detail is supported by the context for storage temperature?,The passage states that storage temperature is linked to causal factor number 4. A follow-up action is also mentioned in the same passage. The document keeps the explanation focused on the food safety use case.,"The key point is that storage temperature is linked to causal factor number 4, and the passage also mentions a follow-up action.","The key point is that storage temperature is not linked to causal factor number 4; instead, it is linked to the opposite outcome.",Contradiction,High,Low,The answer directly conflicts with the information in the retrieved context.,support ticket
1141,Travel,booking,cancellation policy,What does the document say about cancellation policy?,The context indicates that cancellation policy is linked to comparison number 15. A risk factor is also mentioned in the same passage. The document keeps the explanation focused on the booking use case.,"The key point is that cancellation policy is linked to comparison number 15, and the passage also mentions a risk factor.","The key point is that cancellation policy is linked to comparison number 15, and it also causes a completely unsupported major issue.",Hallucination,High,Low,The model adds an unsupported detail that does not appear in the retrieved context.,knowledge base article
1142,Sports,team strategy,set pieces,Summarize the main fact about set pieces from the passage.,The passage states that set pieces is linked to deadline number 1. A priority order is also mentioned in the same passage. The document keeps the explanation focused on the team strategy use case.,"The key point is that set pieces is linked to deadline number 1, and the passage also mentions a priority order.",The context does not provide enough information to answer confidently.,Missing Context,Medium,Medium,The answer ignores useful evidence that is present in the retrieved context.,training note
1143,Education,learning strategy,note taking overview,Summarize the main fact about note taking overview from the passage.,The context indicates that note taking overview is linked to increase number 6. A estimated cost is also mentioned in the same passage. The document keeps the explanation focused on the learning strategy use case.,"The key point is that note taking overview is linked to increase number 6, and the passage also mentions a estimated cost.","The key point is that note taking overview is linked to increase number 6, and it also causes a completely unsupported major issue.",Hallucination,High,Low,The model adds an unsupported detail that does not appear in the retrieved context.,FAQ excerpt
1144,Education,learning strategy,note taking,"According to the provided context, what is the key point about note taking?",The source says that note taking is linked to threshold number 13. A follow-up action is also mentioned in the same passage. The document keeps the explanation focused on the learning strategy use case.,"The key point is that note taking is linked to threshold number 13, and the passage also mentions a follow-up action.",The key point is that note taking is linked to threshold number 13.,Partial Answer,Medium,Medium,The response captures the core idea but leaves out an important supporting detail.,support ticket
1145,Healthcare,diagnosis,type 2 diabetes workflow,Summarize the main fact about type 2 diabetes workflow from the passage.,The passage states that type 2 diabetes workflow is linked to warning sign number 4. A exception clause is also mentioned in the same passage. The document keeps the explanation focused on the diagnosis use case.,"The key point is that type 2 diabetes workflow is linked to warning sign number 4, and the passage also mentions a exception clause.","The key point is that type 2 diabetes workflow is linked to warning sign number 4, and the passage also mentions a exception clause.",No Failure,Low,High,The answer is supported by the retrieved context and matches the expected response.,support ticket
1146,Science,biology,photosynthesis overview,"According to the provided context, what is the key point about photosynthesis overview?",The context indicates that photosynthesis overview is linked to recommended action number 5. A follow-up action is also mentioned in the same passage. The document keeps the explanation focused on the biology use case.,"The key point is that photosynthesis overview is linked to recommended action number 5, and the passage also mentions a follow-up action.","Since photosynthesis overview mentions a follow-up action, the model concludes an unrelated extra result that does not follow.",Reasoning Error,Medium,Medium,The model uses the available evidence but reaches an incorrect inference.,training note
1147,Travel,safety,emergency contacts,Which detail is supported by the context for emergency contacts?,The passage states that emergency contacts is linked to threshold number 12. A best practice is also mentioned in the same passage. The document keeps the explanation focused on the safety use case.,"The key point is that emergency contacts is linked to threshold number 12, and the passage also mentions a best practice.","The key point is that emergency contacts is linked to threshold number 12, but the supporting reference points to another passage.",Wrong Citation,Medium,Medium,"The answer may be correct, but the cited source or evidence reference is incorrect or mismatched.",FAQ excerpt
1148,Finance,budgeting,monthly expenses,Which detail is supported by the context for monthly expenses?,The source says that monthly expenses is linked to increase number 10. A verification step is also mentioned in the same passage. The document keeps the explanation focused on the budgeting use case.,"The key point is that monthly expenses is linked to increase number 10, and the passage also mentions a verification step.","The key point is that monthly expenses is linked to increase number 10, and the passage also mentions a verification step.",No Failure,Low,High,The answer is supported by the retrieved context and matches the expected response.,training note
1149,Food,recipe,baking workflow,What does the document say about baking workflow?,The source says that baking workflow is linked to threshold number 1. A verification step is also mentioned in the same passage. The document keeps the explanation focused on the recipe use case.,"The key point is that baking workflow is linked to threshold number 1, and the passage also mentions a verification step.","The key point is that baking workflow is linked to threshold number 1, and it also causes a completely unsupported major issue.",Hallucination,High,Low,The model adds an unsupported detail that does not appear in the retrieved context.,knowledge base article
1150,Legal,employment,notice period guidance,"According to the provided context, what is the key point about notice period guidance?",The document explains that notice period guidance is linked to causal factor number 7. A estimated cost is also mentioned in the same passage. The document keeps the explanation focused on the employment use case.,"The key point is that notice period guidance is linked to causal factor number 7, and the passage also mentions a estimated cost.","The key point is that notice period guidance is not linked to causal factor number 7; instead, it is linked to the opposite outcome.",Contradiction,High,Low,The answer directly conflicts with the information in the retrieved context.,knowledge base article
1151,Legal,consumer rights,refund policy policy,What is the correct answer regarding refund policy policy?,The passage states that refund policy policy is linked to guideline number 7. A time window is also mentioned in the same passage. The document keeps the explanation focused on the consumer rights use case.,"The key point is that refund policy policy is linked to guideline number 7, and the passage also mentions a time window.","Since refund policy policy mentions a time window, the model concludes an unrelated extra result that does not follow.",Reasoning Error,Medium,Medium,The model uses the available evidence but reaches an incorrect inference.,knowledge base article
1152,History,culture,trade routes,"According to the provided context, what is the key point about trade routes?",The evidence shows that trade routes is linked to increase number 8. A weekly review is also mentioned in the same passage. The document keeps the explanation focused on the culture use case.,"The key point is that trade routes is linked to increase number 8, and the passage also mentions a weekly review.","Since trade routes mentions a weekly review, the model concludes an unrelated extra result that does not follow.",Reasoning Error,Medium,Medium,The model uses the available evidence but reaches an incorrect inference.,support ticket
1153,Travel,planning,itinerary guidance,"According to the provided context, what is the key point about itinerary guidance?",The source says that itinerary guidance is linked to recommended action number 17. A weekly review is also mentioned in the same passage. The document keeps the explanation focused on the planning use case.,"The key point is that itinerary guidance is linked to recommended action number 17, and the passage also mentions a weekly review.","The key point is that itinerary guidance is linked to recommended action number 17, and the passage also mentions a weekly review.",No Failure,Low,High,The answer is supported by the retrieved context and matches the expected response.,support ticket
1154,Environment,water,contamination,Which detail is supported by the context for contamination?,The source says that contamination is linked to decrease number 3. A best practice is also mentioned in the same passage. The document keeps the explanation focused on the water use case.,"The key point is that contamination is linked to decrease number 3, and the passage also mentions a best practice.",The answer concerns an unrelated topic and says that contamination is mostly about a different domain.,Retrieval Failure,High,Low,The retrieved context is not relevant enough to answer the question well.,policy memo
1155,Legal,compliance,record keeping benchmark,Summarize the main fact about record keeping benchmark from the passage.,The source says that record keeping benchmark is linked to causal factor number 7. A time window is also mentioned in the same passage. The document keeps the explanation focused on the compliance use case.,"The key point is that record keeping benchmark is linked to causal factor number 7, and the passage also mentions a time window.",The answer concerns an unrelated topic and says that record keeping benchmark is mostly about a different domain.,Retrieval Failure,High,Low,The retrieved context is not relevant enough to answer the question well.,knowledge base article
1156,Travel,local rules,visa requirements policy,Which detail is supported by the context for visa requirements policy?,The context indicates that visa requirements policy is linked to guideline number 15. A risk factor is also mentioned in the same passage. The document keeps the explanation focused on the local rules use case.,"The key point is that visa requirements policy is linked to guideline number 15, and the passage also mentions a risk factor.","Since visa requirements policy mentions a risk factor, the model concludes an unrelated extra result that does not follow.",Reasoning Error,Medium,Medium,The model uses the available evidence but reaches an incorrect inference.,support ticket
1157,Healthcare,lab results,anemia,What does the document say about anemia?,The passage states that anemia is linked to deadline number 1. A estimated cost is also mentioned in the same passage. The document keeps the explanation focused on the lab results use case.,"The key point is that anemia is linked to deadline number 1, and the passage also mentions a estimated cost.",The key point is that anemia is linked to deadline number 1.,Partial Answer,Medium,Medium,The response captures the core idea but leaves out an important supporting detail.,support ticket
1158,Travel,safety,emergency contacts,What does the document say about emergency contacts?,The context indicates that emergency contacts is linked to deadline number 13. A time window is also mentioned in the same passage. The document keeps the explanation focused on the safety use case.,"The key point is that emergency contacts is linked to deadline number 13, and the passage also mentions a time window.","The key point is that emergency contacts is not linked to deadline number 13; instead, it is linked to the opposite outcome.",Contradiction,High,Low,The answer directly conflicts with the information in the retrieved context.,knowledge base article
1159,Environment,water,contamination,Which detail is supported by the context for contamination?,The context indicates that contamination is linked to causal factor number 9. A time window is also mentioned in the same passage. The document keeps the explanation focused on the water use case.,"The key point is that contamination is linked to causal factor number 9, and the passage also mentions a time window.","The key point is that contamination is linked to causal factor number 9, and it also causes a completely unsupported major issue.",Hallucination,High,Low,The model adds an unsupported detail that does not appear in the retrieved context.,FAQ excerpt
1160,Science,environmental science,water quality benchmark,Summarize the main fact about water quality benchmark from the passage.,The document explains that water quality benchmark is linked to causal factor number 6. A estimated cost is also mentioned in the same passage. The document keeps the explanation focused on the environmental science use case.,"The key point is that water quality benchmark is linked to causal factor number 6, and the passage also mentions a estimated cost.","The key point is that water quality benchmark is not linked to causal factor number 6; instead, it is linked to the opposite outcome.",Contradiction,High,Low,The answer directly conflicts with the information in the retrieved context.,support ticket
1161,Business,product,feature prioritization,Which detail is supported by the context for feature prioritization?,The context indicates that feature prioritization is linked to increase number 16. A follow-up action is also mentioned in the same passage. The document keeps the explanation focused on the product use case.,"The key point is that feature prioritization is linked to increase number 16, and the passage also mentions a follow-up action.","The key point is that feature prioritization is linked to increase number 16, but the supporting reference points to another passage.",Wrong Citation,Medium,Medium,"The answer may be correct, but the cited source or evidence reference is incorrect or mismatched.",training note
1162,Environment,climate,carbon emissions,What is the correct answer regarding carbon emissions?,The document explains that carbon emissions is linked to increase number 9. A best practice is also mentioned in the same passage. The document keeps the explanation focused on the climate use case.,"The key point is that carbon emissions is linked to increase number 9, and the passage also mentions a best practice.",The context does not provide enough information to answer confidently.,Missing Context,Medium,Medium,The answer ignores useful evidence that is present in the retrieved context.,knowledge base article
1163,Legal,compliance,record keeping overview,What is the correct answer regarding record keeping overview?,The evidence shows that record keeping overview is linked to guideline number 1. A estimated cost is also mentioned in the same passage. The document keeps the explanation focused on the compliance use case.,"The key point is that record keeping overview is linked to guideline number 1, and the passage also mentions a estimated cost.","The key point is that record keeping overview is not linked to guideline number 1; instead, it is linked to the opposite outcome.",Contradiction,High,Low,The answer directly conflicts with the information in the retrieved context.,training note
1164,Sports,statistics,win rate workflow,What is the correct answer regarding win rate workflow?,The source says that win rate workflow is linked to decrease number 11. A weekly review is also mentioned in the same passage. The document keeps the explanation focused on the statistics use case.,"The key point is that win rate workflow is linked to decrease number 11, and the passage also mentions a weekly review.","The key point is that win rate workflow is linked to decrease number 11, but the supporting reference points to another passage.",Wrong Citation,Medium,Medium,"The answer may be correct, but the cited source or evidence reference is incorrect or mismatched.",support ticket
1165,Education,course selection,statistics,What is the correct answer regarding statistics?,The evidence shows that statistics is linked to warning sign number 15. A weekly review is also mentioned in the same passage. The document keeps the explanation focused on the course selection use case.,"The key point is that statistics is linked to warning sign number 15, and the passage also mentions a weekly review.","The key point is that statistics is linked to warning sign number 15, and the passage also mentions a weekly review.",No Failure,Low,High,The answer is supported by the retrieved context and matches the expected response.,knowledge base article
1166,History,culture,trade routes,What is the correct answer regarding trade routes?,The source says that trade routes is linked to causal factor number 11. A priority order is also mentioned in the same passage. The document keeps the explanation focused on the culture use case.,"The key point is that trade routes is linked to causal factor number 11, and the passage also mentions a priority order.",The key point is that trade routes is linked to causal factor number 11.,Partial Answer,Medium,Medium,The response captures the core idea but leaves out an important supporting detail.,training note
1167,Legal,privacy,data retention guidance,"According to the provided context, what is the key point about data retention guidance?",The evidence shows that data retention guidance is linked to procedure number 4. A follow-up action is also mentioned in the same passage. The document keeps the explanation focused on the privacy use case.,"The key point is that data retention guidance is linked to procedure number 4, and the passage also mentions a follow-up action.",The context does not provide enough information to answer confidently.,Missing Context,Medium,Medium,The answer ignores useful evidence that is present in the retrieved context.,FAQ excerpt
1168,Sports,team strategy,set pieces overview,"According to the provided context, what is the key point about set pieces overview?",The source says that set pieces overview is linked to guideline number 11. A required step is also mentioned in the same passage. The document keeps the explanation focused on the team strategy use case.,"The key point is that set pieces overview is linked to guideline number 11, and the passage also mentions a required step.","Since set pieces overview mentions a required step, the model concludes an unrelated extra result that does not follow.",Reasoning Error,Medium,Medium,The model uses the available evidence but reaches an incorrect inference.,support ticket
1169,Technology,machine learning,overfitting benchmark,"According to the provided context, what is the key point about overfitting benchmark?",The evidence shows that overfitting benchmark is linked to causal factor number 10. A weekly review is also mentioned in the same passage. The document keeps the explanation focused on the machine learning use case.,"The key point is that overfitting benchmark is linked to causal factor number 10, and the passage also mentions a weekly review.","The key point is that overfitting benchmark is linked to causal factor number 10, and the passage also mentions a weekly review.",No Failure,Low,High,The answer is supported by the retrieved context and matches the expected response.,policy memo
1170,Science,earth science,climate patterns,Summarize the main fact about climate patterns from the passage.,The document explains that climate patterns is linked to threshold number 7. A priority order is also mentioned in the same passage. The document keeps the explanation focused on the earth science use case.,"The key point is that climate patterns is linked to threshold number 7, and the passage also mentions a priority order.","The key point is that climate patterns is linked to threshold number 7, and the passage also mentions a priority order.",No Failure,Low,High,The answer is supported by the retrieved context and matches the expected response.,knowledge base article
1171,History,event,industrial revolution,Which detail is supported by the context for industrial revolution?,The document explains that industrial revolution is linked to deadline number 3. A priority order is also mentioned in the same passage. The document keeps the explanation focused on the event use case.,"The key point is that industrial revolution is linked to deadline number 3, and the passage also mentions a priority order.",The answer concerns an unrelated topic and says that industrial revolution is mostly about a different domain.,Retrieval Failure,High,Low,The retrieved context is not relevant enough to answer the question well.,policy memo
1172,Travel,local rules,visa requirements benchmark,What is the correct answer regarding visa requirements benchmark?,The passage states that visa requirements benchmark is linked to threshold number 9. A priority order is also mentioned in the same passage. The document keeps the explanation focused on the local rules use case.,"The key point is that visa requirements benchmark is linked to threshold number 9, and the passage also mentions a priority order.","The key point is that visa requirements benchmark is not linked to threshold number 9; instead, it is linked to the opposite outcome.",Contradiction,High,Low,The answer directly conflicts with the information in the retrieved context.,training note
1173,History,leader,mauryan empire,Which detail is supported by the context for mauryan empire?,The context indicates that mauryan empire is linked to warning sign number 8. A required step is also mentioned in the same passage. The document keeps the explanation focused on the leader use case.,"The key point is that mauryan empire is linked to warning sign number 8, and the passage also mentions a required step.",The answer concerns an unrelated topic and says that mauryan empire is mostly about a different domain.,Retrieval Failure,High,Low,The retrieved context is not relevant enough to answer the question well.,support ticket
1174,Food,recipe,baking,Which detail is supported by the context for baking?,The context indicates that baking is linked to causal factor number 16. A weekly review is also mentioned in the same passage. The document keeps the explanation focused on the recipe use case.,"The key point is that baking is linked to causal factor number 16, and the passage also mentions a weekly review.",The context does not provide enough information to answer confidently.,Missing Context,Medium,Medium,The answer ignores useful evidence that is present in the retrieved context.,support ticket
1175,Sports,statistics,win rate workflow,Summarize the main fact about win rate workflow from the passage.,The evidence shows that win rate workflow is linked to warning sign number 8. A exception clause is also mentioned in the same passage. The document keeps the explanation focused on the statistics use case.,"The key point is that win rate workflow is linked to warning sign number 8, and the passage also mentions a exception clause.",The key point is that win rate workflow is linked to warning sign number 8.,Partial Answer,Medium,Medium,The response captures the core idea but leaves out an important supporting detail.,policy memo
1176,Healthcare,treatment,hypertension,"According to the provided context, what is the key point about hypertension?",The context indicates that hypertension is linked to warning sign number 3. A priority order is also mentioned in the same passage. The document keeps the explanation focused on the treatment use case.,"The key point is that hypertension is linked to warning sign number 3, and the passage also mentions a priority order.",The context does not provide enough information to answer confidently.,Missing Context,Medium,Medium,The answer ignores useful evidence that is present in the retrieved context.,policy memo
1177,Finance,credit,credit score,What is the correct answer regarding credit score?,The evidence shows that credit score is linked to procedure number 17. A estimated cost is also mentioned in the same passage. The document keeps the explanation focused on the credit use case.,"The key point is that credit score is linked to procedure number 17, and the passage also mentions a estimated cost.","The key point is that credit score is not linked to procedure number 17; instead, it is linked to the opposite outcome.",Contradiction,High,Low,The answer directly conflicts with the information in the retrieved context.,training note
1178,Science,environmental science,water quality guidance,Summarize the main fact about water quality guidance from the passage.,The passage states that water quality guidance is linked to recommended action number 16. A weekly review is also mentioned in the same passage. The document keeps the explanation focused on the environmental science use case.,"The key point is that water quality guidance is linked to recommended action number 16, and the passage also mentions a weekly review.","The key point is that water quality guidance is linked to recommended action number 16, and the passage also mentions a weekly review.",No Failure,Low,High,The answer is supported by the retrieved context and matches the expected response.,training note
1179,Travel,local rules,visa requirements,"According to the provided context, what is the key point about visa requirements?",The passage states that visa requirements is linked to procedure number 16. A verification step is also mentioned in the same passage. The document keeps the explanation focused on the local rules use case.,"The key point is that visa requirements is linked to procedure number 16, and the passage also mentions a verification step.","Since visa requirements mentions a verification step, the model concludes an unrelated extra result that does not follow.",Reasoning Error,Medium,Medium,The model uses the available evidence but reaches an incorrect inference.,knowledge base article
1180,Sports,training,recovery overview,What is the correct answer regarding recovery overview?,The document explains that recovery overview is linked to procedure number 15. A weekly review is also mentioned in the same passage. The document keeps the explanation focused on the training use case.,"The key point is that recovery overview is linked to procedure number 15, and the passage also mentions a weekly review.",The context does not provide enough information to answer confidently.,Missing Context,Medium,Medium,The answer ignores useful evidence that is present in the retrieved context.,support ticket
1181,Sports,tactics,pressing guidance,Which detail is supported by the context for pressing guidance?,The evidence shows that pressing guidance is linked to procedure number 5. A follow-up action is also mentioned in the same passage. The document keeps the explanation focused on the tactics use case.,"The key point is that pressing guidance is linked to procedure number 5, and the passage also mentions a follow-up action.","The key point is that pressing guidance is linked to procedure number 5, and the passage also mentions a follow-up action.",No Failure,Low,High,The answer is supported by the retrieved context and matches the expected response.,support ticket
1182,Legal,compliance,record keeping,"According to the provided context, what is the key point about record keeping?",The document explains that record keeping is linked to procedure number 16. A weekly review is also mentioned in the same passage. The document keeps the explanation focused on the compliance use case.,"The key point is that record keeping is linked to procedure number 16, and the passage also mentions a weekly review.","The key point is that record keeping is linked to procedure number 16, and the passage also mentions a weekly review.",No Failure,Low,High,The answer is supported by the retrieved context and matches the expected response.,training note
1183,Science,environmental science,water quality,Summarize the main fact about water quality from the passage.,The passage states that water quality is linked to decrease number 12. A follow-up action is also mentioned in the same passage. The document keeps the explanation focused on the environmental science use case.,"The key point is that water quality is linked to decrease number 12, and the passage also mentions a follow-up action.","Since water quality mentions a follow-up action, the model concludes an unrelated extra result that does not follow.",Reasoning Error,Medium,Medium,The model uses the available evidence but reaches an incorrect inference.,FAQ excerpt
1184,History,movement,civil rights,"According to the provided context, what is the key point about civil rights?",The source says that civil rights is linked to comparison number 14. A time window is also mentioned in the same passage. The document keeps the explanation focused on the movement use case.,"The key point is that civil rights is linked to comparison number 14, and the passage also mentions a time window.",The context does not provide enough information to answer confidently.,Missing Context,Medium,Medium,The answer ignores useful evidence that is present in the retrieved context.,FAQ excerpt
1185,Healthcare,treatment,hypertension policy,Which detail is supported by the context for hypertension policy?,The document explains that hypertension policy is linked to causal factor number 9. A best practice is also mentioned in the same passage. The document keeps the explanation focused on the treatment use case.,"The key point is that hypertension policy is linked to causal factor number 9, and the passage also mentions a best practice.","The key point is that hypertension policy is not linked to causal factor number 9; instead, it is linked to the opposite outcome.",Contradiction,High,Low,The answer directly conflicts with the information in the retrieved context.,FAQ excerpt
1186,Education,learning strategy,note taking benchmark,Summarize the main fact about note taking benchmark from the passage.,The evidence shows that note taking benchmark is linked to increase number 13. A verification step is also mentioned in the same passage. The document keeps the explanation focused on the learning strategy use case.,"The key point is that note taking benchmark is linked to increase number 13, and the passage also mentions a verification step.","The key point is that note taking benchmark is linked to increase number 13, and the passage also mentions a verification step.",No Failure,Low,High,The answer is supported by the retrieved context and matches the expected response.,knowledge base article
1187,Travel,safety,emergency contacts workflow,Which detail is supported by the context for emergency contacts workflow?,The passage states that emergency contacts workflow is linked to comparison number 7. A follow-up action is also mentioned in the same passage. The document keeps the explanation focused on the safety use case.,"The key point is that emergency contacts workflow is linked to comparison number 7, and the passage also mentions a follow-up action.","Since emergency contacts workflow mentions a follow-up action, the model concludes an unrelated extra result that does not follow.",Reasoning Error,Medium,Medium,The model uses the available evidence but reaches an incorrect inference.,policy memo
1188,Legal,contract clause,termination guidance,Summarize the main fact about termination guidance from the passage.,The document explains that termination guidance is linked to deadline number 2. A risk factor is also mentioned in the same passage. The document keeps the explanation focused on the contract clause use case.,"The key point is that termination guidance is linked to deadline number 2, and the passage also mentions a risk factor.",The key point is that termination guidance is linked to deadline number 2.,Partial Answer,Medium,Medium,The response captures the core idea but leaves out an important supporting detail.,policy memo
1189,Food,meal planning,portion control policy,What is the correct answer regarding portion control policy?,The source says that portion control policy is linked to procedure number 6. A exception clause is also mentioned in the same passage. The document keeps the explanation focused on the meal planning use case.,"The key point is that portion control policy is linked to procedure number 6, and the passage also mentions a exception clause.","The key point is that portion control policy is linked to procedure number 6, and the passage also mentions a exception clause.",No Failure,Low,High,The answer is supported by the retrieved context and matches the expected response.,support ticket
1190,Travel,safety,emergency contacts,What is the correct answer regarding emergency contacts?,The context indicates that emergency contacts is linked to decrease number 5. A required step is also mentioned in the same passage. The document keeps the explanation focused on the safety use case.,"The key point is that emergency contacts is linked to decrease number 5, and the passage also mentions a required step.","Since emergency contacts mentions a required step, the model concludes an unrelated extra result that does not follow.",Reasoning Error,Medium,Medium,The model uses the available evidence but reaches an incorrect inference.,support ticket
1191,Food,food safety,storage temperature,What does the document say about storage temperature?,The document explains that storage temperature is linked to increase number 1. A risk factor is also mentioned in the same passage. The document keeps the explanation focused on the food safety use case.,"The key point is that storage temperature is linked to increase number 1, and the passage also mentions a risk factor.","The key point is that storage temperature is linked to increase number 1, but the supporting reference points to another passage.",Wrong Citation,Medium,Medium,"The answer may be correct, but the cited source or evidence reference is incorrect or mismatched.",knowledge base article
1192,Travel,booking,cancellation policy overview,Which detail is supported by the context for cancellation policy overview?,The context indicates that cancellation policy overview is linked to recommended action number 12. A verification step is also mentioned in the same passage. The document keeps the explanation focused on the booking use case.,"The key point is that cancellation policy overview is linked to recommended action number 12, and the passage also mentions a verification step.",The answer concerns an unrelated topic and says that cancellation policy overview is mostly about a different domain.,Retrieval Failure,High,Low,The retrieved context is not relevant enough to answer the question well.,knowledge base article
1193,Legal,contract clause,termination overview,Which detail is supported by the context for termination overview?,The document explains that termination overview is linked to deadline number 11. A estimated cost is also mentioned in the same passage. The document keeps the explanation focused on the contract clause use case.,"The key point is that termination overview is linked to deadline number 11, and the passage also mentions a estimated cost.",The key point is that termination overview is linked to deadline number 11.,Partial Answer,Medium,Medium,The response captures the core idea but leaves out an important supporting detail.,training note
1194,Legal,consumer rights,refund policy,Which detail is supported by the context for refund policy?,The evidence shows that refund policy is linked to warning sign number 7. A risk factor is also mentioned in the same passage. The document keeps the explanation focused on the consumer rights use case.,"The key point is that refund policy is linked to warning sign number 7, and the passage also mentions a risk factor.",The key point is that refund policy is linked to warning sign number 7.,Partial Answer,Medium,Medium,The response captures the core idea but leaves out an important supporting detail.,support ticket
1195,Legal,intellectual property,copyright,What does the document say about copyright?,The evidence shows that copyright is linked to threshold number 10. A exception clause is also mentioned in the same passage. The document keeps the explanation focused on the intellectual property use case.,"The key point is that copyright is linked to threshold number 10, and the passage also mentions a exception clause.",The answer concerns an unrelated topic and says that copyright is mostly about a different domain.,Retrieval Failure,High,Low,The retrieved context is not relevant enough to answer the question well.,knowledge base article
1196,Travel,local rules,visa requirements,Summarize the main fact about visa requirements from the passage.,The evidence shows that visa requirements is linked to causal factor number 3. A verification step is also mentioned in the same passage. The document keeps the explanation focused on the local rules use case.,"The key point is that visa requirements is linked to causal factor number 3, and the passage also mentions a verification step.","Since visa requirements mentions a verification step, the model concludes an unrelated extra result that does not follow.",Reasoning Error,Medium,Medium,The model uses the available evidence but reaches an incorrect inference.,knowledge base article
1197,Healthcare,diagnosis,type 2 diabetes policy,Which detail is supported by the context for type 2 diabetes policy?,The passage states that type 2 diabetes policy is linked to warning sign number 9. A exception clause is also mentioned in the same passage. The document keeps the explanation focused on the diagnosis use case.,"The key point is that type 2 diabetes policy is linked to warning sign number 9, and the passage also mentions a exception clause.",The context does not provide enough information to answer confidently.,Missing Context,Medium,Medium,The answer ignores useful evidence that is present in the retrieved context.,knowledge base article
1198,History,leader,mauryan empire overview,Which detail is supported by the context for mauryan empire overview?,The source says that mauryan empire overview is linked to deadline number 11. A exception clause is also mentioned in the same passage. The document keeps the explanation focused on the leader use case.,"The key point is that mauryan empire overview is linked to deadline number 11, and the passage also mentions a exception clause.",The answer concerns an unrelated topic and says that mauryan empire overview is mostly about a different domain.,Retrieval Failure,High,Low,The retrieved context is not relevant enough to answer the question well.,FAQ excerpt
1199,Technology,security,password hashing,What is the correct answer regarding password hashing?,The document explains that password hashing is linked to deadline number 12. A verification step is also mentioned in the same passage. The document keeps the explanation focused on the security use case.,"The key point is that password hashing is linked to deadline number 12, and the passage also mentions a verification step.",The answer concerns an unrelated topic and says that password hashing is mostly about a different domain.,Retrieval Failure,High,Low,The retrieved context is not relevant enough to answer the question well.,training note
1200,Technology,security,password hashing,"According to the provided context, what is the key point about password hashing?",The passage states that password hashing is linked to decrease number 7. A best practice is also mentioned in the same passage. The document keeps the explanation focused on the security use case.,"The key point is that password hashing is linked to decrease number 7, and the passage also mentions a best practice.",The context does not provide enough information to answer confidently.,Missing Context,Medium,Medium,The answer ignores useful evidence that is present in the retrieved context.,knowledge base article
